--
-- PostgreSQL database dump
--

-- Dumped from database version 13.2
-- Dumped by pg_dump version 13.2

SET statement_timeout = 0;
SET lock_timeout = 0;
SET idle_in_transaction_session_timeout = 0;
SET client_encoding = 'UTF8';
SET standard_conforming_strings = on;
SELECT pg_catalog.set_config('search_path', '', false);
SET check_function_bodies = false;
SET xmloption = content;
SET client_min_messages = warning;
SET row_security = off;

--
-- Data for Name: countries; Type: TABLE DATA; Schema: public; Owner: postgres
--

COPY public.countries (id, name, code) FROM stdin;
1	Afghanistan	AF
2	Åland Islands	AX
3	Albania	AL
4	Algeria	DZ
5	American Samoa	AS
6	Andorra	AD
7	Angola	AO
8	Anguilla	AI
9	Antarctica	AQ
10	Antigua and Barbuda	AG
11	Argentina	AR
12	Armenia	AM
13	Aruba	AW
14	Australia	AU
15	Austria	AT
16	Azerbaijan	AZ
17	Bahamas	BS
18	Bahrain	BH
19	Bangladesh	BD
20	Barbados	BB
21	Belarus	BY
22	Belgium	BE
23	Belize	BZ
24	Benin	BJ
25	Bermuda	BM
26	Bhutan	BT
27	Bolivia	BO
28	Bonaire, Sint Eustatius and Saba	BQ
29	Bosnia and Herzegovina	BA
30	Botswana	BW
31	Bouvet Island (Bouvetøya)	BV
32	Brazil	BR
33	British Indian Ocean Territory (Chagos Archipelago)	IO
34	British Virgin Islands	VG
35	Brunei Darussalam	BN
36	Bulgaria	BG
37	Burkina Faso	BF
38	Burundi	BI
39	Cambodia	KH
40	Cameroon	CM
41	Canada	CA
42	Cabo Verde	CV
43	Cayman Islands	KY
44	Central African Republic	CF
45	Chad	TD
46	Chile	CL
47	China	CN
48	Christmas Island	CX
49	Cocos (Keeling) Islands	CC
50	Colombia	CO
51	Comoros	KM
52	Congo	CD
53	Congo	CG
54	Cook Islands	CK
55	Costa Rica	CR
56	Cote d'Ivoire	CI
57	Croatia	HR
58	Cuba	CU
59	Curaçao	CW
60	Cyprus	CY
61	Czechia	CZ
62	Denmark	DK
63	Djibouti	DJ
64	Dominica	DM
65	Dominican Republic	DO
66	Ecuador	EC
67	Egypt	EG
68	El Salvador	SV
69	Equatorial Guinea	GQ
70	Eritrea	ER
71	Estonia	EE
72	Ethiopia	ET
73	Faroe Islands	FO
74	Falkland Islands (Malvinas)	FK
75	Fiji	FJ
76	Finland	FI
77	France	FR
78	French Guiana	GF
79	French Polynesia	PF
80	French Southern Territories	TF
81	Gabon	GA
82	Gambia	GM
83	Georgia	GE
84	Germany	DE
85	Ghana	GH
86	Gibraltar	GI
87	Greece	GR
88	Greenland	GL
89	Grenada	GD
90	Guadeloupe	GP
91	Guam	GU
92	Guatemala	GT
93	Guernsey	GG
94	Guinea	GN
95	Guinea-Bissau	GW
96	Guyana	GY
97	Haiti	HT
98	Heard Island and McDonald Islands	HM
99	Holy See (Vatican City State)	VA
100	Honduras	HN
101	Hong Kong	HK
102	Hungary	HU
103	Iceland	IS
104	India	IN
105	Indonesia	ID
106	Iran	IR
107	Iraq	IQ
108	Ireland	IE
109	Isle of Man	IM
110	Israel	IL
111	Italy	IT
112	Jamaica	JM
113	Japan	JP
114	Jersey	JE
115	Jordan	JO
116	Kazakhstan	KZ
117	Kenya	KE
118	Kiribati	KI
119	Korea	KP
120	Korea	KR
121	Kuwait	KW
122	Kyrgyz Republic	KG
123	Lao People's Democratic Republic	LA
124	Latvia	LV
125	Lebanon	LB
126	Lesotho	LS
127	Liberia	LR
128	Libya	LY
129	Liechtenstein	LI
130	Lithuania	LT
131	Luxembourg	LU
132	Macao	MO
133	Madagascar	MG
134	Malawi	MW
135	Malaysia	MY
136	Maldives	MV
137	Mali	ML
138	Malta	MT
139	Marshall Islands	MH
140	Martinique	MQ
141	Mauritania	MR
142	Mauritius	MU
143	Mayotte	YT
144	Mexico	MX
145	Micronesia	FM
146	Moldova	MD
147	Monaco	MC
148	Mongolia	MN
149	Montenegro	ME
150	Montserrat	MS
151	Morocco	MA
152	Mozambique	MZ
153	Myanmar	MM
154	Namibia	NA
155	Nauru	NR
156	Nepal	NP
157	Netherlands	NL
158	New Caledonia	NC
159	New Zealand	NZ
160	Nicaragua	NI
161	Niger	NE
162	Nigeria	NG
163	Niue	NU
164	Norfolk Island	NF
165	North Macedonia	MK
166	Northern Mariana Islands	MP
167	Norway	NO
168	Oman	OM
169	Pakistan	PK
170	Palau	PW
171	Palestine	PS
172	Panama	PA
173	Papua New Guinea	PG
174	Paraguay	PY
175	Peru	PE
176	Philippines	PH
177	Pitcairn Islands	PN
178	Poland	PL
179	Portugal	PT
180	Puerto Rico	PR
181	Qatar	QA
182	Réunion	RE
183	Romania	RO
184	Russian Federation	RU
185	Rwanda	RW
186	Saint Barthélemy	BL
187	Saint Helena, Ascension and Tristan da Cunha	SH
188	Saint Kitts and Nevis	KN
189	Saint Lucia	LC
190	Saint Martin	MF
191	Saint Pierre and Miquelon	PM
192	Saint Vincent and the Grenadines	VC
193	Samoa	WS
194	San Marino	SM
195	Sao Tome and Principe	ST
196	Saudi Arabia	SA
197	Senegal	SN
198	Serbia	RS
199	Seychelles	SC
200	Sierra Leone	SL
201	Singapore	SG
202	Sint Maarten (Dutch part)	SX
203	Slovakia (Slovak Republic)	SK
204	Slovenia	SI
205	Solomon Islands	SB
206	Somalia	SO
207	South Africa	ZA
208	South Georgia and the South Sandwich Islands	GS
209	South Sudan	SS
210	Spain	ES
211	Sri Lanka	LK
212	Sudan	SD
213	Suriname	SR
214	Svalbard & Jan Mayen Islands	SJ
215	Eswatini	SZ
216	Sweden	SE
217	Switzerland	CH
218	Syrian Arab Republic	SY
219	Taiwan	TW
220	Tajikistan	TJ
221	Tanzania	TZ
222	Thailand	TH
223	Timor-Leste	TL
224	Togo	TG
225	Tokelau	TK
226	Tonga	TO
227	Trinidad and Tobago	TT
228	Tunisia	TN
229	Turkey	TR
230	Turkmenistan	TM
231	Turks and Caicos Islands	TC
232	Tuvalu	TV
233	Uganda	UG
234	Ukraine	UA
235	United Arab Emirates	AE
236	United Kingdom of Great Britain and Northern Ireland	GB
237	United States of America	US
238	United States Minor Outlying Islands	UM
239	United States Virgin Islands	VI
240	Uruguay	UY
241	Uzbekistan	UZ
242	Vanuatu	VU
243	Venezuela	VE
244	Vietnam	VN
245	Wallis and Futuna	WF
246	Western Sahara	EH
247	Yemen	YE
248	Zambia	ZM
249	Zimbabwe	ZW
250	Europe	EU
251	England	EN
252	Wales	WA
253	Scotland	AB
254	Northern Ireland	TE
509	Kosovo	XK
\.


--
-- Data for Name: competitions; Type: TABLE DATA; Schema: public; Owner: postgres
--

COPY public.competitions (id, name, country_id, football_data_id, football_data_plan) FROM stdin;
146	Primera B Nacional	11	2023	4
147	Superliga Argentina	11	2024	2
148	Supercopa Argentina	11	2025	4
149	Copa Liga Profesional	11	2149	4
150	A League	14	2008	2
151	FFA Cup	14	2026	4
152	Erste Liga	15	2020	4
153	Bundesliga	15	2012	3
154	Playoffs 1/2	15	2022	2
155	ÖFB Cup	15	2027	4
156	Coupe de Belgique	22	2028	4
157	Division 1B	22	2033	4
158	Jupiler Pro League	22	2009	2
159	Supercoupe de Belgique	22	2010	4
160	Playoffs II	22	2032	4
161	LFPB	27	2034	4
162	Premier Liga	29	2035	4
163	Copa do Brasil	32	2037	4
164	Série D	32	2038	4
165	Série C	32	2036	4
166	Série B	32	2029	3
167	Série A	32	2013	1
168	Kupa na Bulgarija	36	2039	4
169	A PFG	36	2040	4
170	Canadian Championship	41	2041	4
171	Primera División	46	2048	3
172	Playoffs 1/2	46	2042	4
173	Supercopa de Chile	46	2043	4
174	Chinese Super League	47	2044	4
175	Liga Postobón	50	2045	4
176	Superliga de Colombia	50	2046	4
177	Prva Liga	57	2047	4
178	Synot Liga	61	2049	4
179	DBU Pokalen	62	2051	4
180	Superliga	62	2050	3
181	Play Offs 1/2	62	2141	4
182	Copa Pilsener Serie A	66	2052	4
183	Football League Cup	251	2139	3
184	FA Community Shield	251	2056	4
185	FA Cup	251	2055	2
186	National League	251	2053	4
187	League Two	251	2054	3
188	League One	251	2030	2
189	Championship	251	2016	1
190	Premier League	251	2021	1
191	Meistriliiga	71	2057	4
193	European Championship	250	2018	1
194	UEFA Champions League	250	2001	1
195	UEFA Women's EURO	250	2058	4
196	WC Qualification	250	2007	4
197	Suomen Cup	76	2059	4
198	Veikkausliiga	76	2031	3
199	Coupe de la Ligue	77	2135	4
200	Ligue 2	77	2142	2
201	Ligue 1	77	2015	1
202	Playoffs 1/2	77	2143	4
203	Trophée des Champions	77	2136	4
204	Playoffs 2/3	77	2144	4
205	Coupe de France	77	2138	4
206	DFB-Pokal	84	2011	2
207	Regionalliga	84	2129	3
208	3. Liga	84	2140	3
209	2. Bundesliga	84	2004	2
210	Bundesliga	84	2002	1
211	Frauen Bundesliga	84	2133	4
212	DFL Super Cup	84	2134	4
213	Greek Cup	87	2131	4
214	Super League	87	2132	4
215	Souper Kap Ellados	87	2150	4
216	Magyar Kupa	102	2130	4
217	NB I	102	2128	3
218	Úrvalsdeild	103	2127	4
219	I-League	104	2126	4
220	Ligat ha'Al	110	2125	4
221	Supercoppa	111	2124	4
222	Coppa Italia	111	2122	3
223	Serie C	111	2123	4
224	Serie B	111	2121	2
225	Serie A	111	2019	1
226	J.League Cup	113	2118	4
227	J. League Division 2	113	2117	4
228	J. League	113	2119	2
229	Super Cup	113	2120	4
230	Virslīga	124	2116	4
231	A Lyga	130	2115	4
232	Premier League	138	2114	4
233	Copa MX	144	2111	4
234	SuperCopa MX	144	2112	4
235	Liga MX	144	2113	3
236	KNVB Beker	157	2109	3
237	Jupiler League	157	2005	3
238	Eredivisie	157	2003	1
239	Johan Cruijff Schaal	157	2110	4
240	League Cup	254	2108	4
241	Premiership	254	2107	4
242	Tippeligaen	167	2106	3
243	1. divisjon	167	2105	4
244	Playoffs 1/2	167	2104	4
245	Liga Panameña de Fútbol	172	2102	4
246	Primera División	175	2101	3
247	Superpuchar Polski	178	2099	4
248	Puchar Polski	178	2100	4
249	Taça de Portugal	179	2098	4
250	Liga2 Cabovisão	179	2096	4
251	Primeira Liga	179	2017	1
252	Supertaça Cândido de Oliveira	179	2097	4
253	Premier Division	108	2095	4
254	Liga II	183	2092	4
255	Liga I	183	2094	3
256	Supercupa României	183	2093	4
257	Russian Cup	184	2089	4
258	FNL	184	2088	4
260	Playoffs 1/2	184	2090	4
261	Russian Super Cup	184	2091	4
262	Scottish Cup	253	2087	4
263	Championship	253	2085	4
265	Playoffs 2/3	253	2086	4
266	ABSA Premiership	207	2083	4
267	Copa del Rey	210	2079	3
268	Segunda División	210	2077	2
269	Primera Division	210	2014	1
270	Supercopa de España	210	2078	4
271	Superettan	216	2074	4
272	Allsvenskan	216	2073	3
273	Playoffs 2/3	216	2075	4
274	Playoffs 1/2	216	2076	4
275	Svenska Supercupen	216	2151	4
276	Schweizer Pokal	217	2071	4
277	Super League	217	2072	3
278	1. Lig	229	2068	4
279	Süper Lig	229	2070	3
280	TFF Süper Kupa	229	2069	4
281	Kubok Ukrainy	234	2065	4
282	Premier Liha	234	2064	3
283	Playoffs 1/2	234	2066	4
284	Superkubok Ukrainy	234	2067	4
285	MLS	237	2145	2
286	Primera División	240	2063	4
287	Supercopa Uruguaya	240	2148	4
288	Primera División	243	2062	4
289	V-League	244	2061	4
290	Welsh Premier League	252	2060	4
192	UEFA Europa League	250	2146	1
259	RFPL	184	2137	1
264	Premier League	253	2084	1
\.


--
-- Data for Name: fpl_gameweeks; Type: TABLE DATA; Schema: public; Owner: postgres
--

COPY public.fpl_gameweeks (id, season, gameweek, deadline) FROM stdin;
1	2020	1	2020-09-12 10:00:00+00
2	2020	2	2020-09-19 10:00:00+00
3	2020	3	2020-09-26 10:00:00+00
4	2020	4	2020-10-03 10:00:00+00
5	2020	5	2020-10-17 10:00:00+00
6	2020	6	2020-10-23 17:30:00+00
7	2020	7	2020-10-30 18:30:00+00
8	2020	8	2020-11-06 16:00:00+00
9	2020	9	2020-11-21 11:00:00+00
10	2020	10	2020-11-27 18:30:00+00
11	2020	11	2020-12-05 11:00:00+00
12	2020	12	2020-12-11 18:30:00+00
13	2020	13	2020-12-15 16:30:00+00
14	2020	14	2020-12-19 11:00:00+00
15	2020	15	2020-12-26 11:00:00+00
16	2020	16	2020-12-28 13:30:00+00
17	2020	17	2021-01-01 16:00:00+00
18	2020	18	2021-01-12 16:30:00+00
19	2020	19	2021-01-16 11:00:00+00
20	2020	20	2021-01-26 16:30:00+00
21	2020	21	2021-01-30 11:00:00+00
22	2020	22	2021-02-02 16:30:00+00
23	2020	23	2021-02-06 11:00:00+00
24	2020	24	2021-02-13 11:00:00+00
25	2020	25	2021-02-19 18:30:00+00
26	2020	26	2021-02-27 11:00:00+00
27	2020	27	2021-03-06 11:00:00+00
28	2020	28	2021-03-12 18:30:00+00
29	2020	29	2021-03-19 18:30:00+00
30	2020	30	2021-04-03 10:00:00+00
31	2020	31	2021-04-09 17:30:00+00
32	2020	32	2021-04-16 17:30:00+00
33	2020	33	2021-04-23 17:30:00+00
34	2020	34	2021-04-30 17:30:00+00
35	2020	35	2021-05-07 17:30:00+00
36	2020	36	2021-05-14 17:30:00+00
37	2020	37	2021-05-19 17:15:00+00
38	2020	38	2021-05-23 13:30:00+00
\.


--
-- Data for Name: positions; Type: TABLE DATA; Schema: public; Owner: postgres
--

COPY public.positions (id, name, position_category) FROM stdin;
1	GK	Goalkeeper
2	DL	Defender
3	DC	Defender
4	DR	Defender
5	DML	Midfielder
6	DMC	Midfielder
7	DMR	Midfielder
8	ML	Midfielder
9	MC	Midfielder
10	MR	Midfielder
11	AML	Midfielder
12	AMC	Midfielder
13	AMR	Midfielder
14	FWL	Forward
15	FW	Forward
16	FWR	Forward
\.


--
-- Name: competitions_id_seq; Type: SEQUENCE SET; Schema: public; Owner: postgres
--

SELECT pg_catalog.setval('public.competitions_id_seq', 290, true);


--
-- Name: countries_id_seq; Type: SEQUENCE SET; Schema: public; Owner: postgres
--

SELECT pg_catalog.setval('public.countries_id_seq', 509, true);


--
-- Name: fpl_gameweeks_id_seq; Type: SEQUENCE SET; Schema: public; Owner: postgres
--

SELECT pg_catalog.setval('public.fpl_gameweeks_id_seq', 38, true);


--
-- Name: positions_id_seq; Type: SEQUENCE SET; Schema: public; Owner: postgres
--

SELECT pg_catalog.setval('public.positions_id_seq', 16, true);


--
-- PostgreSQL database dump complete
--

COPY public.players (id, first_name, last_name, country_id, football_data_id, understat_id, fpl_id) FROM stdin;
1989	David	Luiz	32	7805	1676	41270
1766	Robin	Koch	84	9479	6273	193645
2238	Dane	Scarlett	251	156616	9332	490145
1902	Ben	Osborn	251	11296	7714	167878
1870	Davinson	Sánchez	50	3733	6249	173904
2223	Hugo	Bueno	210	157709	\N	490721
2143	Cenk	Tosun	229	7854	6477	66838
2155	Emerson		111	7809	1245	109533
4704	Diogo	Dalot	179	15905	7281	216051
7288	Kevin	McDonald	253	3967	6836	55038
\.
COPY public.fpl_players_gameweeks (id, player_id, fpl_gameweek_id, total_points, bonus_points, bps, value, selected, transfers_in, transfers_out) FROM stdin;
69	1989	1	0	0	0	5.5	69564	0	0
70	1989	2	1	0	3	5.5	49797	1738	25193
71	1989	3	1	0	11	5.5	61983	7407	6696
72	1989	4	2	0	13	5.5	69592	6180	4916
73	1989	5	2	0	12	5.5	73952	5063	6195
74	1989	6	1	0	12	5.5	79892	6821	4425
75	1989	7	0	0	0	5.5	72271	2305	10915
76	1989	8	0	0	0	5.5	68445	1916	6776
77	1989	9	0	0	0	5.5	71295	3796	3587
78	1989	10	0	0	1	5.5	69062	1475	4462
79	1989	11	0	0	0	5.5	63329	143	5945
80	1989	12	0	0	0	5.5	60432	101	3360
81	1989	13	1	0	4	5.5	58844	40	1803
82	1989	14	1	0	14	5.4	59159	855	939
83	1989	15	0	0	0	5.4	59418	1037	1534
84	1989	16	0	0	0	5.4	58025	164	1638
85	1989	17	0	0	0	5.4	56695	73	1487
86	1989	18	5	0	19	5.4	59279	1842	1435
87	1989	19	6	0	19	5.4	58406	923	643
88	1989	20	2	0	9	5.4	59961	1774	1099
89	1989	21	6	0	26	5.4	60191	900	1050
90	1989	22	-3	0	-5	5.4	65560	5240	891
91	1989	23	0	0	0	5.4	59297	197	6260
92	1989	24	1	0	13	5.4	60243	1353	1322
93	1989	25	1	0	1	5.4	61292	1385	1005
94	1989	26	8	0	25	5.4	61560	863	1241
95	1989	27	2	0	15	5.4	68830	7166	1213
96	1989	28	2	0	14	5.4	67480	1697	3351
97	1989	29	1	0	17	5.4	92390	12847	1964
98	1989	30	0	0	0	5.4	73624	1128	6994
99	1989	31	0	0	0	5.4	67954	73	5811
100	1989	32	0	0	0	5.4	65203	48	2856
101	1989	33	0	0	0	5.4	63896	56	1379
102	1989	34	1	0	7	5.4	63585	204	627
4402	2155	1	0	0	0	5.0	11017	0	0
4403	2155	2	0	0	0	5.0	12610	430	2242
4404	2155	3	0	0	0	4.9	12263	608	2200
4405	2155	4	0	0	0	4.9	11795	457	1625
4406	2155	5	0	0	0	4.9	11355	403	1393
4407	2155	6	0	0	0	4.8	11104	250	825
4408	2155	7	0	0	0	4.8	10886	227	720
4409	2155	8	0	0	0	4.8	10495	148	659
4410	2155	9	1	0	5	4.8	10318	159	583
4411	2155	10	0	0	0	4.8	10369	158	281
4412	2155	11	0	0	0	4.7	10273	132	345
4413	2155	12	0	0	0	4.7	10225	130	337
4414	2155	13	0	0	0	4.7	10183	83	220
4415	2155	14	6	0	19	4.7	10118	96	260
4416	2155	15	0	0	0	4.7	14680	4569	667
4417	2155	16	0	0	0	4.7	12561	280	2192
4418	2155	17	0	0	0	4.7	11567	140	1247
4419	2155	19	0	0	0	4.7	11235	205	401
4420	2155	20	0	0	0	4.7	11073	139	428
4421	2155	21	0	0	0	4.7	10999	81	221
4422	2155	22	0	0	0	4.7	10947	75	199
4423	2155	23	0	0	0	4.7	10953	129	220
4424	2155	24	0	0	0	4.7	10996	132	263
4425	2155	25	0	0	0	4.7	11048	143	194
4426	2155	26	0	0	0	4.7	11052	133	245
4427	2155	27	0	0	0	4.7	11062	80	164
4428	2155	28	0	0	0	4.7	11081	97	152
4429	2155	30	0	0	0	4.7	11228	140	99
4430	2155	31	0	0	0	4.7	11284	101	111
4431	2155	32	0	0	0	4.7	11311	76	112
4432	2155	33	0	0	0	4.7	11355	84	86
4433	2155	34	0	0	0	4.7	11406	84	89
6113	2143	1	0	0	0	6.0	444	0	0
6114	2143	2	0	0	0	6.0	524	80	126
6115	2143	3	0	0	0	6.0	509	64	129
6116	2143	4	0	0	0	6.0	523	69	98
6117	2143	5	0	0	0	6.0	551	102	118
6118	2143	6	0	0	0	6.0	544	41	71
6119	2143	7	1	0	4	6.0	552	38	46
6120	2143	8	0	0	-1	6.0	866	194	67
6121	2143	9	0	0	0	6.0	1324	252	154
6122	2143	10	0	0	0	6.0	1449	129	151
6123	2143	11	1	0	3	6.0	1633	169	149
6124	2143	12	0	0	0	6.0	1812	127	165
6125	2143	13	0	0	0	6.0	1861	77	131
6126	2143	14	1	0	3	6.0	1945	84	117
6127	2143	15	0	0	0	6.0	2153	179	200
6128	2143	17	1	0	3	6.0	2353	145	158
6129	2143	18	0	0	0	6.0	13893	4993	908
6130	2143	20	0	0	0	6.0	3882	268	1138
6131	2143	21	0	0	0	6.0	3671	179	480
6132	2143	22	0	0	0	6.0	3372	106	475
6133	2143	23	0	0	0	6.0	2930	0	442
6134	2143	24	0	0	0	6.0	2731	0	206
6135	2143	25	0	0	0	6.0	2652	0	87
6136	2143	26	0	0	0	6.0	2590	0	58
6137	2143	27	0	0	0	6.0	2557	0	34
6138	2143	28	0	0	0	6.0	2529	0	29
6139	2143	30	0	0	0	6.0	2489	0	18
6140	2143	31	0	0	0	6.0	2483	0	8
6141	2143	32	0	0	0	6.0	2476	0	7
6142	2143	33	0	0	0	6.0	2465	0	10
6143	2143	34	0	0	0	6.0	2455	0	11
6999	7288	1	0	0	0	5.0	5028	0	0
7000	7288	2	0	0	0	4.9	4281	134	1425
7001	7288	3	0	0	0	4.9	3679	204	1055
7002	7288	4	0	0	0	4.8	3506	226	590
7003	7288	5	0	0	0	4.8	3233	133	539
7004	7288	6	0	0	0	4.8	2824	60	502
7005	7288	7	0	0	0	4.8	2424	8	429
7006	7288	8	0	0	0	4.7	2183	10	266
7007	7288	9	0	0	0	4.7	2025	31	186
7008	7288	10	0	0	0	4.7	1938	3	95
7009	7288	11	0	0	0	4.7	1866	15	91
7010	7288	12	0	0	0	4.7	1874	70	73
7011	7288	13	0	0	0	4.7	1802	3	74
7012	7288	14	0	0	0	4.7	1774	5	37
7013	7288	15	0	0	0	4.7	1736	7	43
7014	7288	18	0	0	0	4.7	1653	3	38
7015	7288	19	0	0	0	4.7	1648	6	20
7016	7288	20	0	0	0	4.7	1632	4	22
7017	7288	21	0	0	0	4.7	1609	0	20
7018	7288	22	0	0	0	4.7	1604	0	8
7019	7288	23	0	0	0	4.7	1596	0	8
7020	7288	24	0	0	0	4.7	1580	0	16
7021	7288	25	0	0	0	4.7	1573	0	8
7022	7288	26	0	0	0	4.7	1557	0	14
7023	7288	27	0	0	0	4.7	1556	0	3
7024	7288	28	0	0	0	4.7	1551	0	5
7025	7288	29	0	0	0	4.7	1547	0	5
7026	7288	30	0	0	0	4.7	1542	0	6
7027	7288	31	0	0	0	4.7	1540	0	2
7028	7288	32	0	0	0	4.7	1537	0	3
7029	7288	34	0	0	0	4.7	1529	0	4
9673	1766	1	0	0	14	4.5	33230	0	0
9674	1766	2	1	0	9	4.5	40440	5015	4659
9675	1766	3	6	0	25	4.5	39477	4413	7384
9676	1766	4	2	0	11	4.5	40604	2893	3363
9677	1766	5	2	0	16	4.5	44408	5438	3861
9678	1766	6	8	2	29	4.5	46458	4124	2842
9679	1766	7	0	0	8	4.5	65455	18372	2387
9680	1766	8	0	0	16	4.5	64921	4609	4801
9681	1766	9	6	0	28	4.5	59778	1499	6801
9682	1766	10	6	0	21	4.5	60051	1846	2394
9683	1766	11	1	0	3	4.5	61901	3393	2181
9684	1766	12	0	0	0	4.5	49018	561	13179
9685	1766	13	0	0	0	4.5	40474	53	8819
9686	1766	14	0	0	0	4.4	35375	49	5347
9687	1766	15	0	0	0	4.4	31048	108	4404
9688	1766	16	0	0	0	4.4	29599	30	1617
9689	1766	17	0	0	0	4.4	27736	52	1970
9690	1766	19	0	0	0	4.4	25097	53	843
9691	1766	20	0	0	0	4.3	24235	110	1073
9692	1766	21	0	0	0	4.3	23722	49	578
9693	1766	22	0	0	0	4.3	23249	35	514
9694	1766	23	0	0	0	4.3	22719	36	572
9695	1766	24	0	0	0	4.3	22196	44	568
9696	1766	25	0	0	0	4.3	21865	31	389
9697	1766	26	0	0	0	4.3	21537	43	374
9698	1766	27	0	0	0	4.3	21388	25	191
9699	1766	28	0	0	0	4.3	21260	28	169
9700	1766	29	1	0	3	4.3	21567	234	110
9701	1766	30	1	0	3	4.3	21480	122	129
9702	1766	31	1	0	4	4.3	21528	126	103
9703	1766	32	0	0	0	4.3	21607	150	121
9704	1766	33	1	0	2	4.3	21657	100	75
9705	1766	34	1	0	15	4.3	21661	69	82
12553	4704	2	0	0	0	5.0	4034	142	520
12554	4704	3	0	0	0	5.0	3871	107	748
12555	4704	4	0	0	0	4.9	3772	76	445
12556	4704	5	0	0	0	4.9	3039	46	839
12557	4704	6	0	0	0	4.9	2792	14	291
12558	4704	7	0	0	0	4.8	2641	17	188
12559	4704	8	0	0	0	4.8	2547	4	100
12560	4704	9	0	0	0	4.8	2446	5	108
12561	4704	10	0	0	0	4.8	2397	2	57
12562	4704	11	0	0	0	4.8	2358	3	46
12563	4704	12	0	0	0	4.8	2352	14	30
12564	4704	13	0	0	0	4.8	2326	0	29
12565	4704	14	0	0	0	4.8	2306	1	21
12566	4704	15	0	0	0	4.8	2293	10	31
12567	4704	16	0	0	0	4.8	2283	4	13
12568	4704	17	0	0	0	4.8	2271	9	20
12569	4704	18	0	0	0	4.8	2245	5	34
12570	4704	19	0	0	0	4.8	2245	4	8
12571	4704	20	0	0	0	4.8	2227	0	21
12572	4704	21	0	0	0	4.8	2220	0	8
12573	4704	22	0	0	0	4.8	2211	0	7
12574	4704	23	0	0	0	4.8	2199	0	14
12575	4704	24	0	0	0	4.8	2186	0	12
12576	4704	25	0	0	0	4.8	2178	0	9
12577	4704	26	0	0	0	4.8	2168	0	11
12578	4704	27	0	0	0	4.8	2158	0	10
12579	4704	28	0	0	0	4.8	2152	0	6
12580	4704	30	0	0	0	4.8	2142	0	6
12581	4704	31	0	0	0	4.8	2138	0	4
12582	4704	32	0	0	0	4.8	2138	0	0
12583	4704	33	0	0	0	4.8	2136	0	2
14468	1902	1	0	0	0	5.0	2316	0	0
14469	1902	2	1	0	2	5.0	2388	95	474
14470	1902	3	2	0	11	4.9	2274	82	394
14471	1902	4	2	0	10	4.9	2349	150	207
14472	1902	5	0	0	0	4.9	2365	140	249
14473	1902	6	2	0	12	4.9	2270	53	202
14474	1902	7	1	0	1	4.9	2292	115	154
14475	1902	8	1	0	3	4.9	2246	40	136
14476	1902	9	0	0	0	4.8	2216	42	129
14477	1902	10	0	0	0	4.8	2187	33	87
14478	1902	11	1	0	6	4.8	2108	18	121
14479	1902	12	0	0	0	4.8	2095	33	76
14480	1902	13	0	0	0	4.8	2082	41	66
14481	1902	14	0	0	3	4.8	2073	26	55
14482	1902	15	2	0	17	4.8	2075	39	75
14483	1902	16	2	0	14	4.8	2105	64	44
14484	1902	17	2	0	16	4.8	2137	71	64
14485	1902	18	3	0	17	4.8	3012	361	206
14486	1902	19	0	0	0	4.8	2254	66	157
14487	1902	20	0	0	0	4.8	2142	39	173
14488	1902	21	0	0	0	4.8	2051	36	131
14489	1902	22	0	0	0	4.7	1983	19	89
14490	1902	23	0	0	0	4.7	1929	7	64
14491	1902	24	2	0	19	4.7	1931	21	38
14492	1902	25	0	0	0	4.7	1975	69	48
14493	1902	26	1	0	2	4.7	1936	14	64
14494	1902	27	0	0	0	4.7	1957	32	24
14495	1902	28	0	0	0	4.7	1954	12	30
14496	1902	30	10	3	34	4.7	1968	27	14
14497	1902	31	2	0	8	4.7	2912	1001	121
14498	1902	32	2	0	10	4.7	3850	1221	335
14499	1902	33	3	0	11	4.7	3822	419	442
14500	1902	34	2	0	16	4.7	3651	172	342
16375	1870	1	0	0	0	5.5	62607	0	0
16376	1870	2	1	0	8	5.5	62588	1670	12191
16377	1870	3	2	0	11	5.5	66672	5021	7634
16378	1870	4	2	0	11	5.4	65080	1692	5700
16379	1870	5	-1	0	7	5.4	68827	5242	5128
16380	1870	6	0	0	0	5.4	68403	3535	4975
16381	1870	7	0	0	0	5.4	66996	2085	4506
16382	1870	8	0	0	0	5.4	63840	1251	5035
16383	1870	9	0	0	0	5.4	60366	798	4977
16384	1870	10	0	0	0	5.3	59242	1152	2954
16385	1870	11	0	0	0	5.3	58330	1292	2839
16386	1870	12	0	0	0	5.3	56957	836	2605
16387	1870	13	0	0	0	5.3	55914	294	1611
16388	1870	14	0	0	0	5.3	55043	381	1470
16389	1870	15	2	0	14	5.3	54300	687	1863
16390	1870	17	0	0	0	5.3	54938	574	848
16391	1870	18	2	0	13	5.2	54522	800	1842
16392	1870	19	1	0	3	5.2	54228	257	569
16393	1870	20	0	0	0	5.2	53836	334	1131
16394	1870	21	1	0	5	5.2	53632	205	578
16395	1870	22	0	0	0	5.2	53503	193	490
16396	1870	23	6	0	22	5.2	53446	389	695
16397	1870	24	1	0	14	5.2	54532	1297	781
16398	1870	25	1	0	13	5.2	55528	1580	987
16399	1870	26	6	0	27	5.2	59707	4898	1488
16400	1870	27	2	0	15	5.2	68504	9548	1161
16401	1870	28	0	0	14	5.2	69025	3384	2973
16402	1870	29	6	0	24	5.2	78072	6141	1602
16403	1870	30	1	0	10	5.2	74888	3321	2686
16404	1870	31	0	0	0	5.2	75593	4717	4137
16405	1870	32	0	0	0	5.2	78722	5893	3022
16406	1870	34	0	0	0	5.2	66719	335	2659
16887	2238	23	1	0	3	4.5	0	0	0
16888	2238	24	0	0	0	4.5	1678	1635	305
16889	2238	25	0	0	0	4.5	1687	642	696
16890	2238	26	0	0	0	4.5	2101	755	547
16891	2238	27	0	0	0	4.5	2244	478	423
16892	2238	28	0	0	0	4.5	2261	317	413
16893	2238	29	0	0	0	4.5	2237	242	330
16894	2238	30	0	0	0	4.5	2337	158	224
16895	2238	31	0	0	0	4.5	2422	180	164
16896	2238	32	0	0	0	4.5	2383	181	278
16897	2238	34	0	0	0	4.5	2226	102	148
20039	2223	21	0	0	0	4.0	0	0	0
20040	2223	22	0	0	0	4.0	207	147	22
20041	2223	23	0	0	0	4.0	506	210	72
20042	2223	24	0	0	0	4.0	892	246	109
20043	2223	25	0	0	0	4.0	1106	220	104
20044	2223	26	0	0	0	4.0	1377	248	185
20045	2223	27	0	0	0	4.0	1502	167	149
20046	2223	28	0	0	0	4.0	1614	140	136
20047	2223	30	0	0	0	4.0	1825	99	63
20048	2223	31	0	0	0	4.0	1986	166	81
20049	2223	32	0	0	0	4.0	2020	90	125
20050	2223	33	0	0	0	4.0	2097	93	83
20051	2223	34	0	0	0	4.0	2150	76	62
\.
COPY public.teams (id, name, football_data_id) FROM stdin;
21	Reading FC	355
22	Derby County FC	342
23	West Bromwich Albion FC	74
24	Bolton Wanderers FC	60
25	Wigan Athletic FC	75
26	Sheffield Wednesday FC	345
27	Birmingham City FC	332
28	Norwich City FC	68
29	Preston North End FC	1081
30	Queens Park Rangers FC	69
31	Bristol City FC	387
32	Nottingham Forest FC	351
33	Brentford FC	402
34	Rotherham United FC	385
35	Ipswich Town FC	349
36	Blackburn Rovers FC	59
37	Millwall FC	384
38	Middlesbrough FC	343
39	Sheffield United FC	356
40	Swansea City AFC	72
41	Leeds United FC	341
42	Stoke City FC	70
43	Hull City AFC	322
44	Aston Villa FC	58
45	Manchester United FC	66
46	Leicester City FC	338
47	Newcastle United FC	67
48	Tottenham Hotspur FC	73
49	Fulham FC	63
50	Crystal Palace FC	354
51	Huddersfield Town AFC	394
52	Chelsea FC	61
53	Watford FC	346
54	Brighton & Hove Albion FC	397
55	AFC Bournemouth	1044
56	Cardiff City FC	715
57	Wolverhampton Wanderers FC	76
58	Everton FC	62
59	Liverpool FC	64
60	West Ham United FC	563
61	Southampton FC	340
62	Burnley FC	328
63	Arsenal FC	57
64	Manchester City FC	65
73	F91 Diddeleng	1875
74	MOL Fehérvár FC	5961
76	Celtic FC	732
79	KF Shkëndija 79	7285
81	Malmö FF	749
84	Astana FK	1884
89	FK Crvena Zvezda	7283
92	PFK Ludogorets 1945 Razgrad	1901
93	Crusaders FC	5740
97	Qarabağ Ağdam FK	611
102	PAOK FC	6146
104	GNK Dinamo Zagreb	755
105	FK BATE Barysaŭ	748
106	AFC Ajax	678
108	SK Slavia Praha	930
109	FK Dynamo Kyiv	842
110	Royal Standard de Liège	1866
111	Sport Lisboa e Benfica	1903
116	PSV	674
117	BSC Young Boys	1871
118	FC Barcelona	81
119	FC Internazionale Milano	108
121	Club Atlético de Madrid	78
122	Club Brugge KV	851
123	Borussia Dortmund	4
124	Paris Saint-Germain FC	524
125	SSC Napoli	113
126	FC Schalke 04	6
127	FC Porto	503
131	TSG 1899 Hoffenheim	2
132	FC Bayern München	5
134	Real Madrid CF	86
135	AS Roma	100
138	Valencia CF	95
139	Juventus FC	109
145	Lille OSC	521
146	Stade Rennais FC 1901	529
157	SV Werder Bremen	12
158	Hannover 96	8
159	Hertha BSC	9
160	1. FC Nürnberg	14
161	TSV Fortuna 95 Düsseldorf	24
162	FC Augsburg	16
163	SC Freiburg	17
164	Eintracht Frankfurt	19
165	VfL Wolfsburg	11
166	Borussia Mönchengladbach	18
167	Bayer 04 Leverkusen	3
168	1. FSV Mainz 05	15
169	VfB Stuttgart	10
170	RB Leipzig	721
171	AC Chievo Verona	106
172	SS Lazio	110
173	Torino FC	586
174	Bologna FC 1909	103
175	SPAL 2013	1107
176	Parma Calcio 1913	112
177	Udinese Calcio	115
178	Empoli FC	445
179	Cagliari Calcio	104
180	US Sassuolo Calcio	471
181	Atalanta BC	102
182	Frosinone Calcio	470
183	AC Milan	98
184	ACF Fiorentina	99
185	Genoa CFC	107
186	UC Sampdoria	584
201	AZ	682
203	Vitória SC	5543
212	Rio Ave FC	496
214	Sporting Clube de Portugal	498
215	Sporting Clube de Braga	5613
221	Real Betis Balompié	90
224	RCD Espanyol de Barcelona	80
225	Villarreal CF	94
226	Real Sociedad de Fútbol	92
231	Sevilla FC	559
239	Luton Town FC	389
240	Charlton Athletic FC	348
241	Barnsley FC	357
253	ŠK Slovan Bratislava	7509
255	Dundalk FC	1873
258	PAE Olympiakos SFP	654
259	FC København	1876
261	FK Krasnodar	5452
262	Medipol Başakşehir FK	1897
263	LASK Linz	2016
268	SC Paderborn 07	29
269	1. FC Köln	1
270	1. FC Union Berlin	28
272	Brescia Calcio	449
273	Hellas Verona FC	450
274	US Lecce	5890
282	Granada CF	83
287	Wycombe Wanderers FC	1146
288	Coventry City FC	1076
296	Molde FK	5726
307	Beşiktaş JK	600
309	SK Rapid Wien	2014
313	Arminia Bielefeld	38
314	FC Crotone	472
315	Benevento Calcio	1106
316	Spezia Calcio	488
340	FC Pyunik Yerevan	7497
384	Shamrock Rovers FC	2921
386	FK Partizan Beograd	850
412	AC Sparta Praha	907
425	FK Vorskla Poltava	5198
456	Maccabi Haifa FC	884
479	PFK Lokomotiv 1936 Plovdiv	4398
485	Royal Antwerp FC	1864
489	RZ Pellets Wolfsberger AC	2018
501	FK Bodø/Glimt	5721
\.
COPY public.teams_competitions (id, team_id, competition_id, season) FROM stdin;
384	21	189	2018
657	21	189	2019
908	21	189	2020
385	22	189	2018
664	22	189	2019
907	22	189	2020
386	23	189	2018
660	23	189	2019
931	23	190	2020
387	24	189	2018
388	25	189	2018
649	25	189	2019
389	26	189	2018
658	26	189	2019
916	26	189	2020
390	27	189	2018
652	27	189	2019
901	27	189	2020
391	28	189	2018
666	28	190	2019
914	28	189	2020
392	29	189	2018
654	29	189	2019
909	29	189	2020
393	30	189	2018
648	30	189	2019
905	30	189	2020
394	31	189	2018
661	31	189	2019
911	31	189	2020
395	32	189	2018
659	32	189	2019
906	32	189	2020
396	33	189	2018
651	33	189	2019
902	33	189	2020
397	34	189	2018
904	34	189	2020
398	35	189	2018
399	36	189	2018
643	36	189	2019
922	36	189	2020
400	37	189	2018
653	37	189	2019
917	37	189	2020
401	38	189	2018
642	38	189	2019
900	38	189	2020
402	39	189	2018
676	39	190	2019
935	39	190	2020
403	40	189	2018
645	40	189	2019
910	40	189	2020
404	41	189	2018
662	41	189	2019
928	41	190	2020
405	42	189	2018
647	42	189	2019
918	42	189	2020
406	43	189	2018
646	43	189	2019
407	44	189	2018
678	44	190	2019
941	44	190	2020
408	45	190	2018
506	45	194	2018
683	45	190	2019
939	45	190	2020
1006	45	194	2020
1583	45	192	2019
1827	45	192	2020
409	46	190	2018
679	46	190	2019
932	46	190	2020
1820	46	192	2020
410	47	190	2018
681	47	190	2019
930	47	190	2020
411	48	190	2018
483	48	194	2018
677	48	190	2019
753	48	194	2019
933	48	190	2020
1737	48	192	2020
412	49	190	2018
656	49	189	2019
923	49	190	2020
413	50	190	2018
671	50	190	2019
925	50	190	2020
414	51	190	2018
663	51	189	2019
913	51	189	2020
415	52	190	2018
684	52	190	2019
749	52	194	2019
938	52	190	2020
999	52	194	2020
1322	52	192	2018
416	53	190	2018
673	53	190	2019
899	53	189	2020
417	54	190	2018
674	54	190	2019
937	54	190	2020
418	55	190	2018
675	55	190	2019
921	55	189	2020
419	56	190	2018
650	56	189	2019
915	56	189	2020
420	57	190	2018
680	57	190	2019
936	57	190	2020
1520	57	192	2019
421	58	190	2018
672	58	190	2019
934	58	190	2020
422	59	190	2018
488	59	194	2018
665	59	190	2019
742	59	194	2019
927	59	190	2020
1020	59	194	2020
423	60	190	2018
667	60	190	2019
929	60	190	2020
424	61	190	2018
670	61	190	2019
926	61	190	2020
425	62	190	2018
669	62	190	2019
940	62	190	2020
1279	62	192	2018
426	63	190	2018
682	63	190	2019
924	63	190	2020
1336	63	192	2018
1570	63	192	2019
1800	63	192	2020
427	64	190	2018
498	64	194	2018
668	64	190	2019
758	64	194	2019
942	64	190	2020
1016	64	194	2020
436	73	194	2018
701	73	194	2019
1248	73	192	2018
1485	73	192	2019
437	74	194	2018
1323	74	192	2018
1465	74	192	2019
1664	74	192	2020
439	76	194	2018
698	76	194	2019
952	76	194	2020
1308	76	192	2018
1367	76	264	2018
1555	76	192	2019
1608	76	264	2019
1774	76	192	2020
1857	76	264	2020
442	79	194	2018
694	79	194	2019
1313	79	192	2018
1484	79	192	2019
1659	79	192	2020
444	81	194	2018
1311	81	192	2018
1425	81	192	2019
1667	81	192	2020
447	84	194	2018
689	84	194	2019
951	84	194	2020
1309	84	192	2018
1487	84	192	2019
1725	84	192	2020
452	89	194	2018
700	89	194	2019
954	89	194	2020
1791	89	192	2020
455	92	194	2018
711	92	194	2019
971	92	194	2020
1292	92	192	2018
1522	92	192	2019
1795	92	192	2020
456	93	194	2018
1273	93	192	2018
1430	93	192	2019
460	97	194	2018
705	97	194	2019
947	97	194	2020
1310	97	192	2018
1554	97	192	2019
1793	97	192	2020
465	102	194	2018
728	102	194	2019
980	102	194	2020
1321	102	192	2018
1556	102	192	2019
1806	102	192	2020
467	104	194	2018
722	104	194	2019
987	104	194	2020
1333	104	192	2018
1792	104	192	2020
468	105	194	2018
708	105	194	2019
1324	105	192	2018
1546	105	192	2019
1746	105	192	2020
469	106	194	2018
567	106	238	2018
729	106	194	2019
826	106	238	2019
1019	106	194	2020
1091	106	238	2020
1584	106	192	2019
1832	106	192	2020
471	108	194	2018
736	108	194	2019
993	108	194	2020
1332	108	192	2018
1804	108	192	2020
472	109	194	2018
731	109	194	2019
989	109	194	2020
1320	109	192	2018
1559	109	192	2019
1825	109	192	2020
473	110	194	2018
1315	110	192	2018
1571	110	192	2019
1755	110	192	2020
474	111	194	2018
583	111	251	2018
747	111	194	2019
847	111	251	2019
990	111	194	2020
1099	111	251	2020
1343	111	192	2018
1589	111	192	2019
1805	111	192	2020
479	116	194	2018
571	116	238	2018
723	116	194	2019
830	116	238	2019
1095	116	238	2020
1535	116	192	2019
1772	116	192	2020
480	117	194	2018
737	117	194	2019
988	117	194	2020
1573	117	192	2019
1796	117	192	2020
481	118	194	2018
609	118	269	2018
746	118	194	2019
860	118	269	2019
1004	118	194	2020
1135	118	269	2020
482	119	194	2018
558	119	225	2018
738	119	194	2019
821	119	225	2019
1014	119	194	2020
1077	119	225	2020
1341	119	192	2018
1586	119	192	2019
485	121	194	2018
618	121	269	2018
762	121	194	2019
877	121	269	2019
1013	121	194	2020
1133	121	269	2020
486	122	194	2018
730	122	194	2019
997	122	194	2020
1345	122	192	2018
1585	122	192	2019
1826	122	192	2020
487	123	194	2018
543	123	210	2018
745	123	194	2019
786	123	210	2019
1003	123	194	2020
1054	123	210	2020
489	124	194	2018
525	124	201	2018
754	124	194	2019
782	124	201	2019
1005	124	194	2020
1041	124	201	2020
490	125	194	2018
548	125	225	2018
741	125	194	2019
806	125	225	2019
1065	125	225	2020
1346	125	192	2018
1808	125	192	2020
491	126	194	2018
538	126	210	2018
797	126	210	2019
1043	126	210	2020
492	127	194	2018
589	127	251	2018
733	127	194	2019
846	127	251	2019
1017	127	194	2020
1104	127	251	2020
1572	127	192	2019
496	131	194	2018
528	131	210	2018
799	131	210	2019
1045	131	210	2020
1818	131	192	2020
497	132	194	2018
527	132	210	2018
756	132	194	2019
784	132	210	2019
1012	132	194	2020
1042	132	210	2020
500	134	194	2018
615	134	269	2018
755	134	194	2019
862	134	269	2019
1010	134	194	2020
1131	134	269	2020
501	135	194	2018
550	135	225	2018
809	135	225	2019
1063	135	225	2020
1580	135	192	2019
1798	135	192	2020
504	138	194	2018
617	138	269	2018
750	138	194	2019
863	138	269	2019
1128	138	269	2020
1348	138	192	2018
505	139	194	2018
546	139	225	2018
763	139	194	2019
804	139	225	2019
998	139	194	2020
1070	139	225	2020
513	145	201	2018
751	145	194	2019
778	145	201	2019
1026	145	201	2020
1824	145	192	2020
514	146	201	2018
769	146	201	2019
1001	146	194	2020
1027	146	201	2020
1318	146	192	2018
1567	146	192	2019
529	157	210	2018
788	157	210	2019
1050	157	210	2020
530	158	210	2018
531	159	210	2018
785	159	210	2019
1051	159	210	2020
532	160	210	2018
533	161	210	2018
789	161	210	2019
534	162	210	2018
787	162	210	2019
1053	162	210	2020
535	163	210	2018
792	163	210	2019
1049	163	210	2020
536	164	210	2018
798	164	210	2019
1046	164	210	2020
1328	164	192	2018
1499	164	192	2019
537	165	210	2018
794	165	210	2019
1058	165	210	2020
1575	165	192	2019
1752	165	192	2020
539	166	210	2018
796	166	210	2019
1015	166	194	2020
1055	166	210	2020
1578	166	192	2019
540	167	210	2018
760	167	194	2019
790	167	210	2019
1059	167	210	2020
1330	167	192	2018
1590	167	192	2019
1802	167	192	2020
541	168	210	2018
793	168	210	2019
1057	168	210	2020
542	169	210	2018
1048	169	210	2020
544	170	210	2018
748	170	194	2019
801	170	210	2019
1007	170	194	2020
1056	170	210	2020
1247	170	192	2018
545	171	225	2018
547	172	225	2018
812	172	225	2019
1002	172	194	2020
1076	172	225	2020
1314	172	192	2018
1569	172	192	2019
549	173	225	2018
815	173	225	2019
1061	173	225	2020
1523	173	192	2019
551	174	225	2018
818	174	225	2019
1073	174	225	2020
552	175	225	2018
819	175	225	2019
553	176	225	2018
803	176	225	2019
1064	176	225	2020
554	177	225	2018
807	177	225	2019
1079	177	225	2020
555	178	225	2018
556	179	225	2018
813	179	225	2019
1069	179	225	2020
557	180	225	2018
816	180	225	2019
1068	180	225	2020
559	181	225	2018
759	181	194	2019
820	181	225	2019
1021	181	194	2020
1074	181	225	2020
1275	181	192	2018
560	182	225	2018
561	183	225	2018
808	183	225	2019
1072	183	225	2020
1340	183	192	2018
1756	183	192	2020
562	184	225	2018
805	184	225	2019
1060	184	225	2020
563	185	225	2018
810	185	225	2019
1066	185	225	2020
564	186	225	2018
811	186	225	2019
1071	186	225	2020
581	201	238	2018
839	201	238	2019
982	201	194	2020
1097	201	238	2020
1241	201	192	2018
1516	201	192	2019
1809	201	192	2020
584	203	251	2018
858	203	251	2019
1100	203	251	2020
1510	203	192	2019
594	212	251	2018
857	212	251	2019
1111	212	251	2020
1258	212	192	2018
1757	212	192	2020
596	214	251	2018
852	214	251	2019
1115	214	251	2020
1338	214	192	2018
1564	214	192	2019
1790	214	192	2020
597	215	251	2018
853	215	251	2019
1105	215	251	2020
1300	215	192	2018
1533	215	192	2019
1822	215	192	2020
603	221	269	2018
875	221	269	2019
1123	221	269	2020
1339	221	192	2018
606	224	269	2018
873	224	269	2019
1524	224	192	2019
607	225	269	2018
867	225	269	2019
1126	225	269	2020
1325	225	192	2018
1811	225	192	2020
608	226	269	2018
864	226	269	2019
1125	226	269	2020
1810	226	192	2020
614	231	269	2018
874	231	269	2019
1000	231	194	2020
1134	231	269	2020
1281	231	192	2018
1557	231	192	2019
641	239	189	2019
920	239	189	2020
644	240	189	2019
655	241	189	2019
919	241	189	2020
712	253	194	2019
979	253	194	2020
1203	253	192	2018
1490	253	192	2019
1732	253	192	2020
716	255	194	2019
967	255	194	2020
1183	255	192	2018
1528	255	192	2019
1748	255	192	2020
721	258	194	2019
995	258	194	2020
1295	258	192	2018
1591	258	192	2019
1829	258	192	2020
725	259	194	2019
1185	259	192	2018
1553	259	192	2019
1734	259	192	2020
732	261	194	2019
992	261	194	2020
1317	261	192	2018
1360	261	259	2018
1563	261	192	2019
1605	261	259	2019
1828	261	192	2020
1838	261	259	2020
734	262	194	2019
1008	262	194	2020
1294	262	192	2018
1581	262	192	2019
735	263	194	2019
1259	263	192	2018
1565	263	192	2019
1785	263	192	2020
791	268	210	2019
795	269	210	2019
1044	269	210	2020
800	270	210	2019
1052	270	210	2020
814	272	225	2019
817	273	225	2019
1062	273	225	2020
822	274	225	2019
868	282	269	2019
1118	282	269	2020
1727	282	192	2020
903	287	189	2020
912	288	189	2020
958	296	194	2020
1161	296	192	2018
1434	296	192	2019
1801	296	192	2020
981	307	194	2020
1267	307	192	2018
1582	307	192	2019
1777	307	192	2020
985	309	194	2020
1307	309	192	2018
1799	309	192	2020
1047	313	210	2020
1067	314	225	2020
1075	315	225	2020
1078	316	225	2020
1162	340	192	2018
1400	340	192	2019
1216	384	192	2018
1450	384	192	2019
1712	384	192	2020
1219	386	192	2018
1506	386	192	2019
1714	386	192	2020
1277	412	192	2018
1530	412	192	2019
1823	412	192	2020
1337	425	192	2018
1426	456	192	2019
1718	456	192	2020
1505	479	192	2019
1698	479	192	2020
1543	485	192	2019
1814	485	192	2020
1579	489	192	2019
1816	489	192	2020
1652	501	192	2020
\.
COPY public.fixtures (id, competition_id, home_team_id, away_team_id, season, winning_team_id, home_team_goals, away_team_goals, fixture_date) FROM stdin;
5953	189	21	22	2018	22	1	2	2018-08-03
5954	189	23	24	2018	24	1	2	2018-08-04
5955	189	25	26	2018	25	3	2	2018-08-04
5956	189	27	28	2018	\N	2	2	2018-08-04
5957	189	29	30	2018	29	1	0	2018-08-04
5959	189	33	34	2018	33	5	1	2018-08-04
5960	189	35	36	2018	\N	2	2	2018-08-04
5961	189	37	38	2018	\N	2	2	2018-08-04
5962	189	39	40	2018	40	1	2	2018-08-04
5963	189	41	42	2018	41	3	1	2018-08-05
5964	189	43	44	2018	44	1	3	2018-08-06
5966	189	38	39	2018	38	3	0	2018-08-07
5967	189	36	37	2018	\N	0	0	2018-08-11
5968	189	44	25	2018	44	3	2	2018-08-11
5969	189	40	29	2018	40	1	0	2018-08-11
5970	189	30	39	2018	39	1	2	2018-08-11
5971	189	24	31	2018	\N	2	2	2018-08-11
5973	189	28	23	2018	23	3	4	2018-08-11
5974	189	32	21	2018	32	1	0	2018-08-11
5975	189	26	43	2018	\N	1	1	2018-08-11
5976	189	38	27	2018	38	1	0	2018-08-11
5977	189	34	35	2018	34	1	0	2018-08-11
5978	189	22	41	2018	41	0	1	2019-05-11
5980	189	23	30	2018	23	7	1	2018-08-18
5981	189	25	32	2018	\N	2	2	2018-08-18
5982	189	39	28	2018	39	2	1	2018-08-18
5983	189	31	38	2018	38	0	2	2018-08-18
5984	189	41	34	2018	41	2	0	2018-08-18
5985	189	35	44	2018	\N	1	1	2018-08-18
5987	189	21	24	2018	24	0	1	2018-08-18
5988	189	43	36	2018	36	0	1	2018-08-18
5989	189	29	42	2018	\N	2	2	2018-08-18
5990	189	33	26	2018	33	2	0	2018-08-19
5991	189	30	31	2018	31	0	3	2018-08-21
5992	189	22	35	2018	22	2	0	2018-08-21
5993	189	34	43	2018	43	2	3	2018-08-21
5995	189	44	33	2018	\N	2	2	2018-08-22
5997	189	36	21	2018	\N	2	2	2018-08-22
5998	189	28	29	2018	28	2	0	2018-08-22
5999	189	24	27	2018	24	1	0	2018-08-22
6000	189	42	25	2018	25	0	3	2018-08-22
6001	189	38	23	2018	38	1	0	2018-08-24
6003	189	44	21	2018	\N	1	1	2018-08-25
6004	189	40	31	2018	31	0	1	2018-08-25
6005	189	30	25	2018	30	1	0	2018-08-25
6006	189	24	39	2018	39	0	3	2018-08-25
6007	189	42	43	2018	42	2	0	2018-08-25
6008	189	28	41	2018	41	0	3	2018-08-25
6009	189	22	29	2018	22	2	0	2018-08-25
6010	189	26	35	2018	26	2	1	2018-08-25
6012	189	34	37	2018	34	1	0	2018-08-26
6013	189	41	38	2018	\N	0	0	2018-08-31
6014	189	23	42	2018	23	2	1	2018-09-01
6015	189	25	34	2018	25	1	0	2018-09-01
6016	189	27	30	2018	\N	0	0	2018-09-01
6017	189	39	44	2018	39	4	1	2018-09-01
6019	189	33	32	2018	33	2	1	2018-09-01
6020	189	21	26	2018	26	1	2	2018-09-01
6021	189	43	22	2018	22	1	2	2018-09-01
6022	189	37	40	2018	40	1	2	2018-09-01
6023	189	35	28	2018	\N	1	1	2018-09-02
6024	189	31	36	2018	31	4	1	2018-09-02
6026	189	40	32	2018	\N	0	0	2018-09-15
6027	189	24	30	2018	30	1	2	2018-09-15
6028	189	28	38	2018	28	1	0	2018-09-15
6029	189	26	42	2018	\N	2	2	2018-09-15
6030	189	29	21	2018	21	2	3	2018-09-15
6031	189	31	39	2018	31	1	0	2018-09-15
6033	189	37	41	2018	\N	1	1	2018-09-15
6034	189	43	35	2018	43	2	0	2018-09-15
6035	189	34	22	2018	34	1	0	2018-09-15
6036	189	36	44	2018	\N	1	1	2018-09-15
6037	189	25	43	2018	25	2	1	2018-09-18
6039	189	41	29	2018	41	3	0	2018-09-18
6040	189	44	34	2018	44	2	0	2018-09-18
6041	189	35	33	2018	\N	1	1	2018-09-18
6042	189	42	40	2018	42	1	0	2018-09-18
6043	189	23	31	2018	23	4	2	2018-09-18
6044	189	30	37	2018	30	2	0	2018-09-19
6045	189	39	27	2018	\N	0	0	2018-09-19
6047	189	38	24	2018	38	2	0	2018-09-19
6048	189	21	28	2018	28	1	2	2018-09-19
6049	189	25	31	2018	25	1	0	2018-09-21
6050	189	44	26	2018	26	1	2	2018-09-22
6051	189	42	36	2018	36	2	3	2018-09-22
6052	189	23	37	2018	23	2	0	2018-09-22
6053	189	39	29	2018	39	3	2	2018-09-22
6054	189	32	34	2018	32	1	0	2018-09-22
6055	189	22	33	2018	22	3	1	2018-09-22
6056	189	38	40	2018	\N	0	0	2018-09-22
6058	189	35	24	2018	\N	0	0	2018-09-22
6059	189	21	43	2018	21	3	0	2018-09-22
6060	189	30	28	2018	28	0	1	2018-09-22
6061	189	26	41	2018	\N	1	1	2018-09-28
6063	189	36	32	2018	\N	2	2	2018-09-29
6064	189	40	30	2018	40	3	0	2018-09-29
6065	189	24	22	2018	24	1	0	2018-09-29
6066	189	28	25	2018	28	1	0	2018-09-29
6067	189	27	35	2018	\N	2	2	2018-09-29
6069	189	33	21	2018	\N	2	2	2018-09-29
6070	189	37	39	2018	39	2	3	2018-09-29
6071	189	43	38	2018	\N	1	1	2018-09-29
6073	189	25	40	2018	\N	0	0	2018-10-02
6074	189	33	27	2018	\N	1	1	2018-10-02
6075	189	35	38	2018	38	0	2	2018-10-02
6076	189	43	41	2018	41	0	1	2018-10-02
6078	189	42	24	2018	42	2	0	2018-10-02
6079	189	21	30	2018	30	0	1	2018-10-02
6080	189	36	39	2018	39	0	2	2018-10-03
6081	189	32	37	2018	\N	2	2	2018-10-03
6082	189	22	28	2018	\N	1	1	2018-10-03
6084	189	34	31	2018	\N	0	0	2018-10-03
6085	189	41	33	2018	\N	1	1	2018-10-06
6086	189	40	35	2018	35	2	3	2018-10-06
6088	189	23	21	2018	23	4	1	2018-10-06
6089	189	28	42	2018	42	0	1	2018-10-06
6090	189	27	34	2018	27	3	1	2018-10-06
6091	189	39	43	2018	39	1	0	2018-10-06
6092	189	38	32	2018	32	0	2	2018-10-06
6093	189	29	25	2018	29	4	0	2018-10-06
6094	189	37	44	2018	37	2	1	2018-10-06
6095	189	24	36	2018	36	0	1	2018-10-06
6096	189	31	26	2018	26	1	2	2018-10-07
6097	189	26	38	2018	38	1	2	2018-10-19
6098	189	36	41	2018	36	2	1	2018-10-20
6099	189	44	40	2018	44	1	0	2018-10-20
6100	189	42	27	2018	27	0	1	2018-10-20
6101	189	25	23	2018	25	1	0	2018-10-20
6103	189	33	31	2018	31	0	1	2018-10-20
6104	189	35	30	2018	30	0	2	2018-10-20
6105	189	21	37	2018	21	3	1	2018-10-20
6106	189	43	29	2018	\N	1	1	2018-10-20
6107	189	34	24	2018	\N	1	1	2018-10-20
6108	189	22	39	2018	22	2	1	2018-10-20
6110	189	30	26	2018	30	3	0	2018-10-23
6111	189	28	44	2018	28	2	1	2018-10-23
6112	189	39	42	2018	\N	1	1	2018-10-23
6113	189	38	34	2018	\N	0	0	2018-10-23
6114	189	37	25	2018	37	2	1	2018-10-23
6115	189	27	21	2018	27	2	1	2018-10-23
6117	189	31	43	2018	31	1	0	2018-10-24
6118	189	41	35	2018	41	2	0	2018-10-24
6119	189	24	32	2018	32	0	3	2018-10-24
6120	189	23	22	2018	22	1	4	2018-10-24
6121	189	30	44	2018	30	1	0	2018-10-26
6122	189	38	22	2018	\N	1	1	2018-10-27
6123	189	40	21	2018	40	2	0	2018-10-27
6124	189	24	43	2018	43	0	1	2018-10-27
6126	189	28	33	2018	28	1	0	2018-10-27
6127	189	27	26	2018	27	3	1	2018-10-27
6128	189	39	25	2018	39	4	2	2018-10-27
6129	189	29	34	2018	\N	1	1	2018-10-27
6130	189	31	42	2018	42	0	1	2018-10-27
6131	189	37	35	2018	37	3	0	2018-10-27
6132	189	41	32	2018	\N	1	1	2018-10-27
6134	189	36	30	2018	36	1	0	2018-11-03
6135	189	32	39	2018	32	1	0	2018-11-03
6136	189	22	27	2018	22	3	1	2018-11-03
6139	189	35	29	2018	\N	1	1	2018-11-03
6140	189	21	31	2018	21	3	2	2018-11-03
6141	189	43	23	2018	43	1	0	2018-11-03
6142	189	34	40	2018	34	2	1	2018-11-03
6143	189	42	38	2018	\N	0	0	2018-11-03
6144	189	25	41	2018	41	1	2	2018-11-04
6146	189	36	34	2018	\N	1	1	2018-11-10
6147	189	30	33	2018	30	3	2	2018-11-10
6148	189	24	40	2018	40	0	1	2018-11-10
6149	189	28	37	2018	28	4	3	2018-11-10
6150	189	27	43	2018	\N	3	3	2018-11-10
6152	189	22	44	2018	44	0	3	2018-11-10
6153	189	38	25	2018	38	2	0	2018-11-10
6154	189	31	29	2018	29	0	1	2018-11-10
6155	189	21	35	2018	\N	2	2	2018-11-10
6156	189	23	41	2018	23	4	1	2018-11-10
6157	189	35	23	2018	23	1	2	2018-11-23
6159	189	40	28	2018	28	1	4	2018-11-24
6160	189	42	30	2018	\N	2	2	2018-11-24
6161	189	25	21	2018	\N	0	0	2018-11-24
6162	189	26	22	2018	22	1	2	2018-11-24
6163	189	29	36	2018	29	4	1	2018-11-24
6165	189	37	24	2018	\N	1	1	2018-11-24
6166	189	43	32	2018	32	0	2	2018-11-24
6167	189	33	38	2018	38	1	2	2018-11-24
6168	189	44	27	2018	44	4	2	2018-11-25
6169	189	41	21	2018	41	1	0	2018-11-27
6170	189	33	39	2018	39	2	3	2018-11-27
6171	189	43	28	2018	\N	0	0	2018-11-27
6173	189	26	24	2018	26	1	0	2018-11-27
6174	189	29	38	2018	\N	1	1	2018-11-27
6175	189	37	27	2018	27	0	2	2018-11-28
6176	189	44	32	2018	\N	5	5	2018-11-28
6178	189	25	36	2018	25	3	1	2018-11-28
6179	189	35	31	2018	31	2	3	2018-11-28
6180	189	42	22	2018	42	2	1	2018-11-28
6181	189	39	41	2018	41	0	1	2018-12-01
6182	189	36	26	2018	36	4	2	2018-12-01
6183	189	30	43	2018	43	2	3	2018-12-01
6184	189	24	25	2018	\N	1	1	2018-12-01
6185	189	28	34	2018	28	3	1	2018-12-01
6186	189	27	29	2018	27	3	0	2018-12-01
6188	189	22	40	2018	22	2	1	2018-12-01
6189	189	21	42	2018	\N	2	2	2018-12-01
6190	189	38	44	2018	44	0	3	2018-12-01
6191	189	31	37	2018	\N	1	1	2018-12-02
6193	189	23	44	2018	23	1	0	2019-05-14
6194	189	42	35	2018	42	2	0	2018-12-08
6195	189	25	22	2018	22	0	1	2018-12-08
6196	189	28	24	2018	28	3	2	2018-12-08
6197	189	27	31	2018	31	0	1	2018-12-08
6198	189	32	29	2018	29	0	1	2018-12-08
6199	189	26	34	2018	\N	2	2	2018-12-08
6201	189	41	30	2018	41	2	1	2018-12-08
6202	189	33	40	2018	40	2	3	2018-12-08
6203	189	37	43	2018	\N	2	2	2018-12-08
6204	189	21	39	2018	39	0	2	2018-12-08
6205	189	39	23	2018	23	1	2	2018-12-14
6207	189	44	42	2018	\N	2	2	2018-12-15
6208	189	40	26	2018	40	2	1	2018-12-15
6209	189	30	38	2018	30	2	1	2018-12-15
6210	189	24	41	2018	41	0	1	2018-12-15
6211	189	29	37	2018	29	3	2	2018-12-15
6212	189	35	25	2018	35	1	0	2018-12-15
6213	189	43	33	2018	43	2	0	2018-12-15
6214	189	34	21	2018	\N	1	1	2018-12-15
6216	189	22	32	2018	\N	0	0	2018-12-17
6217	189	36	28	2018	28	0	1	2018-12-22
6218	189	42	37	2018	42	1	0	2018-12-22
6219	189	25	27	2018	27	0	3	2018-12-22
6220	189	32	30	2018	30	0	1	2018-12-22
6222	189	26	29	2018	26	1	0	2018-12-22
6223	189	33	24	2018	33	1	0	2018-12-22
6224	189	35	39	2018	\N	1	1	2018-12-22
6225	189	21	38	2018	38	0	1	2018-12-22
6226	189	34	23	2018	23	0	4	2018-12-22
6227	189	43	40	2018	43	3	2	2018-12-22
6228	189	44	41	2018	41	2	3	2018-12-23
6229	189	40	44	2018	44	0	1	2018-12-26
6230	189	30	35	2018	30	3	0	2018-12-26
6232	189	23	25	2018	23	2	0	2018-12-26
6233	189	28	32	2018	\N	3	3	2018-12-26
6234	189	27	42	2018	27	2	0	2018-12-26
6235	189	39	22	2018	39	3	1	2018-12-26
6236	189	38	26	2018	26	0	1	2018-12-26
6237	189	29	43	2018	43	1	2	2018-12-26
6238	189	31	33	2018	\N	1	1	2018-12-26
6240	189	37	21	2018	37	1	0	2018-12-26
6241	189	40	25	2018	\N	2	2	2018-12-29
6242	189	30	21	2018	\N	0	0	2018-12-29
6244	189	23	26	2018	\N	1	1	2018-12-29
6245	189	28	22	2018	22	3	4	2018-12-29
6246	189	27	33	2018	\N	0	0	2018-12-29
6247	189	39	36	2018	39	3	0	2018-12-29
6248	189	38	35	2018	38	2	0	2018-12-29
6250	189	31	34	2018	31	1	0	2018-12-29
6251	189	41	43	2018	43	0	2	2018-12-29
6252	189	37	32	2018	37	1	0	2018-12-29
6253	189	36	23	2018	36	2	1	2019-01-01
6254	189	44	30	2018	\N	2	2	2019-01-01
6255	189	42	31	2018	31	0	2	2019-01-01
6256	189	25	39	2018	39	0	3	2019-01-01
6257	189	32	41	2018	32	4	2	2019-01-01
6259	189	26	27	2018	\N	1	1	2019-01-01
6260	189	33	28	2018	\N	1	1	2019-01-01
6261	189	35	37	2018	37	2	3	2019-01-01
6262	189	21	40	2018	40	1	4	2019-01-01
6263	189	43	24	2018	43	6	0	2019-01-01
6265	189	41	22	2018	22	2	4	2019-05-15
6266	189	23	28	2018	\N	1	1	2019-01-12
6267	189	25	44	2018	25	3	0	2019-01-12
6268	189	27	38	2018	38	1	2	2019-01-12
6269	189	39	30	2018	39	1	0	2019-01-12
6270	189	29	40	2018	\N	1	1	2019-01-12
6272	189	33	42	2018	33	3	1	2019-01-12
6273	189	35	34	2018	35	1	0	2019-01-12
6274	189	21	32	2018	21	2	0	2019-01-12
6275	189	43	26	2018	43	3	0	2019-01-12
6276	189	37	36	2018	36	0	2	2019-01-12
6277	189	28	27	2018	28	3	1	2019-01-18
6278	189	36	35	2018	36	2	0	2019-01-19
6281	189	42	41	2018	42	2	1	2019-01-19
6282	189	32	31	2018	31	0	1	2019-01-19
6283	189	22	21	2018	22	2	1	2019-01-19
6284	189	26	25	2018	26	1	0	2019-01-19
6285	189	38	37	2018	\N	1	1	2019-01-19
6286	189	34	33	2018	33	2	4	2019-01-19
6287	189	40	39	2018	40	1	0	2019-01-19
6288	189	24	23	2018	23	0	2	2019-01-21
6289	189	36	43	2018	36	3	0	2019-01-26
6291	189	42	29	2018	29	0	2	2019-01-26
6292	189	28	39	2018	\N	2	2	2019-01-26
6293	189	32	25	2018	32	3	1	2019-01-26
6294	189	34	41	2018	41	1	2	2019-01-26
6295	189	40	27	2018	\N	3	3	2019-01-29
6297	189	29	22	2018	\N	0	0	2019-02-01
6298	189	23	38	2018	38	2	3	2019-02-02
6299	189	25	30	2018	25	2	1	2019-02-02
6300	189	27	32	2018	27	2	0	2019-02-02
6301	189	39	24	2018	39	2	0	2019-02-02
6302	189	31	40	2018	31	2	0	2019-02-02
6303	189	33	36	2018	33	5	2	2019-02-02
6304	189	35	26	2018	26	0	1	2019-02-02
6306	189	21	44	2018	\N	0	0	2019-02-02
6307	189	43	42	2018	43	2	0	2019-02-02
6308	189	41	28	2018	28	1	3	2019-02-02
6309	189	44	39	2018	\N	3	3	2019-02-08
6311	189	36	31	2018	31	0	1	2019-02-09
6312	189	40	37	2018	40	1	0	2019-02-09
6313	189	30	27	2018	27	3	4	2019-02-09
6314	189	24	29	2018	29	1	2	2019-02-09
6315	189	32	33	2018	32	2	1	2019-02-09
6316	189	22	43	2018	22	2	0	2019-02-09
6317	189	26	21	2018	\N	0	0	2019-02-09
6319	189	42	23	2018	23	0	1	2019-02-09
6320	189	28	35	2018	28	3	0	2019-02-10
6321	189	31	30	2018	31	2	1	2019-02-12
6322	189	37	26	2018	\N	0	0	2019-02-12
6323	189	27	24	2018	24	0	1	2019-02-12
6324	189	43	34	2018	\N	2	2	2019-02-12
6326	189	25	42	2018	\N	0	0	2019-02-13
6327	189	39	38	2018	39	1	0	2019-02-13
6328	189	41	40	2018	41	2	1	2019-02-13
6329	189	33	44	2018	33	1	0	2019-02-13
6330	189	29	28	2018	29	3	1	2019-02-13
6331	189	35	22	2018	\N	1	1	2019-02-13
6333	189	34	26	2018	\N	2	2	2019-02-16
6334	189	44	23	2018	44	2	1	2019-05-11
6335	189	24	28	2018	28	0	4	2019-02-16
6336	189	39	21	2018	39	4	0	2019-02-16
6337	189	29	32	2018	\N	0	0	2019-02-16
6339	189	36	38	2018	38	0	1	2019-02-17
6340	189	30	23	2018	23	2	3	2019-02-19
6341	189	22	37	2018	37	0	1	2019-02-20
6342	189	42	44	2018	\N	1	1	2019-02-23
6343	189	25	35	2018	\N	1	1	2019-02-23
6345	189	27	36	2018	\N	2	2	2019-02-23
6346	189	26	40	2018	26	3	1	2019-02-23
6347	189	38	30	2018	38	2	0	2019-02-23
6348	189	41	24	2018	41	2	1	2019-02-23
6349	189	33	43	2018	33	5	1	2019-02-23
6350	189	37	29	2018	29	1	3	2019-02-23
6352	189	23	39	2018	39	0	1	2019-02-23
6353	189	32	22	2018	32	1	0	2019-02-25
6354	189	30	41	2018	30	1	0	2019-02-26
6355	189	31	27	2018	27	1	2	2019-02-26
6356	189	43	37	2018	43	2	1	2019-02-26
6357	189	26	33	2018	26	2	0	2019-02-26
6358	189	41	23	2018	41	4	0	2019-03-01
6359	189	44	22	2018	44	2	1	2019-05-27
6360	189	40	24	2018	40	2	0	2019-03-02
6361	189	42	32	2018	42	2	0	2019-03-02
6362	189	25	38	2018	\N	0	0	2019-03-02
6364	189	33	30	2018	33	3	0	2019-03-02
6365	189	35	21	2018	21	1	2	2019-03-02
6366	189	37	28	2018	28	1	3	2019-03-02
6367	189	43	27	2018	43	2	0	2019-03-02
6368	189	34	36	2018	34	3	2	2019-03-02
6369	189	26	39	2018	\N	0	0	2019-03-04
6370	189	22	25	2018	22	2	1	2019-03-05
6372	189	36	29	2018	29	0	1	2019-03-09
6373	189	39	34	2018	39	2	0	2019-03-09
6374	189	30	42	2018	\N	0	0	2019-03-09
6375	189	24	37	2018	24	2	1	2019-03-09
6376	189	23	35	2018	\N	1	1	2019-03-09
6377	189	32	43	2018	32	3	0	2019-03-09
6379	189	38	33	2018	33	1	2	2019-03-09
6380	189	31	41	2018	41	0	1	2019-03-09
6381	189	21	25	2018	21	3	2	2019-03-09
6382	189	27	44	2018	44	0	1	2019-03-10
6383	189	36	25	2018	36	3	0	2019-03-12
6384	189	39	33	2018	39	2	0	2019-03-12
6385	189	31	35	2018	\N	1	1	2019-03-12
6386	189	24	26	2018	26	0	2	2019-03-12
6388	189	27	37	2018	37	0	2	2019-03-13
6389	189	32	44	2018	44	1	3	2019-03-13
6390	189	30	34	2018	34	1	2	2019-03-13
6391	189	28	43	2018	28	3	2	2019-03-13
6392	189	22	42	2018	\N	0	0	2019-03-13
6393	189	38	29	2018	29	1	2	2019-03-13
6394	189	23	40	2018	23	3	0	2019-03-13
6395	189	41	39	2018	39	0	1	2019-03-16
6396	189	44	38	2018	44	3	0	2019-03-16
6398	189	25	24	2018	25	5	2	2019-03-16
6399	189	26	36	2018	26	4	2	2019-03-16
6400	189	29	27	2018	29	1	0	2019-03-16
6401	189	33	23	2018	23	0	1	2019-03-16
6402	189	35	32	2018	\N	1	1	2019-03-16
6403	189	43	30	2018	\N	2	2	2019-03-16
6405	189	23	27	2018	23	3	2	2019-03-29
6406	189	44	36	2018	44	2	1	2019-03-30
6407	189	30	24	2018	24	1	2	2019-03-30
6408	189	42	26	2018	\N	0	0	2019-03-30
6409	189	25	33	2018	\N	0	0	2019-03-30
6411	189	32	40	2018	32	2	1	2019-03-30
6412	189	22	34	2018	22	6	1	2019-03-30
6413	189	41	37	2018	41	3	2	2019-03-30
6414	189	35	43	2018	43	0	2	2019-03-30
6415	189	21	29	2018	21	2	1	2019-03-30
6416	189	38	28	2018	28	0	1	2019-03-30
6417	189	40	33	2018	40	3	0	2019-04-02
6418	189	38	31	2018	31	0	1	2019-04-02
6419	189	28	30	2018	28	4	0	2019-04-06
6421	189	40	38	2018	40	3	1	2019-04-06
6422	189	24	35	2018	35	1	2	2019-04-06
6423	189	27	41	2018	27	1	0	2019-04-06
6424	189	26	44	2018	44	1	3	2019-04-06
6425	189	29	39	2018	39	0	1	2019-04-06
6426	189	31	25	2018	\N	2	2	2019-04-06
6427	189	33	22	2018	\N	3	3	2019-04-06
6429	189	43	21	2018	43	3	1	2019-04-06
6430	189	34	32	2018	34	2	1	2019-04-06
6431	189	36	22	2018	36	2	0	2019-04-09
6432	189	40	42	2018	40	3	1	2019-04-09
6433	189	26	32	2018	26	3	0	2019-04-09
6434	189	29	41	2018	41	0	2	2019-04-09
6435	189	31	23	2018	31	3	2	2019-04-09
6436	189	24	38	2018	38	0	2	2019-04-09
6437	189	28	21	2018	\N	2	2	2019-04-10
6439	189	33	35	2018	33	2	0	2019-04-10
6440	189	37	30	2018	\N	0	0	2019-04-10
6441	189	43	25	2018	43	2	1	2019-04-10
6442	189	34	44	2018	44	1	2	2019-04-10
6443	189	44	31	2018	44	2	1	2019-04-13
6444	189	30	40	2018	30	4	0	2019-04-13
6446	189	23	29	2018	23	4	1	2019-04-13
6447	189	39	37	2018	\N	1	1	2019-04-13
6448	189	32	36	2018	36	1	2	2019-04-13
6449	189	22	24	2018	22	4	0	2019-04-13
6450	189	38	43	2018	38	1	0	2019-04-13
6451	189	35	27	2018	\N	1	1	2019-04-13
6453	189	41	26	2018	41	1	0	2019-04-13
6454	189	25	28	2018	\N	1	1	2019-04-14
6455	189	31	21	2018	\N	1	1	2019-04-19
6456	189	39	32	2018	39	2	0	2019-04-19
6458	189	40	34	2018	40	4	3	2019-04-19
6459	189	30	36	2018	36	1	2	2019-04-19
6460	189	24	44	2018	44	0	2	2019-04-19
6461	189	23	43	2018	23	3	2	2019-04-19
6462	189	27	22	2018	\N	2	2	2019-04-19
6463	189	38	42	2018	38	1	0	2019-04-19
6464	189	29	35	2018	29	4	0	2019-04-19
6465	189	41	25	2018	25	1	2	2019-04-19
6467	189	44	37	2018	44	1	0	2019-04-22
6468	189	36	24	2018	36	2	0	2019-04-22
6469	189	42	28	2018	\N	2	2	2019-04-22
6470	189	25	29	2018	25	2	0	2019-04-22
6471	189	32	38	2018	32	3	0	2019-04-22
6472	189	22	30	2018	22	2	0	2019-04-22
6473	189	26	31	2018	26	2	0	2019-04-22
6474	189	35	40	2018	40	0	1	2019-04-22
6476	189	43	39	2018	39	0	3	2019-04-22
6477	189	34	27	2018	27	1	3	2019-04-22
6478	189	33	41	2018	33	2	0	2019-04-22
6479	189	37	42	2018	\N	0	0	2019-04-27
6480	189	40	43	2018	\N	2	2	2019-04-27
6481	189	30	32	2018	32	0	1	2019-04-27
6483	189	23	34	2018	23	2	1	2019-04-27
6484	189	27	25	2018	\N	1	1	2019-04-27
6485	189	38	21	2018	38	2	1	2019-04-27
6486	189	29	26	2018	\N	3	3	2019-04-27
6487	189	31	22	2018	22	0	2	2019-04-27
6488	189	39	35	2018	39	2	0	2019-04-27
6490	189	41	44	2018	\N	1	1	2019-04-28
6491	189	37	31	2018	31	1	2	2019-04-30
6492	189	40	22	2018	\N	1	1	2019-05-01
6493	189	36	40	2018	\N	2	2	2019-05-05
6495	189	42	39	2018	\N	2	2	2019-05-05
6496	189	25	37	2018	25	1	0	2019-05-05
6497	189	32	24	2018	32	1	0	2019-05-05
6498	189	22	23	2018	22	3	1	2019-05-05
6499	189	26	30	2018	30	1	2	2019-05-05
6500	189	33	29	2018	33	3	0	2019-05-05
6501	189	35	41	2018	35	3	2	2019-05-05
6503	189	43	31	2018	\N	1	1	2019-05-05
6504	189	34	38	2018	38	1	2	2019-05-05
6505	190	45	46	2018	45	2	1	2018-08-10
6506	190	47	48	2018	48	1	2	2018-08-11
6507	190	49	50	2018	50	0	2	2018-08-11
6508	190	51	52	2018	52	0	3	2018-08-11
6509	190	53	54	2018	53	2	0	2018-08-11
6510	190	55	56	2018	55	2	0	2018-08-11
6512	190	59	60	2018	59	4	0	2018-08-12
6513	190	61	62	2018	\N	0	0	2018-08-12
6514	190	63	64	2018	64	0	2	2018-08-12
6515	190	56	47	2018	\N	0	0	2018-08-18
6516	190	48	49	2018	48	3	1	2018-08-18
6518	190	46	57	2018	46	2	0	2018-08-18
6519	190	60	55	2018	55	1	2	2018-08-18
6520	190	52	63	2018	52	3	2	2018-08-18
6521	190	64	51	2018	64	6	1	2018-08-19
6522	190	62	53	2018	53	1	3	2018-08-19
6523	190	54	45	2018	54	3	2	2018-08-19
6524	190	50	59	2018	59	0	2	2018-08-20
6525	190	57	64	2018	\N	1	1	2018-08-25
6526	190	63	60	2018	63	3	1	2018-08-25
6528	190	61	46	2018	46	1	2	2018-08-25
6529	190	55	58	2018	\N	2	2	2018-08-25
6530	190	59	54	2018	59	1	0	2018-08-25
6531	190	53	50	2018	53	2	1	2018-08-26
6532	190	49	62	2018	49	4	2	2018-08-26
6533	190	47	52	2018	52	1	2	2018-08-26
6534	190	45	48	2018	48	0	3	2018-08-27
6535	190	46	59	2018	59	1	2	2018-09-01
6536	190	52	55	2018	52	2	0	2018-09-01
6538	190	60	57	2018	57	0	1	2018-09-01
6539	190	50	61	2018	61	0	2	2018-09-01
6540	190	54	49	2018	\N	2	2	2018-09-01
6541	190	64	47	2018	64	2	1	2018-09-01
6542	190	56	63	2018	63	2	3	2018-09-02
6543	190	62	45	2018	45	0	2	2018-09-02
6544	190	53	48	2018	53	2	1	2018-09-02
6545	190	48	59	2018	59	1	2	2018-09-15
6547	190	47	63	2018	63	1	2	2018-09-15
6548	190	52	56	2018	52	4	1	2018-09-15
6549	190	51	50	2018	50	0	1	2018-09-15
6550	190	55	46	2018	55	4	2	2018-09-15
6551	190	53	45	2018	45	1	2	2018-09-15
6552	190	57	62	2018	57	1	0	2018-09-16
6553	190	58	60	2018	60	1	3	2018-09-16
6554	190	61	54	2018	\N	2	2	2018-09-17
6556	190	59	61	2018	59	3	0	2018-09-22
6557	190	45	57	2018	\N	1	1	2018-09-22
6558	190	46	51	2018	46	3	1	2018-09-22
6559	190	62	55	2018	62	4	0	2018-09-22
6561	190	50	47	2018	\N	0	0	2018-09-22
6562	190	54	48	2018	48	1	2	2018-09-22
6563	190	60	52	2018	\N	0	0	2018-09-23
6564	190	63	58	2018	63	2	0	2018-09-23
6565	190	60	45	2018	60	3	1	2018-09-29
6567	190	64	54	2018	64	2	0	2018-09-29
6568	190	47	46	2018	46	0	2	2018-09-29
6569	190	63	53	2018	63	2	0	2018-09-29
6570	190	58	49	2018	58	3	0	2018-09-29
6571	190	51	48	2018	48	0	2	2018-09-29
6572	190	52	59	2018	\N	1	1	2018-09-29
6573	190	56	62	2018	62	1	2	2018-09-30
6574	190	55	50	2018	55	2	1	2018-10-01
6575	190	54	60	2018	54	1	0	2018-10-05
6576	190	48	56	2018	48	1	0	2018-10-06
6578	190	62	51	2018	\N	1	1	2018-10-06
6579	190	50	57	2018	57	0	1	2018-10-06
6580	190	53	55	2018	55	0	4	2018-10-06
6581	190	45	47	2018	45	3	2	2018-10-06
6582	190	49	63	2018	63	1	5	2018-10-07
6583	190	61	52	2018	52	0	3	2018-10-07
6584	190	59	64	2018	\N	0	0	2018-10-07
6586	190	57	53	2018	53	0	2	2018-10-20
6587	190	64	62	2018	64	5	0	2018-10-20
6588	190	47	54	2018	54	0	1	2018-10-20
6589	190	56	49	2018	56	4	2	2018-10-20
6590	190	60	48	2018	48	0	1	2018-10-20
6591	190	55	61	2018	\N	0	0	2018-10-20
6592	190	51	59	2018	59	0	1	2018-10-20
6594	190	63	46	2018	63	3	1	2018-10-22
6595	190	49	55	2018	55	0	3	2018-10-27
6596	190	59	56	2018	59	4	1	2018-10-27
6597	190	61	47	2018	\N	0	0	2018-10-27
6598	190	54	57	2018	54	1	0	2018-10-27
6599	190	53	51	2018	53	3	0	2018-10-27
6600	190	46	60	2018	\N	1	1	2018-10-27
6602	190	50	63	2018	\N	2	2	2018-10-28
6603	190	45	58	2018	45	2	1	2018-10-28
6604	190	48	64	2018	64	0	1	2018-10-29
6605	190	55	45	2018	45	1	2	2018-11-03
6606	190	47	53	2018	47	1	0	2018-11-03
6607	190	58	54	2018	58	3	1	2018-11-03
6608	190	56	46	2018	46	0	1	2018-11-03
6609	190	60	62	2018	60	4	2	2018-11-03
6611	190	57	48	2018	48	2	3	2018-11-03
6612	190	64	61	2018	64	6	1	2018-11-04
6613	190	52	50	2018	52	3	1	2018-11-04
6614	190	51	49	2018	51	1	0	2018-11-05
6615	190	56	54	2018	56	2	1	2018-11-10
6616	190	47	55	2018	47	2	1	2018-11-10
6617	190	46	62	2018	\N	0	0	2018-11-10
6619	190	61	53	2018	\N	1	1	2018-11-10
6620	190	50	48	2018	48	0	1	2018-11-10
6621	190	59	49	2018	59	2	0	2018-11-11
6622	190	52	58	2018	\N	0	0	2018-11-11
6623	190	64	45	2018	64	3	1	2018-11-11
6625	190	49	61	2018	49	3	2	2018-11-24
6626	190	58	56	2018	58	1	0	2018-11-24
6627	190	45	50	2018	\N	0	0	2018-11-24
6628	190	60	64	2018	64	0	4	2018-11-24
6629	190	54	46	2018	\N	1	1	2018-11-24
6631	190	48	52	2018	48	3	1	2018-11-24
6632	190	55	63	2018	63	1	2	2018-11-25
6633	190	57	51	2018	51	0	2	2018-11-25
6634	190	62	47	2018	47	1	2	2018-11-26
6635	190	56	57	2018	56	2	1	2018-11-30
6636	190	64	55	2018	64	3	1	2018-12-01
6637	190	47	60	2018	60	0	3	2018-12-01
6638	190	46	53	2018	46	2	0	2018-12-01
6639	190	51	54	2018	54	1	2	2018-12-01
6640	190	50	62	2018	50	2	0	2018-12-01
6641	190	61	45	2018	\N	2	2	2018-12-01
6643	190	63	48	2018	63	4	2	2018-12-02
6644	190	59	58	2018	59	1	0	2018-12-02
6645	190	60	56	2018	60	3	1	2018-12-04
6646	190	54	50	2018	54	3	1	2018-12-04
6647	190	55	51	2018	55	2	1	2018-12-04
6648	190	53	64	2018	64	1	2	2018-12-04
6649	190	57	52	2018	57	2	1	2018-12-05
6650	190	49	46	2018	\N	1	1	2018-12-05
6651	190	62	59	2018	59	1	3	2018-12-05
6653	190	45	63	2018	\N	2	2	2018-12-05
6654	190	48	61	2018	48	3	1	2018-12-05
6655	190	55	59	2018	59	0	4	2018-12-08
6656	190	63	51	2018	63	1	0	2018-12-08
6657	190	45	49	2018	45	4	1	2018-12-08
6658	190	62	54	2018	62	1	0	2018-12-08
6659	190	56	61	2018	56	1	0	2018-12-08
6660	190	60	50	2018	60	3	2	2018-12-08
6662	190	46	48	2018	48	0	2	2018-12-08
6663	190	47	57	2018	57	1	2	2018-12-09
6664	190	58	53	2018	\N	2	2	2018-12-10
6665	190	64	58	2018	64	3	1	2018-12-15
6666	190	57	55	2018	57	2	0	2018-12-15
6667	190	48	62	2018	48	1	0	2018-12-15
6668	190	51	47	2018	47	0	1	2018-12-15
6669	190	50	46	2018	50	1	0	2018-12-15
6670	190	53	56	2018	53	3	2	2018-12-15
6671	190	49	60	2018	60	0	2	2018-12-15
6673	190	54	52	2018	52	1	2	2018-12-16
6674	190	59	45	2018	59	3	1	2018-12-16
6675	190	57	59	2018	59	0	2	2018-12-21
6676	190	63	62	2018	63	3	1	2018-12-22
6677	190	64	50	2018	50	2	3	2018-12-22
6678	190	47	49	2018	\N	0	0	2018-12-22
6679	190	52	46	2018	46	0	1	2018-12-22
6680	190	51	61	2018	61	1	3	2018-12-22
6681	190	60	53	2018	53	0	2	2018-12-22
6682	190	55	54	2018	55	2	0	2018-12-22
6684	190	58	48	2018	48	2	6	2018-12-23
6685	190	49	57	2018	\N	1	1	2018-12-26
6686	190	59	47	2018	59	4	0	2018-12-26
6687	190	48	55	2018	48	5	0	2018-12-26
6688	190	45	51	2018	45	3	1	2018-12-26
6690	190	62	58	2018	58	1	5	2018-12-26
6691	190	50	56	2018	\N	0	0	2018-12-26
6693	190	53	52	2018	52	1	2	2018-12-26
6694	190	61	60	2018	60	1	2	2018-12-27
6695	190	46	56	2018	56	0	1	2018-12-29
6696	190	54	58	2018	54	1	0	2018-12-29
6697	190	53	47	2018	\N	1	1	2018-12-29
6698	190	49	51	2018	49	1	0	2018-12-29
6700	190	59	63	2018	59	5	1	2018-12-29
6701	190	50	52	2018	52	0	1	2018-12-30
6702	190	62	60	2018	62	2	0	2018-12-30
6703	190	61	64	2018	64	1	3	2018-12-30
6704	190	45	55	2018	45	4	1	2018-12-30
6705	190	58	46	2018	46	0	1	2019-01-01
6706	190	63	49	2018	63	4	1	2019-01-01
6707	190	56	48	2018	48	0	3	2019-01-01
6708	190	57	50	2018	50	0	2	2019-01-02
6710	190	51	62	2018	62	1	2	2019-01-02
6711	190	60	54	2018	\N	2	2	2019-01-02
6712	190	55	53	2018	\N	3	3	2019-01-02
6713	190	47	45	2018	45	0	2	2019-01-02
6714	190	64	59	2018	64	2	1	2019-01-03
6716	190	46	61	2018	61	1	2	2019-01-12
6717	190	62	49	2018	62	2	1	2019-01-12
6718	190	56	51	2018	\N	0	0	2019-01-12
6719	190	50	53	2018	53	1	2	2019-01-12
6720	190	54	59	2018	59	0	1	2019-01-12
6721	190	52	47	2018	52	2	1	2019-01-12
6722	190	58	55	2018	58	2	0	2019-01-13
6723	190	48	45	2018	45	0	1	2019-01-13
6724	190	64	57	2018	64	3	0	2019-01-14
6725	190	57	46	2018	57	4	3	2019-01-19
6727	190	47	56	2018	47	3	0	2019-01-19
6728	190	45	54	2018	45	2	1	2019-01-19
6729	190	61	58	2018	61	2	1	2019-01-19
6730	190	53	62	2018	\N	0	0	2019-01-19
6731	190	55	60	2018	55	2	0	2019-01-19
6732	190	63	52	2018	63	2	0	2019-01-19
6733	190	51	64	2018	64	0	3	2019-01-20
6734	190	49	48	2018	48	1	2	2019-01-20
6735	190	57	60	2018	57	3	0	2019-01-29
6736	190	49	54	2018	49	4	2	2019-01-29
6738	190	51	58	2018	58	0	1	2019-01-29
6739	190	45	62	2018	\N	2	2	2019-01-29
6740	190	47	64	2018	47	2	1	2019-01-29
6741	190	55	52	2018	55	4	0	2019-01-30
6742	190	61	50	2018	\N	1	1	2019-01-30
6744	190	48	53	2018	48	2	1	2019-01-30
6745	190	48	47	2018	48	1	0	2019-02-02
6746	190	52	51	2018	52	5	0	2019-02-02
6747	190	58	57	2018	57	1	3	2019-02-02
6748	190	62	61	2018	\N	1	1	2019-02-02
6749	190	50	49	2018	50	2	0	2019-02-02
6750	190	54	53	2018	\N	0	0	2019-02-02
6752	190	46	45	2018	45	0	1	2019-02-03
6753	190	64	63	2018	64	3	1	2019-02-03
6754	190	60	59	2018	\N	1	1	2019-02-04
6755	190	58	64	2018	64	0	2	2019-02-06
6756	190	49	45	2018	45	0	3	2019-02-09
6757	190	59	55	2018	59	3	0	2019-02-09
6758	190	51	63	2018	63	1	2	2019-02-09
6759	190	61	56	2018	56	1	2	2019-02-09
6761	190	53	58	2018	53	1	0	2019-02-09
6762	190	54	62	2018	62	1	3	2019-02-09
6763	190	48	46	2018	48	3	1	2019-02-10
6764	190	64	52	2018	64	6	0	2019-02-10
6765	190	57	47	2018	\N	1	1	2019-02-11
6766	190	56	53	2018	53	1	5	2019-02-22
6767	190	60	49	2018	60	3	1	2019-02-22
6768	190	62	48	2018	62	2	1	2019-02-23
6770	190	55	57	2018	\N	1	1	2019-02-23
6771	190	46	50	2018	50	1	4	2019-02-23
6772	190	63	61	2018	63	2	0	2019-02-24
6773	190	45	59	2018	\N	0	0	2019-02-24
6774	190	46	54	2018	46	2	1	2019-02-26
6775	190	51	57	2018	51	1	0	2019-02-26
6777	190	47	62	2018	47	2	0	2019-02-26
6778	190	63	55	2018	63	5	1	2019-02-27
6779	190	61	49	2018	61	2	0	2019-02-27
6780	190	50	45	2018	45	1	3	2019-02-27
6781	190	59	53	2018	59	5	0	2019-02-27
6782	190	64	60	2018	64	1	0	2019-02-27
6783	190	52	48	2018	52	2	0	2019-02-27
6784	190	48	63	2018	\N	1	1	2019-03-02
6785	190	57	56	2018	57	2	0	2019-03-02
6786	190	45	61	2018	45	3	2	2019-03-02
6788	190	54	51	2018	54	1	0	2019-03-02
6789	190	55	64	2018	64	0	1	2019-03-02
6790	190	60	47	2018	60	2	0	2019-03-02
6791	190	53	46	2018	53	2	1	2019-03-03
6792	190	49	52	2018	52	1	2	2019-03-03
6793	190	58	59	2018	\N	0	0	2019-03-03
6794	190	50	54	2018	54	1	2	2019-03-09
6795	190	47	58	2018	47	3	2	2019-03-09
6796	190	46	49	2018	46	3	1	2019-03-09
6797	190	51	55	2018	55	0	2	2019-03-09
6799	190	61	48	2018	61	2	1	2019-03-09
6800	190	64	53	2018	64	3	1	2019-03-09
6801	190	59	62	2018	59	4	2	2019-03-10
6802	190	52	57	2018	\N	1	1	2019-03-10
6803	190	63	45	2018	63	2	0	2019-03-10
6804	190	62	46	2018	46	1	2	2019-03-16
6805	190	60	51	2018	60	4	3	2019-03-16
6806	190	55	47	2018	\N	2	2	2019-03-16
6808	190	58	52	2018	58	2	0	2019-03-17
6809	190	49	64	2018	64	0	2	2019-03-30
6810	190	45	53	2018	45	2	1	2019-03-30
6811	190	46	55	2018	46	2	0	2019-03-30
6812	190	62	57	2018	62	2	0	2019-03-30
6813	190	50	51	2018	50	2	0	2019-03-30
6814	190	54	61	2018	61	0	1	2019-03-30
6815	190	60	58	2018	58	0	2	2019-03-30
6816	190	56	52	2018	52	1	2	2019-03-31
6817	190	59	48	2018	59	2	1	2019-03-31
6818	190	63	47	2018	63	2	0	2019-04-01
6819	190	57	45	2018	57	2	1	2019-04-02
6821	190	52	54	2018	52	3	0	2019-04-03
6822	190	48	50	2018	48	2	0	2019-04-03
6823	190	64	56	2018	64	2	0	2019-04-03
6824	190	61	59	2018	59	1	3	2019-04-05
6825	190	47	50	2018	50	0	1	2019-04-06
6826	190	51	46	2018	46	1	4	2019-04-06
6827	190	55	62	2018	62	1	3	2019-04-06
6828	190	58	63	2018	58	1	0	2019-04-07
6829	190	52	60	2018	52	2	0	2019-04-08
6830	190	46	47	2018	47	0	1	2019-04-12
6831	190	48	51	2018	48	4	0	2019-04-13
6832	190	49	58	2018	49	2	0	2019-04-13
6833	190	62	56	2018	62	2	0	2019-04-13
6834	190	61	57	2018	61	3	1	2019-04-13
6836	190	45	60	2018	45	2	1	2019-04-13
6838	190	59	52	2018	59	2	0	2019-04-14
6839	190	53	63	2018	63	0	1	2019-04-15
6840	190	54	56	2018	56	0	2	2019-04-16
6841	190	64	48	2018	64	1	0	2019-04-20
6842	190	57	54	2018	\N	0	0	2019-04-20
6843	190	51	53	2018	53	1	2	2019-04-20
6845	190	55	49	2018	49	0	1	2019-04-20
6846	190	47	61	2018	47	3	1	2019-04-20
6847	190	58	45	2018	58	4	0	2019-04-21
6848	190	63	50	2018	50	2	3	2019-04-21
6849	190	56	59	2018	59	0	2	2019-04-21
6850	190	52	62	2018	\N	2	2	2019-04-22
6851	190	53	61	2018	\N	1	1	2019-04-23
6853	190	57	63	2018	57	3	1	2019-04-24
6854	190	45	64	2018	64	0	2	2019-04-24
6855	190	59	51	2018	59	5	0	2019-04-26
6856	190	48	60	2018	60	0	1	2019-04-27
6857	190	49	56	2018	49	1	0	2019-04-27
6858	190	61	55	2018	\N	3	3	2019-04-27
6860	190	53	57	2018	57	1	2	2019-04-27
6861	190	54	47	2018	\N	1	1	2019-04-27
6862	190	46	63	2018	46	3	0	2019-04-28
6863	190	62	64	2018	64	0	1	2019-04-28
6864	190	45	52	2018	\N	1	1	2019-04-28
6865	190	58	62	2018	58	2	0	2019-05-03
6867	190	57	49	2018	57	1	0	2019-05-04
6868	190	60	61	2018	60	3	0	2019-05-04
6869	190	56	50	2018	50	2	3	2019-05-04
6870	190	47	59	2018	59	2	3	2019-05-04
6871	190	52	53	2018	52	3	0	2019-05-05
6872	190	51	45	2018	\N	1	1	2019-05-05
6873	190	63	54	2018	\N	1	1	2019-05-05
6875	190	49	47	2018	47	0	4	2019-05-12
6876	190	59	57	2018	59	2	0	2019-05-12
6877	190	48	58	2018	\N	2	2	2019-05-12
6878	190	45	56	2018	56	0	2	2019-05-12
6879	190	46	52	2018	\N	0	0	2019-05-12
6881	190	61	51	2018	\N	1	1	2019-05-12
6882	190	50	55	2018	50	5	3	2019-05-12
6883	190	54	64	2018	64	1	4	2019-05-12
6884	190	53	60	2018	60	1	4	2019-05-12
6910	194	74	73	2018	74	2	1	2018-07-17
6912	194	93	92	2018	92	0	2	2018-07-17
6929	194	92	74	2018	\N	0	0	2018-07-25
6941	194	74	92	2018	74	1	0	2018-08-01
6944	194	84	104	2018	104	0	2	2018-08-07
6945	194	97	105	2018	105	0	1	2018-08-07
6947	194	108	109	2018	\N	1	1	2018-08-07
6948	194	110	106	2018	\N	2	2	2018-08-07
6954	194	109	108	2018	109	2	0	2018-08-14
6955	194	105	97	2018	\N	1	1	2018-08-14
6957	194	104	84	2018	104	1	0	2018-08-14
6958	194	74	81	2018	\N	0	0	2018-08-14
6963	194	106	110	2018	106	3	0	2018-08-14
6965	194	111	102	2018	\N	1	1	2018-08-21
6966	194	105	116	2018	116	2	3	2018-08-21
6969	194	117	104	2018	\N	1	1	2018-08-22
6971	194	109	106	2018	\N	0	0	2018-08-28
6974	194	102	111	2018	111	1	4	2018-08-29
6975	194	116	105	2018	116	3	0	2018-08-29
6976	194	118	116	2018	118	4	0	2018-09-18
6977	194	119	48	2018	119	2	1	2018-09-18
6980	194	59	124	2018	59	3	2	2018-09-18
6981	194	89	125	2018	\N	0	0	2018-09-18
6982	194	126	127	2018	\N	1	1	2018-09-18
6986	194	111	132	2018	132	0	2	2018-09-19
6988	194	134	135	2018	134	3	0	2018-09-19
6990	194	138	139	2018	139	0	2	2018-09-19
6991	194	117	45	2018	45	0	3	2018-09-19
6992	194	131	64	2018	64	1	2	2018-10-02
6993	194	139	117	2018	139	3	0	2018-10-02
6999	194	45	138	2018	\N	0	0	2018-10-02
7003	194	121	122	2018	121	3	1	2018-10-03
7004	194	48	118	2018	118	2	4	2018-10-03
7005	194	116	119	2018	119	1	2	2018-10-03
7006	194	125	59	2018	125	1	0	2018-10-03
7009	194	117	138	2018	\N	1	1	2018-10-23
7010	194	106	111	2018	106	1	0	2018-10-23
7015	194	45	139	2018	139	0	1	2018-10-23
7017	194	116	48	2018	\N	2	2	2018-10-24
7019	194	118	119	2018	118	2	0	2018-10-24
7020	194	59	89	2018	59	4	0	2018-10-24
7021	194	124	125	2018	\N	2	2	2018-10-24
7025	194	89	59	2018	89	2	0	2018-11-06
7026	194	121	123	2018	121	2	0	2018-11-06
7027	194	48	116	2018	48	2	1	2018-11-06
7028	194	119	118	2018	\N	1	1	2018-11-06
7029	194	125	124	2018	\N	1	1	2018-11-06
7033	194	138	117	2018	138	3	1	2018-11-07
7035	194	111	106	2018	\N	1	1	2018-11-07
7039	194	139	45	2018	45	1	2	2018-11-07
7042	194	132	111	2018	132	5	1	2018-11-27
7045	194	135	134	2018	134	0	2	2018-11-27
7046	194	45	117	2018	45	1	0	2018-11-27
7047	194	139	138	2018	139	1	0	2018-11-27
7050	194	123	122	2018	\N	0	0	2018-11-28
7051	194	48	119	2018	48	1	0	2018-11-28
7052	194	116	118	2018	118	1	2	2018-11-28
7053	194	124	59	2018	124	2	1	2018-11-28
7054	194	125	89	2018	125	3	1	2018-11-28
7055	194	127	126	2018	127	3	1	2018-11-28
7060	194	118	48	2018	\N	1	1	2018-12-11
7061	194	119	116	2018	\N	1	1	2018-12-11
7062	194	59	125	2018	59	1	0	2018-12-11
7063	194	89	124	2018	124	1	4	2018-12-11
7066	194	106	132	2018	\N	3	3	2018-12-12
7068	194	64	131	2018	64	2	1	2018-12-12
7070	194	138	45	2018	138	2	1	2018-12-12
7072	194	45	124	2018	124	0	2	2019-02-12
7073	194	135	127	2018	135	2	1	2019-02-12
7074	194	48	123	2018	48	3	0	2019-02-13
7075	194	106	134	2018	134	1	2	2019-02-13
7077	194	59	132	2018	\N	0	0	2019-02-19
7079	194	121	139	2018	121	2	0	2019-02-20
7080	194	123	48	2018	48	0	1	2019-03-05
7081	194	134	106	2018	106	1	4	2019-03-05
7082	194	124	45	2018	45	1	3	2019-03-06
7083	194	127	135	2018	127	3	1	2019-03-06
7084	194	64	126	2018	64	7	0	2019-03-12
7085	194	139	121	2018	139	3	0	2019-03-12
7087	194	132	59	2018	59	1	3	2019-03-13
7088	194	59	127	2018	59	2	0	2019-04-09
7089	194	48	64	2018	48	1	0	2019-04-09
7090	194	106	139	2018	\N	1	1	2019-04-10
7092	194	139	106	2018	106	1	2	2019-04-16
7093	194	118	45	2018	118	3	0	2019-04-16
7094	194	127	59	2018	59	1	4	2019-04-17
7095	194	64	48	2018	64	4	3	2019-04-17
7096	194	48	106	2018	106	0	1	2019-04-30
7097	194	118	59	2018	118	3	0	2019-05-01
7098	194	59	118	2018	59	4	0	2019-05-07
7099	194	106	48	2018	48	2	3	2019-05-08
7100	194	48	59	2018	59	0	2	2019-06-01
7158	201	146	124	2018	124	1	3	2018-09-23
7211	201	124	145	2018	124	2	1	2018-11-02
7316	201	124	146	2018	124	4	1	2019-01-27
7419	201	145	124	2018	145	5	1	2019-04-14
7471	201	146	145	2018	146	3	1	2019-05-24
7482	210	157	158	2018	\N	1	1	2018-08-25
7483	210	159	160	2018	159	1	0	2018-08-25
7484	210	161	162	2018	162	1	2	2018-08-25
7485	210	163	164	2018	164	0	2	2018-08-25
7486	210	165	126	2018	165	2	1	2018-08-25
7487	210	166	167	2018	166	2	0	2018-08-25
7488	210	168	169	2018	168	1	0	2018-08-26
7489	210	123	170	2018	123	4	1	2018-08-26
7491	210	164	157	2018	157	1	2	2018-09-01
7492	210	160	168	2018	\N	1	1	2018-09-01
7493	210	167	165	2018	165	1	3	2018-09-01
7494	210	131	163	2018	131	3	1	2018-09-01
7495	210	162	166	2018	\N	1	1	2018-09-01
7496	210	169	132	2018	132	0	3	2018-09-01
7498	210	126	159	2018	159	0	2	2018-09-02
7499	210	123	164	2018	123	3	1	2018-09-14
7500	210	132	167	2018	132	3	1	2018-09-15
7501	210	161	131	2018	161	2	1	2018-09-15
7502	210	165	159	2018	\N	2	2	2018-09-15
7503	210	168	162	2018	168	2	1	2018-09-15
7504	210	170	158	2018	170	3	2	2018-09-15
7505	210	166	126	2018	166	2	1	2018-09-15
7507	210	163	169	2018	\N	3	3	2018-09-16
7508	210	169	161	2018	\N	0	0	2018-09-21
7509	210	160	158	2018	160	2	0	2018-09-22
7510	210	159	166	2018	159	4	2	2018-09-22
7512	210	131	123	2018	\N	1	1	2018-09-22
7513	210	162	157	2018	157	2	3	2018-09-22
7514	210	126	132	2018	132	0	2	2018-09-22
7515	210	167	168	2018	167	1	0	2018-09-23
7516	210	164	170	2018	\N	1	1	2018-09-23
7517	210	157	159	2018	157	3	1	2018-09-25
7519	210	132	162	2018	\N	1	1	2018-09-25
7520	210	163	126	2018	163	1	0	2018-09-25
7521	210	161	167	2018	167	1	2	2018-09-26
7522	210	123	160	2018	123	7	0	2018-09-26
7523	210	166	164	2018	166	3	1	2018-09-26
7524	210	168	165	2018	\N	0	0	2018-09-26
7526	210	159	132	2018	159	2	0	2018-09-28
7527	210	169	157	2018	169	2	1	2018-09-29
7528	210	126	168	2018	126	1	0	2018-09-29
7529	210	160	161	2018	160	3	0	2018-09-29
7530	210	165	166	2018	\N	2	2	2018-09-29
7531	210	131	170	2018	170	1	2	2018-09-29
7532	210	167	123	2018	123	2	4	2018-09-29
7533	210	164	158	2018	164	4	1	2018-09-30
7534	210	162	163	2018	162	4	1	2018-09-30
7535	210	157	165	2018	157	2	0	2018-10-05
7537	210	158	169	2018	158	3	1	2018-10-06
7538	210	161	126	2018	126	0	2	2018-10-06
7539	210	168	159	2018	\N	0	0	2018-10-06
7540	210	132	166	2018	166	0	3	2018-10-06
7543	210	170	160	2018	170	6	0	2018-10-07
7544	210	164	161	2018	164	7	1	2018-10-19
7545	210	169	123	2018	123	0	4	2018-10-20
7546	210	160	131	2018	131	1	3	2018-10-20
7547	210	167	158	2018	\N	2	2	2018-10-20
7548	210	165	132	2018	132	1	3	2018-10-20
7549	210	162	170	2018	\N	0	0	2018-10-20
7551	210	159	163	2018	\N	1	1	2018-10-21
7552	210	166	168	2018	166	4	0	2018-10-21
7553	210	163	166	2018	163	3	1	2018-10-26
7554	210	123	159	2018	\N	2	2	2018-10-27
7556	210	161	165	2018	165	0	3	2018-10-27
7557	210	168	132	2018	132	1	2	2018-10-27
7558	210	131	169	2018	131	4	0	2018-10-27
7559	210	160	164	2018	\N	1	1	2018-10-28
7560	210	170	126	2018	\N	0	0	2018-10-28
7561	210	157	167	2018	167	2	6	2018-10-28
7563	210	126	158	2018	126	3	1	2018-11-03
7564	210	132	163	2018	\N	1	1	2018-11-03
7565	210	167	131	2018	131	1	4	2018-11-03
7566	210	165	123	2018	123	0	1	2018-11-03
7567	210	162	160	2018	\N	2	2	2018-11-03
7568	210	159	170	2018	170	0	3	2018-11-03
7570	210	168	157	2018	168	2	1	2018-11-04
7571	210	158	165	2018	158	2	1	2018-11-09
7572	210	160	169	2018	169	0	2	2018-11-10
7573	210	157	166	2018	166	1	3	2018-11-10
7574	210	161	159	2018	161	4	1	2018-11-10
7575	210	163	168	2018	168	1	3	2018-11-10
7576	210	131	162	2018	131	2	1	2018-11-10
7577	210	123	132	2018	123	3	2	2018-11-10
7578	210	170	167	2018	170	3	0	2018-11-11
7579	210	164	126	2018	164	3	0	2018-11-11
7580	210	167	169	2018	167	2	0	2018-11-23
7581	210	159	131	2018	\N	3	3	2018-11-24
7583	210	165	170	2018	165	1	0	2018-11-24
7584	210	168	123	2018	123	1	2	2018-11-24
7585	210	162	164	2018	164	1	3	2018-11-24
7586	210	126	160	2018	126	5	2	2018-11-24
7587	210	163	157	2018	\N	1	1	2018-11-25
7588	210	166	158	2018	166	4	1	2018-11-25
7590	210	123	163	2018	123	2	0	2018-12-01
7591	210	169	162	2018	169	1	0	2018-12-01
7592	210	157	132	2018	132	1	2	2018-12-01
7593	210	158	159	2018	159	0	2	2018-12-01
7594	210	131	126	2018	\N	1	1	2018-12-01
7595	210	170	166	2018	170	2	0	2018-12-02
7596	210	164	165	2018	165	1	2	2018-12-02
7597	210	160	167	2018	\N	1	1	2018-12-03
7599	210	126	123	2018	123	1	2	2018-12-08
7600	210	132	160	2018	132	3	0	2018-12-08
7601	210	167	162	2018	167	1	0	2018-12-08
7602	210	163	170	2018	163	3	0	2018-12-08
7603	210	165	131	2018	\N	2	2	2018-12-08
7604	210	159	164	2018	159	1	0	2018-12-08
7606	210	166	169	2018	166	3	0	2018-12-09
7607	210	160	165	2018	165	0	2	2018-12-14
7608	210	169	159	2018	169	2	1	2018-12-15
7609	210	158	132	2018	132	0	4	2018-12-15
7610	210	161	163	2018	161	2	0	2018-12-15
7611	210	131	166	2018	\N	0	0	2018-12-15
7612	210	162	126	2018	\N	1	1	2018-12-15
7614	210	170	168	2018	170	4	1	2018-12-16
7615	210	164	167	2018	164	2	1	2018-12-16
7616	210	166	160	2018	166	2	0	2018-12-18
7617	210	159	162	2018	\N	2	2	2018-12-18
7618	210	161	123	2018	161	2	1	2018-12-18
7619	210	165	169	2018	165	2	0	2018-12-18
7620	210	126	167	2018	167	1	2	2018-12-19
7622	210	132	170	2018	132	1	0	2018-12-19
7623	210	163	158	2018	\N	1	1	2018-12-19
7624	210	168	164	2018	\N	2	2	2018-12-19
7625	210	123	166	2018	123	2	1	2018-12-21
7626	210	169	126	2018	126	1	3	2018-12-22
7627	210	160	163	2018	163	0	1	2018-12-22
7629	210	167	159	2018	167	3	1	2018-12-22
7630	210	170	157	2018	170	3	2	2018-12-22
7631	210	164	132	2018	132	0	3	2018-12-22
7632	210	162	165	2018	165	2	3	2018-12-23
7633	210	131	168	2018	\N	1	1	2018-12-23
7634	210	131	132	2018	132	1	3	2019-01-18
7635	210	164	163	2018	164	3	1	2019-01-19
7636	210	169	168	2018	168	2	3	2019-01-19
7637	210	158	157	2018	157	0	1	2019-01-19
7638	210	167	166	2018	166	0	1	2019-01-19
7640	210	170	123	2018	123	0	1	2019-01-19
7641	210	160	159	2018	159	1	3	2019-01-20
7642	210	126	165	2018	126	2	1	2019-01-20
7643	210	159	126	2018	\N	2	2	2019-01-25
7644	210	123	158	2018	123	5	1	2019-01-26
7645	210	166	162	2018	166	2	0	2019-01-26
7646	210	163	131	2018	131	2	4	2019-01-26
7647	210	165	167	2018	167	0	3	2019-01-26
7648	210	168	160	2018	168	2	1	2019-01-26
7650	210	132	169	2018	132	4	1	2019-01-27
7651	210	161	170	2018	170	0	4	2019-01-27
7652	210	158	170	2018	170	0	3	2019-02-01
7653	210	164	123	2018	\N	1	1	2019-02-02
7654	210	160	157	2018	\N	1	1	2019-02-02
7656	210	167	132	2018	167	3	1	2019-02-02
7657	210	131	161	2018	\N	1	1	2019-02-02
7658	210	126	166	2018	166	0	2	2019-02-02
7659	210	162	168	2018	162	3	0	2019-02-03
7660	210	169	163	2018	\N	2	2	2019-02-03
7661	210	168	167	2018	167	1	5	2019-02-08
7663	210	158	160	2018	158	2	0	2019-02-09
7664	210	166	159	2018	159	0	3	2019-02-09
7665	210	163	165	2018	\N	3	3	2019-02-09
7666	210	170	164	2018	\N	0	0	2019-02-09
7668	210	157	162	2018	157	4	0	2019-02-10
7669	210	161	169	2018	161	3	0	2019-02-10
7670	210	162	132	2018	132	2	3	2019-02-15
7671	210	169	170	2018	170	1	3	2019-02-16
7672	210	126	163	2018	\N	0	0	2019-02-16
7673	210	165	168	2018	165	3	0	2019-02-16
7674	210	131	158	2018	131	3	0	2019-02-16
7675	210	159	157	2018	\N	1	1	2019-02-16
7677	210	167	161	2018	167	2	0	2019-02-17
7678	210	160	123	2018	\N	0	0	2019-02-18
7679	210	157	169	2018	\N	1	1	2019-02-22
7681	210	132	159	2018	132	1	0	2019-02-23
7684	210	161	160	2018	161	2	1	2019-02-23
7685	210	158	164	2018	164	0	3	2019-02-24
7686	210	123	167	2018	123	3	2	2019-02-24
7687	210	170	131	2018	\N	1	1	2019-02-25
7688	210	162	123	2018	162	2	1	2019-03-01
7689	210	164	131	2018	164	3	2	2019-03-02
7690	210	126	161	2018	161	0	4	2019-03-02
7691	210	160	170	2018	170	0	1	2019-03-02
7692	210	159	168	2018	159	2	1	2019-03-02
7693	210	167	163	2018	167	2	0	2019-03-02
7695	210	169	158	2018	169	5	1	2019-03-03
7696	210	165	157	2018	\N	1	1	2019-03-03
7697	210	157	126	2018	157	4	2	2019-03-08
7698	210	123	169	2018	123	3	1	2019-03-09
7699	210	132	165	2018	132	6	0	2019-03-09
7700	210	163	159	2018	163	2	1	2019-03-09
7701	210	170	162	2018	\N	0	0	2019-03-09
7703	210	131	160	2018	131	2	1	2019-03-10
7704	210	158	167	2018	167	2	3	2019-03-10
7705	210	161	164	2018	164	0	3	2019-03-11
7706	210	166	163	2018	\N	1	1	2019-03-15
7707	210	169	131	2018	\N	1	1	2019-03-16
7709	210	165	161	2018	165	5	2	2019-03-16
7710	210	162	158	2018	162	3	1	2019-03-16
7711	210	159	123	2018	123	2	3	2019-03-16
7712	210	167	157	2018	157	1	3	2019-03-17
7713	210	164	160	2018	164	1	0	2019-03-17
7714	210	132	168	2018	132	6	0	2019-03-17
7715	210	131	167	2018	131	4	1	2019-03-29
7716	210	123	165	2018	123	2	0	2019-03-30
7717	210	160	162	2018	160	3	0	2019-03-30
7718	210	157	168	2018	157	3	1	2019-03-30
7719	210	161	166	2018	161	3	1	2019-03-30
7720	210	163	132	2018	\N	1	1	2019-03-30
7722	210	158	126	2018	126	0	1	2019-03-31
7723	210	164	169	2018	164	3	0	2019-03-31
7724	210	168	163	2018	168	5	0	2019-04-05
7725	210	169	160	2018	\N	1	1	2019-04-06
7726	210	126	164	2018	164	1	2	2019-04-06
7727	210	159	161	2018	161	1	2	2019-04-06
7728	210	167	170	2018	170	2	4	2019-04-06
7729	210	165	158	2018	165	3	1	2019-04-06
7731	210	162	131	2018	131	0	4	2019-04-07
7732	210	166	157	2018	\N	1	1	2019-04-07
7733	210	160	126	2018	\N	1	1	2019-04-12
7734	210	169	167	2018	167	0	1	2019-04-13
7735	210	157	163	2018	157	2	1	2019-04-13
7736	210	158	166	2018	166	0	1	2019-04-13
7738	210	123	168	2018	123	2	1	2019-04-13
7739	210	131	159	2018	131	2	0	2019-04-14
7740	210	161	132	2018	132	1	4	2019-04-14
7741	210	164	162	2018	162	1	3	2019-04-14
7742	210	132	157	2018	132	1	0	2019-04-20
7743	210	167	160	2018	167	2	0	2019-04-20
7744	210	168	161	2018	168	3	1	2019-04-20
7745	210	162	169	2018	162	6	0	2019-04-20
7746	210	166	170	2018	170	1	2	2019-04-20
7747	210	126	131	2018	131	2	5	2019-04-20
7748	210	163	123	2018	123	0	4	2019-04-21
7749	210	159	158	2018	\N	0	0	2019-04-21
7751	210	162	167	2018	167	1	4	2019-04-26
7752	210	164	159	2018	\N	0	0	2019-04-27
7753	210	123	126	2018	126	2	4	2019-04-27
7754	210	158	168	2018	158	1	0	2019-04-27
7755	210	161	157	2018	161	4	1	2019-04-27
7756	210	170	163	2018	170	2	1	2019-04-27
7758	210	131	165	2018	165	1	4	2019-04-28
7759	210	160	132	2018	\N	1	1	2019-04-28
7760	210	168	170	2018	\N	3	3	2019-05-03
7761	210	159	169	2018	159	3	1	2019-05-04
7763	210	132	158	2018	132	3	1	2019-05-04
7764	210	165	160	2018	165	2	0	2019-05-04
7765	210	157	123	2018	\N	2	2	2019-05-04
7766	210	126	162	2018	\N	0	0	2019-05-05
7768	210	167	164	2018	167	6	1	2019-05-05
7769	210	123	161	2018	123	3	2	2019-05-11
7770	210	169	165	2018	169	3	0	2019-05-11
7771	210	160	166	2018	166	0	4	2019-05-11
7772	210	158	163	2018	158	3	0	2019-05-11
7773	210	167	126	2018	\N	1	1	2019-05-11
7774	210	131	157	2018	157	0	1	2019-05-11
7775	210	162	159	2018	159	3	4	2019-05-11
7777	210	164	168	2018	168	0	2	2019-05-12
7778	210	126	169	2018	\N	0	0	2019-05-18
7779	210	157	170	2018	157	2	1	2019-05-18
7780	210	159	167	2018	167	1	5	2019-05-18
7781	210	166	123	2018	123	0	2	2019-05-18
7782	210	132	164	2018	132	5	1	2019-05-18
7783	210	161	158	2018	161	2	1	2019-05-18
7784	210	163	160	2018	163	5	1	2019-05-18
7785	210	165	162	2018	165	8	1	2019-05-18
7786	210	168	131	2018	168	4	2	2019-05-18
7788	225	172	125	2018	125	1	2	2018-08-18
7789	225	173	135	2018	135	0	1	2018-08-19
7790	225	174	175	2018	175	0	1	2018-08-19
7791	225	176	177	2018	\N	2	2	2018-08-19
7792	225	178	179	2018	178	2	0	2018-08-19
7793	225	180	119	2018	180	1	0	2018-08-19
7794	225	181	182	2018	181	4	0	2018-08-20
7795	225	139	172	2018	139	2	0	2018-08-25
7796	225	125	183	2018	125	3	2	2018-08-25
7797	225	175	176	2018	175	1	0	2018-08-26
7799	225	179	180	2018	\N	2	2	2018-08-26
7800	225	119	173	2018	\N	2	2	2018-08-26
7801	225	185	178	2018	185	2	1	2018-08-26
7802	225	182	174	2018	\N	0	0	2018-08-26
7804	225	135	181	2018	\N	3	3	2018-08-27
7805	225	183	135	2018	183	2	1	2018-08-31
7806	225	174	119	2018	119	0	3	2018-09-01
7807	225	176	139	2018	139	1	2	2018-09-01
7808	225	184	177	2018	184	1	0	2018-09-02
7809	225	172	182	2018	172	1	0	2018-09-02
7810	225	186	125	2018	186	3	0	2018-09-02
7811	225	173	175	2018	173	1	0	2018-09-02
7813	225	181	179	2018	179	0	1	2018-09-02
7814	225	171	178	2018	\N	0	0	2018-09-02
7815	225	119	176	2018	176	0	1	2018-09-15
7816	225	125	184	2018	125	1	0	2018-09-15
7817	225	182	186	2018	186	0	5	2018-09-15
7818	225	135	171	2018	\N	2	2	2018-09-16
7820	225	177	173	2018	\N	1	1	2018-09-16
7821	225	185	174	2018	185	1	0	2018-09-16
7824	225	175	181	2018	175	2	0	2018-09-17
7825	225	186	184	2018	\N	1	1	2018-09-19
7826	225	180	178	2018	180	3	1	2018-09-21
7827	225	176	179	2018	176	2	0	2018-09-22
7828	225	184	175	2018	184	3	0	2018-09-22
7829	225	186	119	2018	119	0	1	2018-09-22
7830	225	173	125	2018	125	1	3	2018-09-23
7831	225	172	185	2018	172	4	1	2018-09-23
7832	225	171	177	2018	177	0	2	2018-09-23
7833	225	174	135	2018	174	2	0	2018-09-23
7835	225	182	139	2018	139	0	2	2018-09-23
7836	225	119	184	2018	119	2	1	2018-09-25
7837	225	177	172	2018	172	1	2	2018-09-26
7838	225	139	174	2018	139	2	0	2018-09-26
7839	225	125	176	2018	125	3	0	2018-09-26
7840	225	135	182	2018	135	4	0	2018-09-26
7841	225	181	173	2018	\N	0	0	2018-09-26
7843	225	185	171	2018	185	2	0	2018-09-26
7844	225	175	180	2018	180	0	2	2018-09-27
7845	225	178	183	2018	\N	1	1	2018-09-27
7846	225	135	172	2018	135	3	1	2018-09-29
7847	225	139	125	2018	139	3	1	2018-09-29
7848	225	119	179	2018	119	2	0	2018-09-29
7849	225	174	177	2018	174	2	1	2018-09-30
7850	225	184	181	2018	184	2	0	2018-09-30
7851	225	171	173	2018	173	0	1	2018-09-30
7853	225	176	178	2018	176	1	0	2018-09-30
7854	225	180	183	2018	183	1	4	2018-09-30
7855	225	186	175	2018	186	2	1	2018-10-01
7856	225	173	182	2018	173	3	2	2018-10-05
7857	225	179	174	2018	179	2	0	2018-10-06
7858	225	177	139	2018	139	0	2	2018-10-06
7859	225	178	135	2018	135	0	2	2018-10-06
7860	225	185	176	2018	176	1	3	2018-10-07
7861	225	172	184	2018	172	1	0	2018-10-07
7862	225	183	171	2018	183	3	1	2018-10-07
7863	225	181	186	2018	186	0	1	2018-10-07
7864	225	125	180	2018	125	2	0	2018-10-07
7865	225	175	119	2018	119	1	2	2018-10-07
7866	225	135	175	2018	175	0	2	2018-10-20
7868	225	177	125	2018	125	0	3	2018-10-20
7869	225	182	178	2018	\N	3	3	2018-10-21
7870	225	176	172	2018	172	0	2	2018-10-21
7871	225	171	181	2018	181	1	5	2018-10-21
7872	225	174	173	2018	\N	2	2	2018-10-21
7874	225	119	183	2018	119	1	0	2018-10-21
7875	225	186	180	2018	\N	0	0	2018-10-22
7876	225	181	176	2018	181	3	0	2018-10-27
7877	225	178	139	2018	139	1	2	2018-10-27
7878	225	173	184	2018	\N	1	1	2018-10-27
7880	225	179	171	2018	179	2	1	2018-10-28
7881	225	185	177	2018	\N	2	2	2018-10-28
7882	225	175	182	2018	182	0	3	2018-10-28
7883	225	183	186	2018	183	3	2	2018-10-28
7885	225	172	119	2018	119	0	3	2018-10-29
7886	225	183	185	2018	183	2	1	2018-10-31
7887	225	125	178	2018	125	5	1	2018-11-02
7888	225	119	185	2018	119	5	0	2018-11-03
7889	225	184	135	2018	\N	1	1	2018-11-03
7890	225	139	179	2018	139	3	1	2018-11-03
7891	225	172	175	2018	172	4	1	2018-11-04
7892	225	176	182	2018	\N	0	0	2018-11-04
7894	225	171	180	2018	180	0	2	2018-11-04
7895	225	174	181	2018	181	1	2	2018-11-04
7896	225	177	183	2018	183	0	1	2018-11-04
7897	225	182	184	2018	\N	1	1	2018-11-09
7898	225	173	176	2018	176	1	2	2018-11-10
7899	225	175	179	2018	\N	2	2	2018-11-10
7901	225	181	119	2018	181	4	1	2018-11-11
7902	225	135	186	2018	135	4	1	2018-11-11
7903	225	171	174	2018	\N	2	2	2018-11-11
7904	225	178	177	2018	178	2	1	2018-11-11
7905	225	180	172	2018	\N	1	1	2018-11-11
7907	225	177	135	2018	177	1	0	2018-11-24
7908	225	139	175	2018	139	2	0	2018-11-24
7909	225	119	182	2018	119	3	0	2018-11-24
7910	225	176	180	2018	176	2	1	2018-11-25
7911	225	125	171	2018	\N	0	0	2018-11-25
7912	225	174	184	2018	\N	0	0	2018-11-25
7914	225	172	183	2018	\N	1	1	2018-11-25
7915	225	185	186	2018	\N	1	1	2018-11-25
7916	225	179	173	2018	\N	0	0	2018-11-26
7918	225	184	139	2018	139	0	3	2018-12-01
7919	225	186	174	2018	186	4	1	2018-12-01
7920	225	183	176	2018	183	2	1	2018-12-02
7921	225	173	185	2018	173	2	1	2018-12-02
7922	225	180	177	2018	\N	0	0	2018-12-02
7924	225	171	172	2018	\N	1	1	2018-12-02
7925	225	135	119	2018	\N	2	2	2018-12-02
7926	225	181	125	2018	125	1	2	2018-12-03
7927	225	139	119	2018	139	1	0	2018-12-07
7928	225	125	182	2018	125	4	0	2018-12-08
7930	225	172	186	2018	\N	2	2	2018-12-08
7931	225	180	184	2018	\N	3	3	2018-12-09
7933	225	177	181	2018	181	1	3	2018-12-09
7934	225	178	174	2018	178	2	1	2018-12-09
7935	225	185	175	2018	\N	1	1	2018-12-09
7936	225	183	173	2018	\N	0	0	2018-12-09
7937	225	119	177	2018	119	1	0	2018-12-15
7938	225	173	139	2018	139	0	1	2018-12-15
7940	225	184	178	2018	184	3	1	2018-12-16
7941	225	186	176	2018	186	2	0	2018-12-16
7942	225	182	180	2018	180	0	2	2018-12-16
7943	225	179	125	2018	125	0	1	2018-12-16
7944	225	135	185	2018	135	3	2	2018-12-16
7945	225	181	172	2018	181	1	0	2018-12-17
7946	225	174	183	2018	\N	0	0	2018-12-18
7947	225	172	179	2018	172	3	1	2018-12-22
7949	225	183	184	2018	184	0	1	2018-12-22
7950	225	177	182	2018	\N	1	1	2018-12-22
7951	225	185	181	2018	185	3	1	2018-12-22
7952	225	178	186	2018	186	2	4	2018-12-22
7953	225	180	173	2018	\N	1	1	2018-12-22
7955	225	171	119	2018	\N	1	1	2018-12-22
7956	225	139	135	2018	139	1	0	2018-12-22
7957	225	182	183	2018	\N	0	0	2018-12-26
7958	225	184	176	2018	176	0	1	2018-12-26
7960	225	186	171	2018	186	2	0	2018-12-26
7961	225	179	185	2018	179	1	0	2018-12-26
7962	225	174	172	2018	172	0	2	2018-12-26
7963	225	135	180	2018	135	3	1	2018-12-26
7965	225	175	177	2018	\N	0	0	2018-12-26
7966	225	119	125	2018	119	1	0	2018-12-26
7967	225	139	186	2018	139	2	1	2018-12-29
7968	225	172	173	2018	\N	1	1	2018-12-29
7969	225	176	135	2018	135	0	2	2018-12-29
7970	225	177	179	2018	177	2	0	2018-12-29
7972	225	185	184	2018	\N	0	0	2018-12-29
7973	225	178	119	2018	119	0	1	2018-12-29
7974	225	180	181	2018	181	2	6	2018-12-29
7975	225	125	174	2018	125	3	2	2018-12-29
7976	225	183	175	2018	183	2	1	2018-12-29
7977	225	135	173	2018	135	3	2	2019-01-19
7978	225	177	176	2018	176	1	2	2019-01-19
7979	225	119	180	2018	\N	0	0	2019-01-19
7981	225	184	186	2018	\N	3	3	2019-01-20
7982	225	175	174	2018	\N	1	1	2019-01-20
7984	225	125	172	2018	125	2	1	2019-01-20
7985	225	185	183	2018	183	0	2	2019-01-21
7986	225	139	171	2018	139	3	0	2019-01-21
7987	225	180	179	2018	180	3	0	2019-01-26
7988	225	186	177	2018	186	4	0	2019-01-26
7989	225	183	125	2018	\N	0	0	2019-01-26
7990	225	171	184	2018	184	3	4	2019-01-27
7991	225	176	175	2018	175	2	3	2019-01-27
7993	225	174	182	2018	182	0	4	2019-01-27
7994	225	173	119	2018	173	1	0	2019-01-27
7995	225	172	139	2018	139	1	2	2019-01-27
7996	225	178	185	2018	185	1	3	2019-01-28
7997	225	178	171	2018	\N	2	2	2019-02-02
7998	225	125	186	2018	125	3	0	2019-02-02
7999	225	139	176	2018	\N	3	3	2019-02-02
8001	225	177	184	2018	\N	1	1	2019-02-03
8002	225	185	180	2018	\N	1	1	2019-02-03
8003	225	119	174	2018	174	0	1	2019-02-03
8005	225	182	172	2018	172	0	1	2019-02-04
8006	225	179	181	2018	181	0	1	2019-02-04
8007	225	172	178	2018	172	1	0	2019-02-07
8008	225	171	135	2018	135	0	3	2019-02-08
8009	225	184	125	2018	\N	0	0	2019-02-09
8010	225	176	119	2018	119	0	1	2019-02-09
8012	225	181	175	2018	181	2	1	2019-02-10
8013	225	186	182	2018	182	0	1	2019-02-10
8014	225	173	177	2018	173	1	0	2019-02-10
8015	225	180	139	2018	139	0	3	2019-02-10
8016	225	183	179	2018	183	3	0	2019-02-10
8017	225	139	182	2018	139	3	0	2019-02-15
8018	225	179	176	2018	179	2	1	2019-02-16
8019	225	181	183	2018	183	1	3	2019-02-16
8020	225	175	184	2018	184	1	4	2019-02-17
8021	225	177	171	2018	177	1	0	2019-02-17
8022	225	185	172	2018	185	2	1	2019-02-17
8023	225	178	180	2018	178	3	0	2019-02-17
8024	225	119	186	2018	119	2	1	2019-02-17
8026	225	135	174	2018	135	2	1	2019-02-18
8027	225	183	178	2018	183	3	0	2019-02-22
8028	225	173	181	2018	173	2	0	2019-02-23
8029	225	182	135	2018	135	2	3	2019-02-23
8030	225	186	179	2018	186	1	0	2019-02-24
8031	225	171	185	2018	\N	0	0	2019-02-24
8032	225	174	139	2018	139	0	1	2019-02-24
8034	225	176	125	2018	125	0	4	2019-02-24
8035	225	184	119	2018	\N	3	3	2019-02-24
8036	225	179	119	2018	179	2	1	2019-03-01
8037	225	178	176	2018	\N	3	3	2019-03-02
8038	225	183	180	2018	183	1	0	2019-03-02
8039	225	172	135	2018	172	3	0	2019-03-02
8041	225	177	174	2018	177	2	1	2019-03-03
8042	225	185	182	2018	\N	0	0	2019-03-03
8043	225	175	186	2018	186	1	2	2019-03-03
8044	225	181	184	2018	181	3	1	2019-03-03
8045	225	125	139	2018	139	1	2	2019-03-03
8046	225	139	177	2018	139	4	1	2019-03-08
8047	225	176	185	2018	176	1	0	2019-03-09
8048	225	171	183	2018	183	1	2	2019-03-09
8049	225	174	179	2018	174	2	0	2019-03-10
8050	225	119	175	2018	119	2	0	2019-03-10
8052	225	182	173	2018	173	1	2	2019-03-10
8053	225	180	125	2018	\N	1	1	2019-03-10
8054	225	184	172	2018	\N	1	1	2019-03-10
8055	225	135	178	2018	135	2	1	2019-03-11
8056	225	179	184	2018	179	2	1	2019-03-15
8057	225	180	186	2018	186	3	5	2019-03-16
8059	225	173	174	2018	174	2	3	2019-03-16
8060	225	185	139	2018	185	2	0	2019-03-17
8061	225	172	176	2018	172	4	1	2019-03-17
8062	225	181	171	2018	\N	1	1	2019-03-17
8063	225	178	182	2018	178	2	1	2019-03-17
8064	225	125	177	2018	125	4	2	2019-03-17
8065	225	183	119	2018	119	2	3	2019-03-17
8066	225	171	179	2018	179	0	3	2019-03-29
8067	225	177	185	2018	177	2	0	2019-03-30
8068	225	139	178	2018	139	1	0	2019-03-30
8070	225	176	181	2018	181	1	3	2019-03-31
8071	225	184	173	2018	\N	1	1	2019-03-31
8072	225	135	125	2018	125	1	4	2019-03-31
8073	225	182	175	2018	175	0	1	2019-03-31
8074	225	174	180	2018	174	2	1	2019-03-31
8075	225	119	172	2018	172	0	1	2019-03-31
8076	225	183	177	2018	\N	1	1	2019-04-02
8078	225	178	125	2018	178	2	1	2019-04-03
8079	225	135	184	2018	\N	2	2	2019-04-03
8080	225	173	186	2018	173	2	1	2019-04-03
8081	225	185	119	2018	119	0	4	2019-04-03
8082	225	175	172	2018	175	1	0	2019-04-03
8083	225	182	176	2018	182	3	2	2019-04-03
8084	225	180	171	2018	180	4	0	2019-04-04
8085	225	181	174	2018	181	4	1	2019-04-04
8087	225	139	183	2018	139	2	1	2019-04-06
8088	225	186	135	2018	135	0	1	2019-04-06
8089	225	184	182	2018	182	0	1	2019-04-07
8090	225	177	178	2018	177	3	2	2019-04-07
8091	225	179	175	2018	179	2	1	2019-04-07
8092	225	119	181	2018	\N	0	0	2019-04-07
8093	225	172	180	2018	\N	2	2	2019-04-07
8095	225	174	171	2018	174	3	0	2019-04-08
8096	225	175	139	2018	175	2	1	2019-04-13
8097	225	135	177	2018	135	1	0	2019-04-13
8098	225	183	172	2018	183	1	0	2019-04-13
8099	225	173	179	2018	\N	1	1	2019-04-14
8101	225	186	185	2018	186	2	0	2019-04-14
8102	225	180	176	2018	\N	0	0	2019-04-14
8103	225	171	125	2018	125	1	3	2019-04-14
8105	225	181	178	2018	\N	0	0	2019-04-15
8107	225	176	183	2018	\N	1	1	2019-04-20
8108	225	172	171	2018	171	1	2	2019-04-20
8109	225	177	180	2018	\N	1	1	2019-04-20
8110	225	179	182	2018	179	1	0	2019-04-20
8112	225	185	173	2018	173	0	1	2019-04-20
8113	225	178	175	2018	175	2	4	2019-04-20
8114	225	139	184	2018	139	2	1	2019-04-20
8115	225	119	135	2018	\N	1	1	2019-04-20
8116	225	125	181	2018	181	1	2	2019-04-22
8117	225	174	178	2018	174	3	1	2019-04-27
8118	225	135	179	2018	135	3	0	2019-04-27
8119	225	119	139	2018	\N	1	1	2019-04-27
8121	225	171	176	2018	\N	1	1	2019-04-28
8122	225	175	185	2018	\N	1	1	2019-04-28
8123	225	186	172	2018	172	1	2	2019-04-28
8124	225	173	183	2018	173	2	0	2019-04-28
8126	225	184	180	2018	180	0	1	2019-04-29
8127	225	139	173	2018	\N	1	1	2019-05-03
8128	225	171	175	2018	175	0	4	2019-05-04
8129	225	177	119	2018	\N	0	0	2019-05-04
8130	225	178	184	2018	178	1	0	2019-05-05
8131	225	172	181	2018	181	1	3	2019-05-05
8133	225	180	182	2018	\N	2	2	2019-05-05
8134	225	185	135	2018	\N	1	1	2019-05-05
8135	225	125	179	2018	125	2	1	2019-05-05
8136	225	183	174	2018	183	2	1	2019-05-06
8138	225	179	172	2018	172	1	2	2019-05-11
8139	225	184	183	2018	183	0	1	2019-05-11
8140	225	173	180	2018	173	3	2	2019-05-12
8141	225	186	178	2018	178	1	2	2019-05-12
8142	225	182	177	2018	177	1	3	2019-05-12
8143	225	175	125	2018	125	1	2	2019-05-12
8144	225	135	139	2018	135	2	0	2019-05-12
8145	225	174	176	2018	174	4	1	2019-05-13
8146	225	119	171	2018	119	2	0	2019-05-13
8147	225	177	175	2018	177	3	2	2019-05-18
8148	225	185	179	2018	\N	1	1	2019-05-18
8150	225	171	186	2018	\N	0	0	2019-05-19
8151	225	176	184	2018	176	1	0	2019-05-19
8152	225	178	173	2018	178	4	1	2019-05-19
8153	225	183	182	2018	183	2	0	2019-05-19
8154	225	139	181	2018	\N	1	1	2019-05-19
8156	225	172	174	2018	\N	3	3	2019-05-20
8157	225	182	171	2018	\N	0	0	2019-05-25
8158	225	174	125	2018	174	3	2	2019-05-25
8159	225	173	172	2018	173	3	1	2019-05-26
8161	225	119	178	2018	119	2	1	2019-05-26
8162	225	184	185	2018	\N	0	0	2019-05-26
8163	225	135	176	2018	135	2	1	2019-05-26
8164	225	181	180	2018	181	3	1	2019-05-26
8165	225	179	177	2018	177	1	2	2019-05-26
8166	225	175	183	2018	183	2	3	2019-05-26
8220	238	116	106	2018	116	3	0	2018-09-23
8313	238	116	201	2018	116	3	1	2018-12-22
8398	238	201	106	2018	201	1	0	2019-03-17
8409	238	106	116	2018	106	3	1	2019-03-31
8457	238	201	116	2018	201	1	0	2019-05-12
8473	251	111	203	2018	111	3	2	2018-08-10
8493	251	111	214	2018	\N	1	1	2018-08-25
8494	251	127	203	2018	203	2	3	2018-08-25
8517	251	215	214	2018	215	1	0	2018-09-24
8532	251	215	212	2018	\N	1	1	2018-10-06
8534	251	111	127	2018	111	1	0	2018-10-07
8559	251	127	215	2018	127	1	0	2018-11-10
8571	251	212	214	2018	214	1	3	2018-12-03
8578	251	203	212	2018	203	3	2	2018-12-09
8595	251	127	212	2018	127	2	1	2018-12-23
8597	251	111	215	2018	111	6	2	2018-12-23
8598	251	203	214	2018	203	1	0	2018-12-23
8612	251	111	212	2018	111	4	2	2019-01-06
8628	251	203	111	2018	111	0	1	2019-01-18
8650	251	214	111	2018	111	2	4	2019-02-03
8651	251	203	127	2018	\N	0	0	2019-02-03
8669	251	214	215	2018	214	3	0	2019-02-17
8683	251	127	111	2018	111	1	2	2019-03-02
8686	251	212	215	2018	215	1	2	2019-03-03
8691	251	215	203	2018	215	1	0	2019-03-09
8708	251	215	127	2018	127	2	3	2019-03-30
8723	251	214	212	2018	214	3	0	2019-04-07
8730	251	212	203	2018	212	2	1	2019-04-14
8743	251	212	127	2018	\N	2	2	2019-04-26
8746	251	214	203	2018	214	2	0	2019-04-27
8750	251	215	111	2018	111	1	4	2019-04-28
8769	251	212	111	2018	111	2	3	2019-05-12
8775	251	127	214	2018	127	2	1	2019-05-18
8787	269	138	121	2018	\N	1	1	2018-08-20
8794	269	224	138	2018	224	2	0	2018-08-26
8795	269	231	225	2018	\N	0	0	2018-08-26
8807	269	221	231	2018	221	1	0	2018-09-02
8810	269	226	118	2018	118	1	2	2018-09-15
8811	269	138	221	2018	\N	0	0	2018-09-15
8823	269	134	224	2018	134	1	0	2018-09-22
8825	269	225	138	2018	\N	0	0	2018-09-23
8834	269	231	134	2018	231	3	0	2018-09-26
8839	269	226	138	2018	138	0	1	2018-09-29
8842	269	134	121	2018	\N	0	0	2018-09-29
8854	269	121	221	2018	121	1	0	2018-10-07
8857	269	138	118	2018	\N	1	1	2018-10-07
8862	269	118	231	2018	118	4	2	2018-10-20
8874	269	121	226	2018	121	2	0	2018-10-27
8876	269	118	134	2018	118	5	1	2018-10-28
8885	269	226	231	2018	\N	0	0	2018-11-04
8895	269	118	221	2018	221	3	4	2018-11-11
8896	269	231	224	2018	231	2	1	2018-11-11
8907	269	225	221	2018	225	2	1	2018-11-25
8913	269	134	138	2018	134	2	0	2018-12-01
8914	269	221	226	2018	221	1	0	2018-12-02
8916	269	118	225	2018	118	2	0	2018-12-02
8921	269	138	231	2018	\N	1	1	2018-12-08
8923	269	224	118	2018	118	0	4	2018-12-08
8935	269	224	221	2018	221	1	3	2018-12-16
8942	269	121	224	2018	121	1	0	2018-12-22
8948	269	225	134	2018	\N	2	2	2019-01-03
8955	269	231	121	2018	\N	1	1	2019-01-06
8967	269	221	134	2018	134	1	2	2019-01-13
8968	269	226	224	2018	226	3	2	2019-01-14
8970	269	134	231	2018	134	2	0	2019-01-19
8987	269	224	134	2018	134	2	4	2019-01-27
8992	269	118	138	2018	\N	2	2	2019-02-02
8994	269	225	224	2018	\N	2	2	2019-02-03
8995	269	221	121	2018	221	1	0	2019-02-03
9001	269	121	134	2018	134	1	3	2019-02-09
9005	269	138	226	2018	\N	0	0	2019-02-10
9015	269	138	224	2018	\N	0	0	2019-02-17
9016	269	225	231	2018	225	3	0	2019-02-17
9021	269	231	118	2018	118	2	4	2019-02-23
9025	269	121	225	2018	121	2	0	2019-02-24
9033	269	134	118	2018	118	0	1	2019-03-02
9036	269	226	121	2018	121	0	2	2019-03-03
9047	269	231	226	2018	231	5	2	2019-03-10
9055	269	224	231	2018	231	0	1	2019-03-17
9058	269	221	118	2018	118	1	4	2019-03-17
9066	269	231	138	2018	138	0	1	2019-03-31
9071	269	225	118	2018	\N	4	4	2019-04-02
9075	269	138	134	2018	138	2	1	2019-04-03
9078	269	226	221	2018	226	2	1	2019-04-04
9082	269	118	121	2018	118	2	0	2019-04-06
9092	269	231	221	2018	231	3	2	2019-04-13
9103	269	118	226	2018	118	2	1	2019-04-20
9108	269	221	138	2018	138	1	2	2019-04-21
9112	269	121	138	2018	121	3	2	2019-04-24
9117	269	226	225	2018	225	0	1	2019-04-25
9128	269	221	224	2018	\N	1	1	2019-04-29
9131	269	224	121	2018	224	3	0	2019-05-04
9136	269	134	225	2018	134	3	2	2019-05-05
9141	269	121	231	2018	\N	1	1	2019-05-12
9143	269	226	134	2018	226	3	1	2019-05-12
9152	269	224	226	2018	224	2	0	2019-05-18
9157	269	134	221	2018	221	0	2	2019-05-19
9539	189	239	38	2019	\N	3	3	2019-08-02
9540	189	36	240	2019	240	1	2	2019-08-03
9542	189	42	30	2019	30	1	2	2019-08-03
9543	189	25	56	2019	25	3	2	2019-08-03
9544	189	33	27	2019	27	0	1	2019-08-03
9545	189	37	29	2019	37	1	0	2019-08-03
9546	189	241	49	2019	241	1	0	2019-08-03
9547	189	21	26	2019	26	1	3	2019-08-03
9548	189	32	23	2019	23	1	2	2019-08-03
9549	189	31	41	2019	41	1	3	2019-08-04
9550	189	51	22	2019	22	1	2	2019-08-05
9551	189	41	32	2019	\N	1	1	2019-08-10
9553	189	30	51	2019	\N	1	1	2019-08-10
9554	189	23	37	2019	\N	1	1	2019-08-10
9555	189	27	31	2019	\N	1	1	2019-08-10
9557	189	26	241	2019	26	2	0	2019-08-10
9558	189	38	33	2019	33	0	1	2019-08-10
9559	189	29	25	2019	29	3	0	2019-08-10
9560	189	56	239	2019	56	2	1	2019-08-10
9561	189	240	42	2019	240	3	1	2019-08-10
9562	189	43	21	2019	43	2	1	2019-08-10
9563	189	51	49	2019	49	1	2	2019-08-16
9564	189	36	38	2019	36	1	0	2019-08-17
9565	189	40	29	2019	40	3	2	2019-08-17
9567	189	25	41	2019	41	0	2	2019-08-17
9568	189	32	27	2019	32	3	0	2019-08-17
9569	189	31	30	2019	31	2	0	2019-08-17
9570	189	33	43	2019	\N	1	1	2019-08-17
9571	189	239	23	2019	23	1	2	2019-08-17
9572	189	37	26	2019	37	1	0	2019-08-17
9573	189	241	240	2019	\N	2	2	2019-08-17
9575	189	27	241	2019	27	2	0	2019-08-20
9576	189	22	31	2019	31	1	2	2019-08-20
9577	189	26	239	2019	26	1	0	2019-08-20
9578	189	38	25	2019	38	1	0	2019-08-20
9579	189	43	36	2019	36	0	1	2019-08-20
9580	189	49	37	2019	49	4	0	2019-08-21
9581	189	30	40	2019	40	1	3	2019-08-21
9582	189	29	42	2019	29	3	1	2019-08-21
9583	189	56	51	2019	56	2	1	2019-08-21
9584	189	41	33	2019	41	1	0	2019-08-21
9585	189	240	32	2019	\N	1	1	2019-08-21
9587	189	22	23	2019	\N	1	1	2019-08-24
9588	189	36	56	2019	\N	0	0	2019-08-24
9590	189	30	25	2019	30	3	1	2019-08-24
9591	189	42	41	2019	41	0	3	2019-08-24
9592	189	38	37	2019	\N	1	1	2019-08-24
9593	189	29	26	2019	29	2	1	2019-08-24
9594	189	51	21	2019	21	0	2	2019-08-24
9595	189	240	33	2019	240	1	0	2019-08-24
9596	189	241	239	2019	239	1	3	2019-08-24
9597	189	43	31	2019	31	1	3	2019-08-24
9598	189	40	27	2019	40	3	0	2019-08-25
9600	189	31	38	2019	\N	2	2	2019-08-31
9601	189	23	36	2019	23	3	2	2019-08-31
9602	189	25	241	2019	\N	0	0	2019-08-31
9603	189	27	42	2019	27	2	1	2019-08-31
9605	189	26	30	2019	30	1	2	2019-08-31
9606	189	41	40	2019	40	0	1	2019-08-31
9607	189	33	22	2019	33	3	0	2019-08-31
9608	189	239	51	2019	239	2	1	2019-08-31
9609	189	37	43	2019	\N	1	1	2019-08-31
9610	189	21	240	2019	240	0	2	2019-08-31
9611	189	22	56	2019	\N	1	1	2019-09-13
9613	189	36	37	2019	36	2	0	2019-09-14
9614	189	40	32	2019	32	0	1	2019-09-14
9615	189	30	239	2019	30	3	2	2019-09-14
9616	189	42	31	2019	31	1	2	2019-09-14
9617	189	38	21	2019	38	1	0	2019-09-14
9618	189	29	33	2019	29	2	0	2019-09-14
9619	189	240	27	2019	27	0	1	2019-09-14
9620	189	43	25	2019	\N	2	2	2019-09-14
9622	189	241	41	2019	41	0	2	2019-09-15
9623	189	41	22	2019	\N	1	1	2019-09-21
9624	189	25	240	2019	25	2	0	2019-09-21
9625	189	27	29	2019	29	0	1	2019-09-21
9626	189	32	241	2019	32	1	0	2019-09-21
9627	189	26	49	2019	\N	1	1	2019-09-21
9629	189	56	38	2019	56	1	0	2019-09-21
9630	189	33	42	2019	\N	0	0	2019-09-21
9631	189	239	43	2019	43	0	3	2019-09-21
9632	189	37	30	2019	30	1	2	2019-09-21
9633	189	21	36	2019	36	1	2	2019-09-21
9634	189	23	51	2019	23	4	2	2019-09-22
9636	189	42	32	2019	32	2	3	2019-09-27
9637	189	30	23	2019	23	0	2	2019-09-28
9638	189	36	239	2019	239	1	2	2019-09-28
9639	189	40	21	2019	\N	1	1	2019-09-28
9640	189	22	27	2019	22	3	2	2019-09-28
9641	189	38	26	2019	26	1	4	2019-09-28
9642	189	29	31	2019	\N	3	3	2019-09-28
9644	189	240	41	2019	240	1	0	2019-09-28
9645	189	43	56	2019	\N	2	2	2019-09-28
9646	189	241	33	2019	33	1	3	2019-09-29
9647	189	36	32	2019	\N	1	1	2019-10-01
9649	189	38	29	2019	\N	1	1	2019-10-01
9650	189	41	23	2019	41	1	0	2019-10-01
9651	189	43	26	2019	43	1	0	2019-10-01
9652	189	42	51	2019	51	0	1	2019-10-01
9653	189	21	49	2019	49	1	4	2019-10-01
9654	189	56	30	2019	56	3	0	2019-10-02
9656	189	240	40	2019	40	1	2	2019-10-02
9657	189	239	37	2019	\N	1	1	2019-10-02
9658	189	241	22	2019	\N	2	2	2019-10-02
9659	189	27	38	2019	27	2	1	2019-10-04
9661	189	37	41	2019	37	2	1	2019-10-05
9662	189	40	42	2019	42	1	2	2019-10-05
9663	189	30	36	2019	30	4	2	2019-10-05
9664	189	23	56	2019	23	4	2	2019-10-05
9665	189	32	33	2019	32	1	0	2019-10-05
9666	189	22	239	2019	22	2	0	2019-10-05
9667	189	26	25	2019	26	1	0	2019-10-05
9668	189	29	241	2019	29	5	1	2019-10-05
9669	189	31	21	2019	31	1	0	2019-10-05
9670	189	51	43	2019	51	3	0	2019-10-05
9672	189	36	51	2019	\N	2	2	2019-10-19
9673	189	42	49	2019	42	2	0	2019-10-19
9674	189	38	23	2019	23	0	1	2019-10-19
9675	189	41	27	2019	41	1	0	2019-10-19
9676	189	33	37	2019	33	3	2	2019-10-19
9677	189	240	22	2019	240	3	0	2019-10-19
9678	189	239	31	2019	239	3	0	2019-10-19
9679	189	241	40	2019	\N	1	1	2019-10-19
9681	189	43	30	2019	30	2	3	2019-10-19
9682	189	25	32	2019	25	1	0	2019-10-20
9683	189	40	33	2019	40	1	0	2020-07-26
9684	189	30	21	2019	\N	2	2	2019-10-22
9685	189	27	36	2019	27	1	0	2019-10-22
9686	189	26	42	2019	26	1	0	2019-10-22
9688	189	29	41	2019	\N	1	1	2019-10-22
9689	189	23	241	2019	\N	2	2	2019-10-22
9690	189	49	239	2019	49	3	2	2019-10-23
9691	189	32	43	2019	43	1	2	2019-10-23
9692	189	22	25	2019	22	1	0	2019-10-23
9693	189	31	240	2019	31	2	1	2019-10-23
9695	189	26	41	2019	\N	0	0	2019-10-26
9696	189	23	240	2019	\N	2	2	2019-10-26
9697	189	27	239	2019	27	2	1	2019-10-26
9699	189	29	36	2019	29	3	2	2019-10-26
9700	189	51	241	2019	51	2	1	2019-10-26
9701	189	37	42	2019	37	2	0	2019-10-26
9702	189	43	22	2019	43	2	0	2019-10-26
9703	189	40	56	2019	40	1	0	2019-10-27
9704	189	31	25	2019	\N	2	2	2019-10-27
9705	189	30	33	2019	33	1	3	2019-10-28
9707	189	25	40	2019	40	1	2	2019-11-02
9708	189	36	26	2019	36	2	1	2019-11-02
9709	189	49	43	2019	43	0	3	2019-11-02
9710	189	22	38	2019	22	2	0	2019-11-02
9711	189	56	27	2019	56	4	2	2019-11-02
9712	189	41	30	2019	41	2	0	2019-11-02
9713	189	33	51	2019	51	0	1	2019-11-02
9714	189	239	32	2019	32	1	2	2019-11-02
9715	189	21	37	2019	21	2	1	2019-11-02
9716	189	240	29	2019	29	0	1	2019-11-03
9717	189	42	23	2019	23	0	2	2019-11-04
9718	189	32	22	2019	32	1	0	2019-11-09
9720	189	25	33	2019	33	0	3	2019-11-09
9721	189	27	49	2019	49	0	1	2019-11-09
9722	189	26	40	2019	\N	2	2	2019-11-09
9723	189	29	51	2019	29	3	1	2019-11-09
9724	189	41	36	2019	41	2	1	2019-11-09
9725	189	37	240	2019	37	2	1	2019-11-09
9726	189	241	42	2019	42	2	4	2019-11-09
9727	189	21	239	2019	21	3	0	2019-11-09
9728	189	43	23	2019	23	0	1	2019-11-09
9729	189	56	31	2019	31	0	1	2019-11-10
9731	189	240	56	2019	\N	2	2	2019-11-23
9732	189	36	241	2019	36	3	2	2019-11-23
9733	189	40	37	2019	37	0	1	2019-11-23
9734	189	42	25	2019	42	2	1	2019-11-23
9735	189	23	26	2019	23	2	1	2019-11-23
9736	189	22	29	2019	22	1	0	2019-11-23
9737	189	31	32	2019	\N	0	0	2019-11-23
9739	189	33	21	2019	33	1	0	2019-11-23
9740	189	239	41	2019	41	1	2	2019-11-23
9741	189	38	43	2019	\N	2	2	2019-11-24
9742	189	49	22	2019	49	3	0	2019-11-26
9743	189	51	40	2019	\N	1	1	2019-11-26
9745	189	239	240	2019	239	2	1	2019-11-26
9746	189	37	25	2019	\N	2	2	2019-11-26
9747	189	21	41	2019	41	0	1	2019-11-26
9748	189	36	33	2019	36	1	0	2019-11-27
9749	189	30	32	2019	32	0	4	2019-11-27
9750	189	26	27	2019	\N	1	1	2019-11-27
9752	189	43	29	2019	43	4	0	2019-11-27
9753	189	23	31	2019	23	4	1	2019-11-27
9754	189	40	49	2019	49	1	2	2019-11-29
9755	189	240	26	2019	26	1	3	2019-11-30
9756	189	42	36	2019	36	1	2	2019-11-30
9757	189	25	21	2019	21	1	3	2019-11-30
9758	189	27	37	2019	\N	1	1	2019-11-30
9759	189	32	56	2019	56	0	1	2019-11-30
9761	189	31	51	2019	31	5	2	2019-11-30
9762	189	41	38	2019	41	4	0	2019-11-30
9763	189	33	239	2019	33	7	0	2019-11-30
9764	189	241	43	2019	241	3	1	2019-11-30
9765	189	29	23	2019	23	0	1	2019-12-02
9766	189	37	32	2019	\N	2	2	2019-12-06
9767	189	51	41	2019	41	0	2	2019-12-07
9768	189	36	22	2019	36	1	0	2019-12-07
9770	189	30	29	2019	30	2	0	2019-12-07
9771	189	26	33	2019	26	2	1	2019-12-07
9772	189	38	240	2019	38	1	0	2019-12-07
9773	189	56	241	2019	56	3	2	2019-12-07
9774	189	239	25	2019	239	2	1	2019-12-07
9775	189	21	27	2019	27	2	3	2019-12-07
9776	189	43	42	2019	43	2	1	2019-12-07
9777	189	23	40	2019	23	5	1	2019-12-08
9778	189	32	38	2019	\N	1	1	2019-12-10
9779	189	29	49	2019	29	2	1	2019-12-10
9781	189	41	43	2019	41	2	0	2019-12-10
9782	189	240	51	2019	51	0	1	2019-12-10
9783	189	42	239	2019	42	3	0	2019-12-10
9784	189	40	36	2019	\N	1	1	2019-12-11
9785	189	25	23	2019	\N	1	1	2019-12-11
9786	189	27	30	2019	30	0	2	2019-12-11
9789	189	241	21	2019	\N	1	1	2019-12-11
9790	189	240	43	2019	\N	2	2	2019-12-13
9791	189	27	23	2019	23	2	3	2019-12-14
9793	189	42	21	2019	\N	0	0	2019-12-14
9794	189	25	51	2019	\N	1	1	2019-12-14
9795	189	32	26	2019	26	0	4	2019-12-14
9796	189	22	37	2019	37	0	1	2019-12-14
9797	189	29	239	2019	29	2	1	2019-12-14
9798	189	31	36	2019	36	0	2	2019-12-14
9800	189	33	49	2019	49	1	2	2020-08-04
9801	189	241	30	2019	241	5	3	2019-12-14
9802	189	38	42	2019	38	2	1	2019-12-20
9803	189	56	29	2019	\N	0	0	2019-12-21
9804	189	49	41	2019	49	2	1	2019-12-21
9805	189	30	240	2019	\N	2	2	2019-12-21
9807	189	51	32	2019	51	2	1	2019-12-21
9808	189	239	40	2019	40	0	1	2019-12-21
9809	189	37	241	2019	241	1	2	2019-12-21
9810	189	21	22	2019	21	3	0	2019-12-21
9811	189	43	27	2019	43	3	0	2019-12-21
9812	189	26	31	2019	26	1	0	2019-12-22
9813	189	36	25	2019	\N	0	0	2019-12-23
9815	189	42	26	2019	42	3	2	2019-12-26
9816	189	25	22	2019	\N	1	1	2019-12-26
9817	189	38	51	2019	38	1	0	2019-12-26
9818	189	56	37	2019	\N	1	1	2019-12-26
9820	189	240	31	2019	240	3	2	2019-12-26
9821	189	239	49	2019	\N	3	3	2019-12-26
9822	189	241	23	2019	\N	1	1	2019-12-26
9823	189	43	32	2019	32	0	2	2019-12-26
9825	189	21	30	2019	21	1	0	2019-12-26
9826	189	49	42	2019	49	1	0	2019-12-29
9827	189	40	241	2019	\N	0	0	2019-12-29
9828	189	30	43	2019	43	1	2	2019-12-29
9829	189	23	38	2019	38	0	2	2019-12-29
9830	189	27	41	2019	41	4	5	2019-12-29
9831	189	32	25	2019	32	1	0	2019-12-29
9832	189	26	56	2019	56	1	2	2019-12-29
9833	189	29	21	2019	21	0	2	2019-12-29
9835	189	51	36	2019	51	2	1	2019-12-29
9836	189	37	33	2019	37	1	0	2019-12-29
9837	189	22	240	2019	22	2	1	2019-12-30
9838	189	37	239	2019	37	3	1	2020-01-01
9839	189	49	21	2019	21	1	2	2020-01-01
9840	189	30	56	2019	30	6	1	2020-01-01
9841	189	27	25	2019	25	2	3	2020-01-01
9842	189	32	36	2019	32	3	2	2020-01-01
9843	189	26	43	2019	43	0	1	2020-01-01
9844	189	29	38	2019	38	0	2	2020-01-01
9845	189	31	33	2019	33	0	4	2020-01-01
9846	189	51	42	2019	42	2	5	2020-01-01
9848	189	40	240	2019	40	1	0	2020-01-02
9849	189	22	241	2019	22	2	1	2020-01-02
9850	189	33	30	2019	33	3	1	2020-01-11
9851	189	36	29	2019	\N	1	1	2020-01-11
9852	189	42	37	2019	\N	0	0	2020-01-11
9853	189	25	31	2019	31	0	2	2020-01-11
9855	189	41	26	2019	26	0	2	2020-01-11
9856	189	240	23	2019	\N	2	2	2020-01-11
9857	189	239	27	2019	27	1	2	2020-01-11
9858	189	241	51	2019	241	2	1	2020-01-11
9859	189	21	32	2019	\N	1	1	2020-01-11
9861	189	56	40	2019	\N	0	0	2020-01-12
9862	189	49	38	2019	49	1	0	2020-01-17
9863	189	30	41	2019	30	1	0	2020-01-18
9864	189	40	25	2019	40	2	1	2020-01-18
9865	189	27	56	2019	\N	1	1	2020-01-18
9867	189	26	36	2019	36	0	5	2020-01-18
9868	189	29	240	2019	29	2	1	2020-01-18
9869	189	31	241	2019	31	1	0	2020-01-18
9870	189	51	33	2019	\N	0	0	2020-01-18
9871	189	37	21	2019	37	2	0	2020-01-18
9872	189	32	239	2019	32	3	1	2020-01-19
9873	189	23	42	2019	42	0	1	2020-01-20
9874	189	38	27	2019	\N	1	1	2020-01-21
9876	189	32	21	2019	\N	1	1	2020-01-22
9877	189	240	49	2019	\N	0	0	2020-01-22
9878	189	42	40	2019	42	2	0	2020-01-25
9879	189	36	30	2019	36	2	1	2020-01-28
9881	189	56	23	2019	56	2	1	2020-01-28
9882	189	41	37	2019	41	3	2	2020-01-28
9883	189	33	32	2019	32	0	1	2020-01-28
9884	189	239	22	2019	239	3	2	2020-01-28
9885	189	43	51	2019	51	1	2	2020-01-28
9886	189	21	31	2019	31	0	1	2020-01-28
9887	189	22	42	2019	22	4	0	2020-01-31
9888	189	56	21	2019	\N	1	1	2020-01-31
9889	189	43	33	2019	33	1	5	2020-02-01
9890	189	49	51	2019	49	3	2	2020-02-01
9892	189	23	239	2019	23	2	0	2020-02-01
9893	189	27	32	2019	27	2	1	2020-02-01
9894	189	26	37	2019	\N	0	0	2020-02-01
9895	189	38	36	2019	\N	1	1	2020-02-01
9897	189	41	25	2019	25	0	1	2020-02-01
9898	189	240	241	2019	240	2	1	2020-02-01
9899	189	31	27	2019	27	1	3	2020-02-07
9900	189	25	29	2019	29	1	2	2020-02-08
9901	189	241	26	2019	\N	1	1	2020-02-08
9902	189	36	49	2019	49	0	1	2020-02-08
9903	189	40	22	2019	22	2	3	2020-02-08
9904	189	42	240	2019	42	3	1	2020-02-08
9905	189	51	30	2019	51	2	0	2020-02-08
9906	189	33	38	2019	33	3	2	2020-02-08
9908	189	21	43	2019	\N	1	1	2020-02-08
9909	189	32	41	2019	32	2	0	2020-02-08
9910	189	37	23	2019	23	0	2	2020-02-09
9911	189	36	43	2019	36	3	0	2020-02-11
9912	189	40	30	2019	\N	0	0	2020-02-11
9914	189	32	240	2019	240	0	1	2020-02-11
9915	189	33	41	2019	\N	1	1	2020-02-11
9916	189	241	27	2019	27	0	1	2020-02-11
9917	189	31	22	2019	31	3	2	2020-02-12
9918	189	51	56	2019	56	0	3	2020-02-12
9919	189	239	26	2019	239	1	0	2020-02-12
9920	189	37	49	2019	\N	1	1	2020-02-12
9922	189	21	23	2019	23	1	2	2020-02-12
9923	189	43	40	2019	\N	4	4	2020-02-14
9924	189	23	32	2019	\N	2	2	2020-02-15
9926	189	22	51	2019	\N	1	1	2020-02-15
9927	189	26	21	2019	21	0	3	2020-02-15
9928	189	38	239	2019	239	0	1	2020-02-15
9930	189	56	25	2019	\N	2	2	2020-02-15
9932	189	240	36	2019	36	0	2	2020-02-15
9933	189	49	241	2019	241	0	3	2020-02-15
9934	189	30	42	2019	30	4	2	2020-02-15
9935	189	22	49	2019	\N	1	1	2020-02-21
9936	189	33	36	2019	\N	2	2	2020-02-22
9937	189	40	51	2019	40	3	1	2020-02-22
9939	189	25	37	2019	25	1	0	2020-02-22
9940	189	27	26	2019	\N	3	3	2020-02-22
9941	189	32	30	2019	\N	0	0	2020-02-22
9942	189	29	43	2019	29	2	1	2020-02-22
9943	189	31	23	2019	23	0	3	2020-02-22
9944	189	41	21	2019	41	1	0	2020-02-22
9946	189	241	38	2019	241	1	0	2020-02-22
9947	189	30	22	2019	30	2	1	2020-02-25
9948	189	51	31	2019	51	2	1	2020-02-25
9949	189	56	32	2019	32	0	1	2020-02-25
9950	189	239	33	2019	239	2	1	2020-02-25
9951	189	23	29	2019	23	2	0	2020-02-25
9952	189	49	40	2019	49	1	0	2020-02-26
9953	189	36	42	2019	\N	0	0	2020-02-26
9954	189	26	240	2019	26	1	0	2020-02-26
9955	189	38	41	2019	41	0	1	2020-02-26
9957	189	43	241	2019	241	0	1	2020-02-26
9958	189	21	25	2019	25	0	3	2020-02-26
9959	189	43	41	2019	41	0	4	2020-02-29
9960	189	36	40	2019	\N	2	2	2020-02-29
9961	189	49	29	2019	49	2	0	2020-02-29
9962	189	30	27	2019	\N	2	2	2020-02-29
9964	189	26	22	2019	22	1	3	2020-02-29
9965	189	51	240	2019	51	4	0	2020-02-29
9966	189	56	33	2019	\N	2	2	2020-02-29
9967	189	239	42	2019	\N	1	1	2020-02-29
9969	189	21	241	2019	21	2	0	2020-02-29
9970	189	38	32	2019	\N	2	2	2020-03-02
9971	189	32	37	2019	37	0	3	2020-03-06
9972	189	31	49	2019	\N	1	1	2020-03-07
9974	189	42	43	2019	42	5	1	2020-03-07
9975	189	25	239	2019	\N	0	0	2020-03-07
9976	189	27	21	2019	21	1	3	2020-03-07
9977	189	29	30	2019	30	1	3	2020-03-07
9978	189	41	51	2019	41	2	0	2020-03-07
9979	189	33	26	2019	33	5	0	2020-03-07
9980	189	240	38	2019	38	0	1	2020-03-07
9981	189	241	56	2019	56	0	2	2020-03-07
9983	189	49	33	2019	33	0	2	2020-06-20
9984	189	38	40	2019	40	0	3	2020-06-20
9985	189	37	22	2019	22	2	3	2020-06-20
9986	189	36	31	2019	36	3	1	2020-06-20
9987	189	30	241	2019	241	0	1	2020-06-20
9988	189	23	27	2019	\N	0	0	2020-06-20
9989	189	26	32	2019	\N	1	1	2020-06-20
9991	189	239	29	2019	\N	1	1	2020-06-20
9992	189	21	42	2019	\N	1	1	2020-06-20
9993	189	43	240	2019	240	0	1	2020-06-20
9994	189	56	41	2019	56	2	0	2020-06-21
9995	189	33	23	2019	33	1	0	2020-06-26
9997	189	240	30	2019	240	1	0	2020-06-27
9998	189	40	239	2019	239	0	1	2020-06-27
9999	189	22	21	2019	22	2	1	2020-06-27
10000	189	241	37	2019	\N	0	0	2020-06-27
10001	189	42	38	2019	38	0	2	2020-06-27
10002	189	25	36	2019	25	2	0	2020-06-27
10003	189	27	43	2019	\N	3	3	2020-06-27
10005	189	31	26	2019	26	1	2	2020-06-28
10006	189	32	51	2019	32	3	1	2020-06-28
10007	189	37	40	2019	\N	1	1	2020-06-30
10008	189	56	240	2019	\N	0	0	2020-06-30
10009	189	241	36	2019	241	2	0	2020-06-30
10011	189	30	49	2019	49	1	2	2020-06-30
10012	189	25	42	2019	25	3	0	2020-06-30
10013	189	41	239	2019	\N	1	1	2020-06-30
10014	189	29	22	2019	22	0	1	2020-07-01
10015	189	27	51	2019	51	0	3	2020-07-01
10016	189	32	31	2019	32	1	0	2020-07-01
10017	189	26	23	2019	23	0	3	2020-07-01
10018	189	43	38	2019	43	2	1	2020-07-02
10019	189	240	37	2019	37	0	1	2020-07-03
10021	189	36	41	2019	41	1	3	2020-07-04
10022	189	49	27	2019	49	1	0	2020-07-04
10023	189	42	241	2019	42	4	0	2020-07-04
10024	189	31	56	2019	56	0	1	2020-07-04
10025	189	51	29	2019	\N	0	0	2020-07-04
10026	189	33	25	2019	33	3	0	2020-07-04
10027	189	239	21	2019	21	0	5	2020-07-04
10028	189	40	26	2019	40	2	1	2020-07-05
10029	189	38	30	2019	30	0	1	2020-07-05
10031	189	32	49	2019	49	0	1	2020-07-07
10032	189	33	240	2019	33	2	1	2020-07-07
10033	189	239	241	2019	\N	1	1	2020-07-07
10034	189	21	51	2019	\N	0	0	2020-07-07
10035	189	56	36	2019	36	2	3	2020-07-07
10036	189	37	38	2019	38	0	2	2020-07-08
10038	189	25	30	2019	25	1	0	2020-07-08
10039	189	27	40	2019	40	1	3	2020-07-08
10040	189	31	43	2019	31	2	1	2020-07-08
10041	189	26	29	2019	29	1	3	2020-07-08
10042	189	41	42	2019	41	5	0	2020-07-09
10043	189	51	239	2019	239	0	2	2020-07-10
10044	189	49	56	2019	56	1	2	2020-07-30
10045	189	22	33	2019	33	1	3	2020-07-11
10046	189	240	21	2019	21	0	1	2020-07-11
10047	189	36	23	2019	\N	1	1	2020-07-11
10049	189	38	31	2019	31	1	3	2020-07-11
10050	189	29	32	2019	\N	1	1	2020-07-11
10051	189	241	25	2019	\N	0	0	2020-07-11
10052	189	43	37	2019	37	0	1	2020-07-11
10053	189	40	41	2019	41	0	1	2020-07-12
10054	189	42	27	2019	42	2	0	2020-07-12
10056	189	25	43	2019	25	8	0	2020-07-14
10057	189	21	38	2019	38	1	2	2020-07-14
10058	189	26	51	2019	\N	0	0	2020-07-14
10059	189	56	22	2019	56	2	1	2020-07-14
10060	189	239	30	2019	\N	1	1	2020-07-14
10062	189	31	42	2019	\N	1	1	2020-07-15
10063	189	33	29	2019	33	1	0	2020-07-15
10064	189	27	240	2019	\N	1	1	2020-07-15
10066	189	41	241	2019	41	1	0	2020-07-16
10067	189	51	23	2019	51	2	1	2020-07-17
10068	189	42	33	2019	42	1	0	2020-07-18
10069	189	240	25	2019	\N	2	2	2020-07-18
10071	189	49	26	2019	49	5	3	2020-07-18
10072	189	40	31	2019	40	1	0	2020-07-18
10073	189	30	37	2019	30	4	3	2020-07-18
10074	189	38	56	2019	56	1	3	2020-07-18
10075	189	29	27	2019	29	2	0	2020-07-18
10076	189	43	239	2019	239	0	1	2020-07-18
10077	189	22	41	2019	41	1	3	2020-07-19
10078	189	241	32	2019	241	1	0	2020-07-19
10079	189	23	30	2019	\N	2	2	2020-07-22
10081	189	27	22	2019	22	1	3	2020-07-22
10082	189	32	42	2019	42	1	4	2020-07-22
10083	189	26	38	2019	38	1	2	2020-07-22
10084	189	31	29	2019	\N	1	1	2020-07-22
10085	189	56	43	2019	56	3	0	2020-07-22
10086	189	41	240	2019	41	4	0	2020-07-22
10087	189	33	241	2019	241	1	2	2020-07-22
10089	189	37	51	2019	37	4	1	2020-07-22
10090	189	21	40	2019	40	1	4	2020-07-22
10091	190	59	28	2019	59	4	1	2019-08-09
10092	190	60	64	2019	64	0	5	2019-08-10
10093	190	62	61	2019	62	3	0	2019-08-10
10094	190	50	58	2019	\N	0	0	2019-08-10
10095	190	53	54	2019	54	0	3	2019-08-10
10096	190	55	39	2019	\N	1	1	2019-08-10
10098	190	46	57	2019	\N	0	0	2019-08-11
10099	190	47	63	2019	63	0	1	2019-08-11
10100	190	45	52	2019	45	4	0	2019-08-11
10101	190	63	62	2019	63	2	1	2019-08-17
10102	190	44	55	2019	55	1	2	2019-08-17
10103	190	58	53	2019	58	1	0	2019-08-17
10104	190	28	47	2019	28	3	1	2019-08-17
10105	190	61	59	2019	59	1	2	2019-08-17
10107	190	64	48	2019	\N	2	2	2019-08-17
10108	190	39	50	2019	39	1	0	2019-08-18
10109	190	52	46	2019	\N	1	1	2019-08-18
10111	190	44	58	2019	44	2	0	2019-08-23
10112	190	28	52	2019	52	2	3	2019-08-24
10113	190	45	50	2019	50	1	2	2019-08-24
10114	190	39	46	2019	46	1	2	2019-08-24
10115	190	54	61	2019	61	0	2	2019-08-24
10116	190	53	60	2019	60	1	3	2019-08-24
10117	190	59	63	2019	59	3	1	2019-08-24
10118	190	55	64	2019	64	1	3	2019-08-25
10119	190	57	62	2019	\N	1	1	2019-08-25
10121	190	61	45	2019	\N	1	1	2019-08-31
10122	190	64	54	2019	64	4	0	2019-08-31
10123	190	47	53	2019	\N	1	1	2019-08-31
10124	190	52	39	2019	\N	2	2	2019-08-31
10126	190	60	28	2019	60	2	0	2019-08-31
10127	190	50	44	2019	50	1	0	2019-08-31
10128	190	62	59	2019	59	0	3	2019-08-31
10129	190	58	57	2019	58	3	2	2019-09-01
10130	190	63	48	2019	\N	2	2	2019-09-01
10131	190	59	47	2019	59	3	1	2019-09-14
10132	190	57	52	2019	52	2	5	2019-09-14
10133	190	48	50	2019	48	4	0	2019-09-14
10135	190	39	61	2019	61	0	1	2019-09-14
10136	190	54	62	2019	\N	1	1	2019-09-14
10137	190	28	64	2019	28	3	2	2019-09-14
10138	190	55	58	2019	55	3	1	2019-09-15
10139	190	53	63	2019	\N	2	2	2019-09-15
10141	190	61	55	2019	55	1	3	2019-09-20
10142	190	46	48	2019	46	2	1	2019-09-21
10143	190	64	53	2019	64	8	0	2019-09-21
10144	190	58	39	2019	39	0	2	2019-09-21
10145	190	62	28	2019	62	2	0	2019-09-21
10146	190	47	54	2019	\N	0	0	2019-09-21
10147	190	60	45	2019	60	2	0	2019-09-22
10149	190	63	44	2019	63	3	2	2019-09-22
10150	190	52	59	2019	59	1	2	2019-09-22
10151	190	39	59	2019	59	0	1	2019-09-28
10152	190	57	53	2019	57	2	0	2019-09-28
10153	190	44	62	2019	\N	2	2	2019-09-28
10154	190	52	54	2019	52	2	0	2019-09-28
10155	190	48	61	2019	48	2	1	2019-09-28
10156	190	50	28	2019	50	2	0	2019-09-28
10158	190	58	64	2019	64	1	3	2019-09-28
10159	190	46	47	2019	46	5	0	2019-09-29
10160	190	45	63	2019	\N	1	1	2019-09-30
10161	190	54	48	2019	54	3	0	2019-10-05
10162	190	59	46	2019	59	2	1	2019-10-05
10163	190	28	44	2019	44	1	5	2019-10-05
10164	190	62	58	2019	62	1	0	2019-10-05
10165	190	53	39	2019	\N	0	0	2019-10-05
10167	190	64	57	2019	57	0	2	2019-10-06
10168	190	63	55	2019	63	1	0	2019-10-06
10169	190	61	52	2019	52	1	4	2019-10-06
10170	190	47	45	2019	47	1	0	2019-10-06
10171	190	58	60	2019	58	2	0	2019-10-19
10172	190	57	61	2019	\N	1	1	2019-10-19
10173	190	44	54	2019	44	2	1	2019-10-19
10174	190	52	47	2019	52	1	0	2019-10-19
10176	190	46	62	2019	46	2	1	2019-10-19
10177	190	55	28	2019	\N	0	0	2019-10-19
10178	190	50	64	2019	64	0	2	2019-10-19
10179	190	45	59	2019	\N	1	1	2019-10-20
10181	190	61	46	2019	46	0	9	2019-10-25
10182	190	64	44	2019	64	3	0	2019-10-26
10183	190	60	39	2019	\N	1	1	2019-10-26
10184	190	54	58	2019	54	3	2	2019-10-26
10185	190	53	55	2019	\N	0	0	2019-10-26
10186	190	62	52	2019	52	2	4	2019-10-26
10188	190	59	48	2019	59	2	1	2019-10-27
10189	190	63	50	2019	\N	2	2	2019-10-27
10190	190	28	45	2019	45	1	3	2019-10-27
10191	190	55	45	2019	55	1	0	2019-11-02
10192	190	54	28	2019	54	2	0	2019-11-02
10193	190	44	59	2019	59	1	2	2019-11-02
10194	190	64	61	2019	64	2	1	2019-11-02
10196	190	39	62	2019	39	3	0	2019-11-02
10197	190	60	47	2019	47	2	3	2019-11-02
10198	190	53	52	2019	52	1	2	2019-11-02
10199	190	50	46	2019	46	0	2	2019-11-03
10200	190	58	48	2019	\N	1	1	2019-11-03
10201	190	28	53	2019	53	0	2	2019-11-08
10202	190	52	50	2019	52	2	0	2019-11-09
10203	190	47	55	2019	47	2	1	2019-11-09
10205	190	62	60	2019	62	3	0	2019-11-09
10206	190	61	58	2019	58	1	2	2019-11-09
10207	190	46	63	2019	46	2	0	2019-11-09
10208	190	57	44	2019	57	2	1	2019-11-10
10209	190	45	54	2019	45	3	1	2019-11-10
10211	190	60	48	2019	48	2	3	2019-11-23
10212	190	63	61	2019	\N	2	2	2019-11-23
10213	190	58	28	2019	28	0	2	2019-11-23
10214	190	50	59	2019	59	1	2	2019-11-23
10215	190	54	46	2019	46	0	2	2019-11-23
10216	190	53	62	2019	62	0	3	2019-11-23
10218	190	64	52	2019	64	2	1	2019-11-23
10219	190	39	45	2019	\N	3	3	2019-11-24
10220	190	44	47	2019	44	2	0	2019-11-25
10221	190	47	64	2019	\N	2	2	2019-11-30
10222	190	59	54	2019	59	2	1	2019-11-30
10223	190	52	60	2019	60	0	1	2019-11-30
10225	190	62	50	2019	50	0	2	2019-11-30
10226	190	61	53	2019	61	2	1	2019-11-30
10227	190	57	39	2019	\N	1	1	2019-12-01
10228	190	28	63	2019	\N	2	2	2019-12-01
10230	190	46	58	2019	46	2	1	2019-12-01
10231	190	50	55	2019	50	1	0	2019-12-03
10232	190	62	64	2019	64	1	4	2019-12-03
10233	190	57	60	2019	57	2	0	2019-12-04
10234	190	45	48	2019	45	2	1	2019-12-04
10235	190	46	53	2019	46	2	0	2019-12-04
10236	190	52	44	2019	52	2	1	2019-12-04
10237	190	61	28	2019	61	2	1	2019-12-04
10238	190	59	58	2019	59	5	2	2019-12-04
10239	190	39	47	2019	47	0	2	2019-12-05
10240	190	63	54	2019	54	1	2	2019-12-05
10241	190	58	52	2019	58	3	1	2019-12-07
10242	190	48	62	2019	48	5	0	2019-12-07
10244	190	55	59	2019	59	0	3	2019-12-07
10245	190	64	45	2019	45	1	2	2019-12-07
10246	190	44	46	2019	46	1	4	2019-12-08
10247	190	47	61	2019	47	2	1	2019-12-08
10248	190	28	39	2019	39	1	2	2019-12-08
10249	190	54	57	2019	\N	2	2	2019-12-08
10250	190	60	63	2019	63	1	3	2019-12-09
10251	190	59	53	2019	59	2	0	2019-12-14
10252	190	52	55	2019	55	0	1	2019-12-14
10254	190	46	28	2019	\N	1	1	2019-12-14
10255	190	62	47	2019	62	1	0	2019-12-14
10256	190	61	60	2019	60	0	1	2019-12-14
10257	190	57	48	2019	48	1	2	2019-12-15
10258	190	45	58	2019	\N	1	1	2019-12-15
10259	190	63	64	2019	64	0	3	2019-12-15
10261	190	58	63	2019	\N	0	0	2019-12-21
10262	190	44	61	2019	61	1	3	2019-12-21
10263	190	47	50	2019	47	1	0	2019-12-21
10264	190	28	57	2019	57	1	2	2019-12-21
10265	190	54	39	2019	39	0	1	2019-12-21
10266	190	55	62	2019	62	0	1	2019-12-21
10267	190	64	46	2019	64	3	1	2019-12-21
10268	190	53	45	2019	53	2	0	2019-12-22
10270	190	48	54	2019	48	2	1	2019-12-26
10271	190	44	28	2019	44	1	0	2019-12-26
10272	190	52	61	2019	61	0	2	2019-12-26
10273	190	58	62	2019	58	1	0	2019-12-26
10274	190	39	53	2019	\N	1	1	2019-12-26
10275	190	50	60	2019	50	2	1	2019-12-26
10276	190	55	63	2019	\N	1	1	2019-12-26
10278	190	46	59	2019	59	0	4	2019-12-26
10279	190	57	64	2019	57	3	2	2019-12-27
10280	190	54	55	2019	54	2	0	2019-12-28
10281	190	47	58	2019	58	1	2	2019-12-28
10282	190	61	50	2019	\N	1	1	2019-12-28
10283	190	53	44	2019	53	3	0	2019-12-28
10284	190	28	48	2019	\N	2	2	2019-12-28
10286	190	62	45	2019	45	0	2	2019-12-28
10287	190	63	52	2019	52	1	2	2019-12-29
10288	190	59	57	2019	59	1	0	2019-12-29
10289	190	64	39	2019	64	2	0	2019-12-29
10290	190	62	44	2019	44	1	2	2020-01-01
10291	190	54	52	2019	\N	1	1	2020-01-01
10292	190	47	46	2019	46	0	3	2020-01-01
10293	190	61	48	2019	61	1	0	2020-01-01
10295	190	64	58	2019	64	2	1	2020-01-01
10296	190	28	50	2019	\N	1	1	2020-01-01
10297	190	60	55	2019	60	4	0	2020-01-01
10298	190	63	45	2019	63	2	0	2020-01-01
10299	190	59	39	2019	59	2	0	2020-01-02
10300	190	39	60	2019	39	1	0	2020-01-10
10301	190	50	63	2019	\N	1	1	2020-01-11
10303	190	52	62	2019	52	3	0	2020-01-11
10304	190	58	54	2019	58	1	0	2020-01-11
10305	190	45	28	2019	45	4	0	2020-01-11
10306	190	46	61	2019	61	1	2	2020-01-11
10307	190	48	59	2019	59	0	1	2020-01-11
10308	190	55	53	2019	53	0	3	2020-01-12
10309	190	44	64	2019	64	1	6	2020-01-12
10310	190	53	48	2019	\N	0	0	2020-01-18
10312	190	63	39	2019	\N	1	1	2020-01-18
10313	190	28	55	2019	28	1	0	2020-01-18
10314	190	60	58	2019	\N	1	1	2020-01-18
10316	190	54	44	2019	\N	1	1	2020-01-18
10317	190	47	52	2019	47	1	0	2020-01-18
10318	190	62	46	2019	62	2	1	2020-01-19
10319	190	59	45	2019	59	2	0	2020-01-19
10320	190	44	53	2019	44	2	1	2020-01-21
10321	190	58	47	2019	\N	2	2	2020-01-21
10323	190	55	54	2019	55	3	1	2020-01-21
10324	190	50	61	2019	61	0	2	2020-01-21
10325	190	52	63	2019	\N	2	2	2020-01-21
10326	190	46	60	2019	46	4	1	2020-01-22
10327	190	48	28	2019	48	2	1	2020-01-22
10328	190	45	62	2019	62	0	2	2020-01-22
10329	190	57	59	2019	59	1	2	2020-01-23
10330	190	60	59	2019	59	0	2	2020-01-29
10332	190	59	61	2019	59	4	0	2020-02-01
10333	190	47	28	2019	\N	0	0	2020-02-01
10334	190	60	54	2019	\N	3	3	2020-02-01
10335	190	50	39	2019	39	0	1	2020-02-01
10336	190	53	58	2019	58	2	3	2020-02-01
10337	190	55	44	2019	55	2	1	2020-02-01
10339	190	62	63	2019	\N	0	0	2020-02-02
10340	190	48	64	2019	48	2	0	2020-02-02
10341	190	58	50	2019	58	3	1	2020-02-08
10342	190	54	53	2019	\N	1	1	2020-02-08
10344	190	57	46	2019	\N	0	0	2020-02-14
10345	190	61	62	2019	62	1	2	2020-02-15
10346	190	28	59	2019	59	0	1	2020-02-15
10347	190	44	48	2019	48	2	3	2020-02-16
10348	190	63	47	2019	63	4	0	2020-02-16
10349	190	52	45	2019	45	0	2	2020-02-17
10351	190	52	48	2019	52	2	1	2020-02-22
10352	190	39	54	2019	\N	1	1	2020-02-22
10353	190	62	55	2019	62	3	0	2020-02-22
10354	190	61	44	2019	61	2	0	2020-02-22
10356	190	46	64	2019	64	0	1	2020-02-22
10357	190	57	28	2019	57	3	0	2020-02-23
10358	190	45	53	2019	45	3	0	2020-02-23
10359	190	63	58	2019	63	3	2	2020-02-23
10360	190	59	60	2019	59	3	2	2020-02-24
10361	190	28	46	2019	28	1	0	2020-02-28
10362	190	54	50	2019	50	0	1	2020-02-29
10363	190	47	62	2019	\N	0	0	2020-02-29
10364	190	60	61	2019	60	3	1	2020-02-29
10366	190	53	59	2019	53	3	0	2020-02-29
10367	190	48	57	2019	57	2	3	2020-03-01
10368	190	58	45	2019	\N	1	1	2020-03-01
10369	190	59	55	2019	59	2	1	2020-03-07
10370	190	57	54	2019	\N	0	0	2020-03-07
10372	190	39	28	2019	39	1	0	2020-03-07
10373	190	61	47	2019	47	0	1	2020-03-07
10374	190	50	53	2019	50	1	0	2020-03-07
10375	190	62	48	2019	\N	1	1	2020-03-07
10376	190	52	58	2019	52	4	0	2020-03-08
10377	190	45	64	2019	45	2	0	2020-03-08
10378	190	46	44	2019	46	4	0	2020-03-09
10379	190	44	39	2019	\N	0	0	2020-06-17
10381	190	28	61	2019	61	0	3	2020-06-19
10382	190	48	45	2019	\N	1	1	2020-06-19
10383	190	53	46	2019	\N	1	1	2020-06-20
10384	190	54	63	2019	54	2	1	2020-06-20
10386	190	55	50	2019	50	0	2	2020-06-20
10387	190	47	39	2019	47	3	0	2020-06-21
10388	190	44	52	2019	52	1	2	2020-06-21
10389	190	58	59	2019	\N	0	0	2020-06-21
10390	190	64	62	2019	64	5	0	2020-06-22
10391	190	46	54	2019	\N	0	0	2020-06-23
10393	190	57	55	2019	57	1	0	2020-06-24
10394	190	47	44	2019	\N	1	1	2020-06-24
10395	190	45	39	2019	45	3	0	2020-06-24
10396	190	28	58	2019	58	0	1	2020-06-24
10397	190	59	50	2019	59	4	0	2020-06-24
10398	190	62	53	2019	62	1	0	2020-06-25
10399	190	61	63	2019	63	0	2	2020-06-25
10400	190	52	64	2019	52	2	1	2020-06-25
10401	190	44	57	2019	57	0	1	2020-06-27
10402	190	53	61	2019	61	1	3	2020-06-28
10404	190	54	45	2019	45	0	3	2020-06-30
10405	190	63	28	2019	63	4	0	2020-07-01
10406	190	58	46	2019	58	2	1	2020-07-01
10407	190	55	47	2019	47	1	4	2020-07-01
10408	190	60	52	2019	60	3	2	2020-07-01
10409	190	39	48	2019	39	3	1	2020-07-02
10410	190	64	59	2019	64	4	0	2020-07-02
10411	190	28	54	2019	54	0	1	2020-07-04
10412	190	45	55	2019	45	5	2	2020-07-04
10413	190	46	50	2019	46	3	0	2020-07-04
10414	190	57	63	2019	63	0	2	2020-07-04
10415	190	52	53	2019	52	3	0	2020-07-04
10417	190	47	60	2019	\N	2	2	2020-07-05
10418	190	59	44	2019	59	2	0	2020-07-05
10419	190	61	64	2019	61	1	0	2020-07-05
10420	190	48	58	2019	48	1	0	2020-07-06
10421	190	50	52	2019	52	2	3	2020-07-07
10422	190	53	28	2019	53	2	1	2020-07-07
10423	190	63	46	2019	\N	1	1	2020-07-07
10425	190	39	57	2019	39	1	0	2020-07-08
10426	190	60	62	2019	62	0	1	2020-07-08
10427	190	54	59	2019	59	1	3	2020-07-08
10428	190	58	61	2019	\N	1	1	2020-07-09
10429	190	55	48	2019	\N	0	0	2020-07-09
10431	190	28	60	2019	60	0	4	2020-07-11
10432	190	53	47	2019	53	2	1	2020-07-11
10433	190	59	62	2019	\N	1	1	2020-07-11
10434	190	39	52	2019	39	3	0	2020-07-11
10435	190	54	64	2019	64	0	5	2020-07-11
10436	190	57	58	2019	57	3	0	2020-07-12
10437	190	44	50	2019	44	2	0	2020-07-12
10438	190	48	63	2019	48	2	1	2020-07-12
10439	190	55	46	2019	55	4	1	2020-07-12
10441	190	52	28	2019	52	1	0	2020-07-14
10442	190	64	55	2019	64	2	1	2020-07-15
10443	190	47	48	2019	48	1	3	2020-07-15
10444	190	62	57	2019	\N	1	1	2020-07-15
10445	190	63	59	2019	63	2	1	2020-07-15
10446	190	58	44	2019	\N	1	1	2020-07-16
10448	190	61	54	2019	\N	1	1	2020-07-16
10449	190	50	45	2019	45	0	2	2020-07-16
10450	190	60	53	2019	60	3	1	2020-07-17
10451	190	28	62	2019	62	0	2	2020-07-18
10452	190	55	61	2019	61	0	2	2020-07-19
10453	190	48	46	2019	48	3	0	2020-07-19
10454	190	39	58	2019	58	0	1	2020-07-20
10456	190	57	50	2019	57	2	0	2020-07-20
10457	190	53	64	2019	64	0	4	2020-07-21
10458	190	44	63	2019	44	1	0	2020-07-21
10460	190	59	52	2019	59	5	3	2020-07-22
10461	190	64	28	2019	64	5	0	2020-07-26
10462	190	47	59	2019	59	1	3	2020-07-26
10463	190	63	53	2019	63	3	2	2020-07-26
10464	190	52	57	2019	52	2	0	2020-07-26
10465	190	58	55	2019	55	1	3	2020-07-26
10467	190	62	54	2019	54	1	2	2020-07-26
10468	190	60	44	2019	\N	1	1	2020-07-26
10469	190	61	39	2019	61	3	1	2020-07-26
10470	190	50	48	2019	\N	1	1	2020-07-26
10515	194	255	97	2019	\N	1	1	2019-07-24
10528	194	97	255	2019	97	3	0	2019-07-31
10533	194	122	109	2019	122	1	0	2019-08-06
10534	194	89	259	2019	\N	1	1	2019-08-06
10535	194	261	127	2019	127	0	1	2019-08-07
10536	194	262	258	2019	258	0	1	2019-08-07
10542	194	109	122	2019	\N	3	3	2019-08-13
10543	194	259	89	2019	\N	1	1	2019-08-13
10545	194	106	102	2019	106	3	2	2019-08-13
10546	194	258	262	2019	258	2	0	2019-08-13
10549	194	127	261	2019	261	2	3	2019-08-13
10552	194	263	122	2019	122	0	1	2019-08-20
10555	194	258	261	2019	258	4	0	2019-08-21
10556	194	89	117	2019	\N	1	1	2019-08-27
10558	194	261	258	2019	258	1	2	2019-08-27
10561	194	122	263	2019	122	2	1	2019-08-28
10562	194	119	108	2019	\N	1	1	2019-09-17
10564	194	125	59	2019	125	2	0	2019-09-17
10567	194	111	170	2019	170	1	2	2019-09-17
10568	194	52	138	2019	138	0	1	2019-09-17
10569	194	106	145	2019	106	3	0	2019-09-17
10571	194	258	48	2019	\N	2	2	2019-09-18
10573	194	132	89	2019	132	3	0	2019-09-18
10575	194	104	181	2019	104	4	0	2019-09-18
10577	194	121	139	2019	\N	2	2	2019-09-18
10578	194	134	122	2019	\N	2	2	2019-10-01
10581	194	48	132	2019	132	2	7	2019-10-01
10582	194	89	258	2019	89	3	1	2019-10-01
10583	194	64	104	2019	64	2	0	2019-10-01
10584	194	139	167	2019	139	3	0	2019-10-01
10587	194	108	123	2019	123	0	2	2019-10-02
10592	194	145	52	2019	52	1	2	2019-10-02
10593	194	138	106	2019	106	0	3	2019-10-02
10595	194	121	167	2019	121	1	0	2019-10-22
10597	194	122	124	2019	124	0	5	2019-10-22
10598	194	48	89	2019	48	5	0	2019-10-22
10599	194	258	132	2019	132	2	3	2019-10-22
10603	194	106	52	2019	52	0	1	2019-10-23
10606	194	119	123	2019	119	2	0	2019-10-23
10607	194	108	118	2019	118	1	2	2019-10-23
10609	194	145	138	2019	\N	1	1	2019-10-23
10614	194	123	119	2019	123	3	2	2019-11-05
10616	194	52	106	2019	\N	4	4	2019-11-05
10618	194	132	258	2019	132	2	0	2019-11-06
10620	194	124	122	2019	124	1	0	2019-11-06
10622	194	89	48	2019	48	0	4	2019-11-06
10623	194	181	64	2019	\N	1	1	2019-11-06
10628	194	134	124	2019	\N	2	2	2019-11-26
10629	194	48	258	2019	48	4	2	2019-11-26
10632	194	181	104	2019	181	2	0	2019-11-26
10633	194	139	121	2019	139	1	0	2019-11-26
10635	194	138	52	2019	\N	2	2	2019-11-27
10636	194	59	125	2019	\N	1	1	2019-11-27
10639	194	108	119	2019	119	1	3	2019-11-27
10640	194	170	111	2019	\N	2	2	2019-11-27
10641	194	145	106	2019	106	0	2	2019-11-27
10644	194	123	108	2019	123	2	1	2019-12-10
10645	194	119	118	2019	118	1	2	2019-12-10
10648	194	52	145	2019	52	2	1	2019-12-10
10649	194	106	138	2019	138	0	1	2019-12-10
10651	194	104	64	2019	64	1	4	2019-12-11
10653	194	122	134	2019	134	1	3	2019-12-11
10654	194	132	48	2019	132	3	1	2019-12-11
10655	194	258	89	2019	258	1	0	2019-12-11
10656	194	167	139	2019	139	0	2	2019-12-11
10658	194	123	124	2019	123	2	1	2020-02-18
10659	194	121	59	2019	121	1	0	2020-02-18
10661	194	48	170	2019	170	0	1	2020-02-19
10662	194	52	132	2019	132	0	3	2020-02-25
10663	194	125	118	2019	\N	1	1	2020-02-25
10664	194	134	64	2019	64	1	2	2020-02-26
10666	194	138	181	2019	181	3	4	2020-03-10
10667	194	170	48	2019	170	3	0	2020-03-10
10668	194	124	123	2019	124	2	0	2020-03-11
10669	194	59	121	2019	121	2	3	2020-03-11
10670	194	64	134	2019	64	2	1	2020-08-07
10672	194	132	52	2019	132	4	1	2020-08-08
10673	194	118	125	2019	118	3	1	2020-08-08
10674	194	181	124	2019	124	1	2	2020-08-12
10675	194	170	121	2019	170	2	1	2020-08-13
10676	194	118	132	2019	132	2	8	2020-08-14
10678	194	170	124	2019	124	0	3	2020-08-18
10680	194	124	132	2019	132	0	1	2020-08-23
10700	201	146	124	2019	146	2	1	2019-08-18
10810	201	124	145	2019	124	2	0	2019-11-22
10890	201	145	124	2019	124	0	2	2020-01-26
10901	201	145	146	2019	145	1	0	2020-02-04
10960	210	132	159	2019	\N	2	2	2019-08-16
10962	210	157	161	2019	161	1	3	2019-08-17
10963	210	167	268	2019	167	3	2	2019-08-17
10964	210	163	168	2019	163	3	0	2019-08-17
10965	210	165	269	2019	165	2	1	2019-08-17
10966	210	166	126	2019	\N	0	0	2019-08-17
10967	210	164	131	2019	164	1	0	2019-08-18
10968	210	270	170	2019	170	0	4	2019-08-18
10969	210	269	123	2019	123	1	3	2019-08-23
10971	210	168	166	2019	166	1	3	2019-08-24
10972	210	131	157	2019	131	3	2	2019-08-24
10973	210	162	270	2019	\N	1	1	2019-08-24
10974	210	268	163	2019	163	1	3	2019-08-24
10975	210	126	132	2019	132	0	3	2019-08-24
10976	210	170	164	2019	170	2	1	2019-08-25
10977	210	159	165	2019	165	0	3	2019-08-25
10978	210	166	170	2019	170	1	3	2019-08-30
10979	210	126	159	2019	126	3	0	2019-08-31
10980	210	132	168	2019	132	6	1	2019-08-31
10982	210	163	269	2019	269	1	2	2019-08-31
10983	210	165	268	2019	\N	1	1	2019-08-31
10984	210	270	123	2019	270	3	1	2019-08-31
10985	210	157	162	2019	157	3	2	2019-09-01
10986	210	164	161	2019	164	2	1	2019-09-01
10987	210	161	165	2019	\N	1	1	2019-09-13
10989	210	123	167	2019	123	4	0	2019-09-14
10990	210	168	159	2019	168	2	1	2019-09-14
10991	210	162	164	2019	162	2	1	2019-09-14
10992	210	270	157	2019	157	1	2	2019-09-14
10993	210	170	132	2019	\N	1	1	2019-09-14
10994	210	131	163	2019	163	0	3	2019-09-15
10995	210	268	126	2019	126	1	5	2019-09-15
10996	210	126	168	2019	126	2	1	2019-09-20
10998	210	132	269	2019	132	4	0	2019-09-21
10999	210	167	270	2019	167	2	0	2019-09-21
11000	210	163	162	2019	\N	1	1	2019-09-21
11001	210	157	170	2019	170	0	3	2019-09-21
11002	210	166	161	2019	166	2	1	2019-09-22
11003	210	164	123	2019	\N	2	2	2019-09-22
11005	210	270	164	2019	164	1	2	2019-09-27
11006	210	168	165	2019	165	0	1	2019-09-28
11007	210	131	166	2019	166	0	3	2019-09-28
11008	210	162	167	2019	167	0	3	2019-09-28
11009	210	268	132	2019	132	2	3	2019-09-28
11010	210	170	126	2019	126	1	3	2019-09-28
11011	210	123	157	2019	\N	2	2	2019-09-28
11012	210	161	163	2019	163	1	2	2019-09-29
11014	210	159	161	2019	159	3	1	2019-10-04
11015	210	132	131	2019	131	1	2	2019-10-05
11016	210	167	170	2019	\N	1	1	2019-10-05
11017	210	163	123	2019	\N	2	2	2019-10-05
11018	210	268	168	2019	168	1	2	2019-10-05
11020	210	166	162	2019	166	5	1	2019-10-06
11021	210	165	270	2019	165	1	0	2019-10-06
11022	210	164	157	2019	\N	2	2	2019-10-06
11023	210	164	167	2019	164	3	0	2019-10-18
11024	210	157	159	2019	\N	1	1	2019-10-19
11026	210	162	132	2019	\N	2	2	2019-10-19
11027	210	270	163	2019	270	2	0	2019-10-19
11028	210	170	165	2019	\N	1	1	2019-10-19
11029	210	123	166	2019	123	1	0	2019-10-19
11030	210	269	268	2019	269	3	0	2019-10-20
11031	210	131	126	2019	131	2	0	2019-10-20
11033	210	126	123	2019	\N	0	0	2019-10-26
11034	210	159	131	2019	131	2	3	2019-10-26
11035	210	132	270	2019	132	2	1	2019-10-26
11036	210	163	170	2019	163	2	1	2019-10-26
11037	210	268	161	2019	268	2	0	2019-10-26
11038	210	167	157	2019	\N	2	2	2019-10-26
11040	210	166	164	2019	166	4	2	2019-10-27
11041	210	131	268	2019	131	3	0	2019-11-01
11042	210	164	132	2019	164	5	1	2019-11-02
11043	210	123	165	2019	123	3	0	2019-11-02
11044	210	157	163	2019	\N	2	2	2019-11-02
11045	210	167	166	2019	166	1	2	2019-11-02
11046	210	170	168	2019	170	8	0	2019-11-02
11047	210	270	159	2019	270	1	0	2019-11-02
11049	210	162	126	2019	126	2	3	2019-11-03
11052	210	159	170	2019	170	2	4	2019-11-09
11053	210	168	270	2019	270	2	3	2019-11-09
11054	210	268	162	2019	162	0	1	2019-11-09
11055	210	132	123	2019	132	4	0	2019-11-09
11056	210	166	157	2019	166	3	1	2019-11-10
11057	210	165	167	2019	167	0	2	2019-11-10
11058	210	163	164	2019	163	1	0	2019-11-10
11059	210	123	268	2019	\N	3	3	2019-11-22
11061	210	157	126	2019	126	1	2	2019-11-23
11062	210	161	132	2019	132	0	4	2019-11-23
11063	210	167	163	2019	\N	1	1	2019-11-23
11064	210	270	166	2019	270	2	0	2019-11-23
11065	210	170	269	2019	170	4	1	2019-11-23
11066	210	162	159	2019	162	4	0	2019-11-24
11067	210	131	168	2019	168	1	5	2019-11-24
11068	210	126	270	2019	126	2	1	2019-11-29
11070	210	159	123	2019	123	1	2	2019-11-30
11071	210	131	161	2019	\N	1	1	2019-11-30
11072	210	268	170	2019	170	2	3	2019-11-30
11073	210	132	167	2019	167	1	2	2019-11-30
11074	210	166	163	2019	166	4	2	2019-12-01
11075	210	165	157	2019	157	2	3	2019-12-01
11076	210	168	164	2019	168	2	1	2019-12-02
11077	210	164	159	2019	\N	2	2	2019-12-06
11079	210	166	132	2019	166	2	1	2019-12-07
11080	210	163	165	2019	163	1	0	2019-12-07
11081	210	162	168	2019	162	2	1	2019-12-07
11082	210	170	131	2019	170	3	1	2019-12-07
11083	210	167	126	2019	167	2	1	2019-12-07
11084	210	270	269	2019	270	2	0	2019-12-08
11085	210	157	268	2019	268	0	1	2019-12-08
11086	210	131	162	2019	162	2	4	2019-12-13
11087	210	269	167	2019	269	2	0	2019-12-14
11088	210	159	163	2019	159	1	0	2019-12-14
11089	210	132	157	2019	132	6	1	2019-12-14
11090	210	168	123	2019	123	0	4	2019-12-14
11092	210	161	170	2019	170	0	3	2019-12-14
11093	210	165	166	2019	165	2	1	2019-12-15
11094	210	126	164	2019	126	1	0	2019-12-15
11095	210	157	168	2019	168	0	5	2019-12-17
11096	210	123	170	2019	\N	3	3	2019-12-17
11097	210	162	161	2019	162	3	0	2019-12-17
11098	210	270	131	2019	131	0	2	2019-12-17
11099	210	167	159	2019	159	0	1	2019-12-18
11101	210	166	268	2019	166	2	0	2019-12-18
11102	210	163	132	2019	132	1	3	2019-12-18
11103	210	165	126	2019	\N	1	1	2019-12-18
11104	210	131	123	2019	131	2	1	2019-12-20
11105	210	269	157	2019	269	1	0	2019-12-21
11106	210	126	163	2019	\N	2	2	2019-12-21
11108	210	168	167	2019	167	0	1	2019-12-21
11109	210	170	162	2019	170	3	1	2019-12-21
11110	210	159	166	2019	\N	0	0	2019-12-21
11111	210	161	270	2019	161	2	1	2019-12-22
11112	210	268	164	2019	268	2	1	2019-12-22
11113	210	126	166	2019	126	2	0	2020-01-17
11114	210	269	165	2019	269	3	1	2020-01-18
11115	210	161	157	2019	157	0	1	2020-01-18
11116	210	168	163	2019	163	1	2	2020-01-18
11117	210	131	164	2019	164	1	2	2020-01-18
11119	210	170	270	2019	170	3	1	2020-01-18
11120	210	159	132	2019	132	0	4	2020-01-19
11121	210	268	167	2019	167	1	4	2020-01-19
11122	210	123	269	2019	123	5	1	2020-01-24
11123	210	164	170	2019	164	2	0	2020-01-25
11124	210	166	168	2019	166	3	1	2020-01-25
11125	210	163	268	2019	268	0	2	2020-01-25
11126	210	165	159	2019	159	1	2	2020-01-25
11127	210	270	162	2019	270	2	0	2020-01-25
11128	210	132	126	2019	132	5	0	2020-01-25
11129	210	157	131	2019	131	0	3	2020-01-26
11130	210	167	161	2019	167	3	0	2020-01-26
11132	210	123	270	2019	123	5	0	2020-02-01
11133	210	161	164	2019	\N	1	1	2020-02-01
11134	210	168	132	2019	132	1	3	2020-02-01
11135	210	131	167	2019	131	2	1	2020-02-01
11136	210	162	157	2019	162	2	1	2020-02-01
11137	210	170	166	2019	\N	2	2	2020-02-01
11139	210	268	165	2019	165	2	4	2020-02-02
11140	210	164	162	2019	164	5	0	2020-02-07
11141	210	126	268	2019	\N	1	1	2020-02-08
11142	210	157	270	2019	270	0	2	2020-02-08
11143	210	159	168	2019	168	1	3	2020-02-08
11144	210	163	131	2019	163	1	0	2020-02-08
11145	210	165	161	2019	\N	1	1	2020-02-08
11147	210	132	170	2019	\N	0	0	2020-02-09
11148	210	123	164	2019	123	4	0	2020-02-14
11149	210	131	165	2019	165	2	3	2020-02-15
11150	210	162	163	2019	\N	1	1	2020-02-15
11151	210	270	167	2019	167	2	3	2020-02-15
11153	210	170	157	2019	170	3	0	2020-02-15
11154	210	161	166	2019	166	1	4	2020-02-15
11155	210	269	132	2019	132	1	4	2020-02-16
11156	210	168	126	2019	\N	0	0	2020-02-16
11157	210	132	268	2019	132	3	2	2020-02-21
11158	210	163	161	2019	161	0	2	2020-02-22
11159	210	157	123	2019	123	0	2	2020-02-22
11160	210	159	269	2019	269	0	5	2020-02-22
11162	210	126	170	2019	170	0	5	2020-02-22
11163	210	167	162	2019	167	2	0	2020-02-23
11164	210	165	168	2019	165	4	0	2020-02-23
11165	210	164	270	2019	270	1	2	2020-02-24
11166	210	161	159	2019	\N	3	3	2020-02-28
11167	210	123	163	2019	123	1	0	2020-02-29
11168	210	168	268	2019	168	2	0	2020-02-29
11169	210	131	132	2019	132	0	6	2020-02-29
11170	210	162	166	2019	166	2	3	2020-02-29
11171	210	269	126	2019	269	3	0	2020-02-29
11173	210	170	167	2019	\N	1	1	2020-03-01
11174	210	268	269	2019	269	1	2	2020-03-06
11175	210	126	131	2019	\N	1	1	2020-03-07
11177	210	167	164	2019	167	4	0	2020-03-07
11178	210	163	270	2019	163	3	1	2020-03-07
11179	210	165	170	2019	\N	0	0	2020-03-07
11180	210	166	123	2019	123	1	2	2020-03-07
11181	210	132	162	2019	132	2	0	2020-03-08
11182	210	168	161	2019	\N	1	1	2020-03-08
11184	210	123	126	2019	123	4	0	2020-05-16
11185	210	161	268	2019	\N	0	0	2020-05-16
11186	210	131	159	2019	159	0	3	2020-05-16
11187	210	162	165	2019	165	1	2	2020-05-16
11188	210	170	163	2019	\N	1	1	2020-05-16
11191	210	270	132	2019	132	0	2	2020-05-17
11192	210	157	167	2019	167	1	4	2020-05-18
11193	210	159	270	2019	159	4	0	2020-05-22
11194	210	166	167	2019	167	1	3	2020-05-23
11195	210	163	157	2019	157	0	1	2020-05-23
11196	210	165	123	2019	123	0	2	2020-05-23
11197	210	268	131	2019	\N	1	1	2020-05-23
11199	210	126	162	2019	162	0	3	2020-05-24
11200	210	168	170	2019	170	0	5	2020-05-24
11201	210	269	161	2019	\N	2	2	2020-05-24
11202	210	123	132	2019	132	0	1	2020-05-26
11203	210	164	163	2019	\N	3	3	2020-05-26
11205	210	167	165	2019	165	1	4	2020-05-26
11206	210	170	159	2019	\N	2	2	2020-05-27
11207	210	161	126	2019	161	2	1	2020-05-27
11208	210	131	269	2019	131	3	1	2020-05-27
11209	210	162	268	2019	\N	0	0	2020-05-27
11211	210	163	167	2019	167	0	1	2020-05-29
11212	210	126	157	2019	157	0	1	2020-05-30
11213	210	159	162	2019	159	2	0	2020-05-30
11214	210	165	164	2019	164	1	2	2020-05-30
11215	210	168	131	2019	131	0	1	2020-05-30
11216	210	132	161	2019	132	5	0	2020-05-30
11217	210	166	270	2019	166	4	1	2020-05-31
11218	210	268	123	2019	123	1	6	2020-05-31
11219	210	269	170	2019	170	2	4	2020-06-01
11220	210	157	164	2019	164	0	3	2020-06-03
11222	210	164	168	2019	168	0	2	2020-06-06
11223	210	161	131	2019	\N	2	2	2020-06-06
11224	210	167	132	2019	132	2	4	2020-06-06
11225	210	170	268	2019	\N	1	1	2020-06-06
11226	210	123	159	2019	123	1	0	2020-06-06
11227	210	157	165	2019	165	0	1	2020-06-07
11229	210	162	269	2019	\N	1	1	2020-06-07
11230	210	131	170	2019	170	0	2	2020-06-12
11231	210	269	270	2019	270	1	2	2020-06-13
11232	210	159	164	2019	164	1	4	2020-06-13
11233	210	161	123	2019	123	0	1	2020-06-13
11234	210	165	163	2019	\N	2	2	2020-06-13
11236	210	132	166	2019	132	2	1	2020-06-13
11237	210	168	162	2019	162	0	1	2020-06-14
11238	210	126	167	2019	\N	1	1	2020-06-14
11239	210	166	165	2019	166	3	0	2020-06-16
11240	210	157	132	2019	132	0	1	2020-06-16
11241	210	163	159	2019	163	2	1	2020-06-16
11242	210	270	268	2019	270	1	0	2020-06-16
11243	210	164	126	2019	164	2	1	2020-06-17
11245	210	167	269	2019	167	3	1	2020-06-17
11246	210	162	131	2019	131	1	3	2020-06-17
11247	210	170	161	2019	\N	2	2	2020-06-17
11248	210	269	164	2019	\N	1	1	2020-06-20
11249	210	126	165	2019	165	1	4	2020-06-20
11250	210	159	167	2019	159	2	0	2020-06-20
11252	210	161	162	2019	\N	1	1	2020-06-20
11253	210	168	157	2019	168	3	1	2020-06-20
11254	210	131	270	2019	131	4	0	2020-06-20
11255	210	268	166	2019	166	1	3	2020-06-20
11256	210	170	123	2019	123	0	2	2020-06-20
11257	210	164	268	2019	164	3	2	2020-06-27
11258	210	123	131	2019	131	0	4	2020-06-27
11259	210	157	269	2019	157	6	1	2020-06-27
11260	210	166	159	2019	166	2	1	2020-06-27
11261	210	167	168	2019	167	1	0	2020-06-27
11263	210	165	132	2019	132	0	4	2020-06-27
11264	210	162	170	2019	170	1	2	2020-06-27
11265	210	270	161	2019	270	3	0	2020-06-27
11268	225	176	139	2019	139	0	1	2019-08-24
11270	225	177	183	2019	177	1	0	2019-08-25
11271	225	135	185	2019	\N	3	3	2019-08-25
11272	225	186	172	2019	172	0	3	2019-08-25
11273	225	179	272	2019	272	0	1	2019-08-25
11274	225	173	180	2019	173	2	1	2019-08-25
11275	225	273	174	2019	\N	1	1	2019-08-25
11277	225	119	274	2019	119	4	0	2019-08-26
11278	225	174	175	2019	174	1	0	2019-08-30
11279	225	183	272	2019	183	1	0	2019-08-31
11280	225	139	125	2019	139	4	3	2019-08-31
11281	225	172	135	2019	\N	1	1	2019-09-01
11282	225	177	176	2019	176	1	3	2019-09-01
11283	225	181	173	2019	173	2	3	2019-09-01
11284	225	179	119	2019	119	1	2	2019-09-01
11285	225	185	184	2019	185	2	1	2019-09-01
11286	225	180	186	2019	180	4	1	2019-09-01
11288	225	184	139	2019	\N	0	0	2019-09-14
11289	225	125	186	2019	125	2	0	2019-09-14
11290	225	119	177	2019	119	1	0	2019-09-14
11291	225	185	181	2019	181	1	2	2019-09-15
11292	225	176	179	2019	179	1	3	2019-09-15
11293	225	272	174	2019	174	3	4	2019-09-15
11294	225	175	172	2019	175	2	1	2019-09-15
11295	225	135	180	2019	135	4	2	2019-09-15
11296	225	273	183	2019	183	0	1	2019-09-15
11297	225	173	274	2019	274	1	2	2019-09-16
11299	225	177	272	2019	272	0	1	2019-09-21
11300	225	139	273	2019	139	2	1	2019-09-21
11301	225	183	119	2019	119	0	2	2019-09-21
11302	225	180	175	2019	180	3	0	2019-09-22
11303	225	186	173	2019	186	1	0	2019-09-22
11304	225	174	135	2019	135	1	2	2019-09-22
11305	225	274	125	2019	125	1	4	2019-09-22
11306	225	181	184	2019	\N	2	2	2019-09-22
11307	225	172	176	2019	172	2	0	2019-09-22
11309	225	272	139	2019	139	1	2	2019-09-24
11310	225	135	181	2019	181	0	2	2019-09-25
11311	225	125	179	2019	179	0	1	2019-09-25
11312	225	119	172	2019	119	1	0	2019-09-25
11313	225	184	186	2019	184	2	1	2019-09-25
11314	225	176	180	2019	176	1	0	2019-09-25
11315	225	185	174	2019	\N	0	0	2019-09-25
11317	225	173	183	2019	173	2	1	2019-09-26
11319	225	186	119	2019	119	1	3	2019-09-28
11320	225	180	181	2019	181	1	4	2019-09-28
11321	225	125	272	2019	125	2	1	2019-09-29
11322	225	172	185	2019	172	4	0	2019-09-29
11323	225	177	174	2019	177	1	0	2019-09-29
11324	225	274	135	2019	135	0	1	2019-09-29
11325	225	179	273	2019	\N	1	1	2019-09-29
11326	225	183	184	2019	184	1	3	2019-09-29
11327	225	176	173	2019	176	3	2	2019-09-30
11328	225	175	176	2019	175	1	0	2019-10-05
11330	225	185	183	2019	183	1	2	2019-10-05
11331	225	184	177	2019	184	1	0	2019-10-06
11333	225	181	274	2019	181	3	1	2019-10-06
11334	225	174	172	2019	\N	2	2	2019-10-06
11335	225	173	125	2019	\N	0	0	2019-10-06
11336	225	119	139	2019	139	1	2	2019-10-06
11338	225	125	273	2019	125	2	0	2019-10-19
11339	225	139	174	2019	139	2	1	2019-10-19
11340	225	180	119	2019	119	3	4	2019-10-20
11341	225	177	173	2019	177	1	0	2019-10-20
11342	225	186	135	2019	\N	0	0	2019-10-20
11343	225	179	175	2019	179	2	0	2019-10-20
11344	225	176	185	2019	176	5	1	2019-10-20
11346	225	272	184	2019	\N	0	0	2019-10-21
11347	225	273	180	2019	180	0	1	2019-10-25
11348	225	274	139	2019	\N	1	1	2019-10-26
11349	225	119	176	2019	\N	2	2	2019-10-26
11351	225	174	186	2019	174	2	1	2019-10-27
11352	225	181	177	2019	181	7	1	2019-10-27
11353	225	173	179	2019	\N	1	1	2019-10-27
11354	225	175	125	2019	\N	1	1	2019-10-27
11356	225	184	172	2019	172	1	2	2019-10-27
11357	225	176	273	2019	273	0	1	2019-10-29
11358	225	272	119	2019	119	1	2	2019-10-29
11359	225	125	181	2019	\N	2	2	2019-10-30
11360	225	139	185	2019	139	2	1	2019-10-30
11361	225	172	173	2019	172	4	0	2019-10-30
11362	225	177	135	2019	135	0	4	2019-10-30
11363	225	186	274	2019	\N	1	1	2019-10-30
11365	225	180	184	2019	184	1	2	2019-10-30
11366	225	183	175	2019	183	1	0	2019-10-31
11367	225	135	125	2019	135	2	1	2019-11-02
11368	225	174	119	2019	119	1	2	2019-11-02
11369	225	173	139	2019	139	0	1	2019-11-02
11370	225	181	179	2019	179	0	2	2019-11-03
11371	225	185	177	2019	177	1	3	2019-11-03
11372	225	273	272	2019	273	2	1	2019-11-03
11373	225	274	180	2019	\N	2	2	2019-11-03
11375	225	183	172	2019	172	1	2	2019-11-03
11376	225	175	186	2019	186	0	1	2019-11-04
11377	225	180	174	2019	180	3	1	2019-11-08
11378	225	272	173	2019	173	0	4	2019-11-09
11379	225	119	273	2019	119	2	1	2019-11-09
11380	225	125	185	2019	\N	0	0	2019-11-09
11381	225	179	184	2019	179	5	2	2019-11-10
11383	225	177	175	2019	\N	0	0	2019-11-10
11384	225	186	181	2019	\N	0	0	2019-11-10
11385	225	176	135	2019	176	2	0	2019-11-10
11386	225	139	183	2019	139	1	0	2019-11-10
11387	225	181	139	2019	139	1	3	2019-11-23
11389	225	173	119	2019	119	0	3	2019-11-23
11390	225	174	176	2019	\N	2	2	2019-11-24
11391	225	135	272	2019	135	3	0	2019-11-24
11392	225	273	184	2019	273	1	0	2019-11-24
11393	225	180	172	2019	172	1	2	2019-11-24
11394	225	186	177	2019	186	2	1	2019-11-24
11395	225	274	179	2019	\N	2	2	2019-11-25
11397	225	272	181	2019	181	0	3	2019-11-30
11398	225	185	173	2019	173	0	1	2019-11-30
11399	225	184	274	2019	274	0	1	2019-11-30
11400	225	139	180	2019	\N	2	2	2019-12-01
11401	225	119	175	2019	119	2	1	2019-12-01
11402	225	172	177	2019	172	3	0	2019-12-01
11404	225	125	174	2019	174	1	2	2019-12-01
11405	225	273	135	2019	135	1	3	2019-12-01
11406	225	179	186	2019	179	4	3	2019-12-02
11407	225	119	135	2019	\N	0	0	2019-12-06
11408	225	181	273	2019	181	3	2	2019-12-07
11409	225	177	125	2019	\N	1	1	2019-12-07
11411	225	274	185	2019	\N	2	2	2019-12-08
11412	225	173	184	2019	173	2	1	2019-12-08
11413	225	180	179	2019	\N	2	2	2019-12-08
11414	225	175	272	2019	272	0	1	2019-12-08
11415	225	186	176	2019	176	0	1	2019-12-08
11416	225	174	183	2019	183	2	3	2019-12-08
11418	225	125	176	2019	176	1	2	2019-12-14
11419	225	185	186	2019	186	0	1	2019-12-14
11420	225	273	173	2019	\N	3	3	2019-12-15
11421	225	139	177	2019	139	3	1	2019-12-15
11422	225	183	180	2019	\N	0	0	2019-12-15
11423	225	174	181	2019	174	2	1	2019-12-15
11425	225	184	119	2019	\N	1	1	2019-12-15
11426	225	179	172	2019	172	1	2	2019-12-16
11427	225	186	139	2019	139	1	2	2019-12-18
11428	225	272	180	2019	180	0	2	2019-12-18
11429	225	184	135	2019	135	1	4	2019-12-20
11430	225	177	179	2019	177	2	1	2019-12-21
11431	225	119	185	2019	119	4	0	2019-12-21
11432	225	173	175	2019	175	1	2	2019-12-21
11433	225	181	183	2019	181	5	0	2019-12-22
11435	225	274	174	2019	174	2	3	2019-12-22
11436	225	180	125	2019	125	1	2	2019-12-22
11437	225	272	172	2019	172	1	2	2020-01-05
11438	225	175	273	2019	273	0	2	2020-01-05
11439	225	185	180	2019	185	2	1	2020-01-05
11440	225	135	173	2019	173	0	2	2020-01-05
11441	225	174	184	2019	\N	1	1	2020-01-06
11442	225	139	179	2019	139	4	0	2020-01-06
11444	225	181	176	2019	181	5	0	2020-01-06
11445	225	274	177	2019	177	0	1	2020-01-06
11446	225	125	119	2019	119	1	3	2020-01-06
11447	225	179	183	2019	183	0	2	2020-01-11
11448	225	172	125	2019	172	1	0	2020-01-11
11449	225	119	181	2019	\N	1	1	2020-01-11
11450	225	177	180	2019	177	3	0	2020-01-12
11451	225	184	175	2019	184	1	0	2020-01-12
11452	225	186	272	2019	186	5	1	2020-01-12
11454	225	273	185	2019	273	2	1	2020-01-12
11455	225	135	139	2019	139	1	2	2020-01-12
11456	225	176	274	2019	176	2	0	2020-01-13
11457	225	172	186	2019	172	5	1	2020-01-18
11458	225	180	173	2019	180	2	1	2020-01-18
11459	225	125	184	2019	184	0	2	2020-01-18
11460	225	183	177	2019	183	3	2	2020-01-19
11461	225	174	273	2019	\N	1	1	2020-01-19
11463	225	274	119	2019	\N	1	1	2020-01-19
11464	225	185	135	2019	135	1	3	2020-01-19
11465	225	139	176	2019	139	2	1	2020-01-19
11466	225	181	175	2019	175	1	2	2020-01-20
11467	225	272	183	2019	183	0	1	2020-01-24
11469	225	184	185	2019	\N	0	0	2020-01-25
11471	225	119	179	2019	\N	1	1	2020-01-26
11472	225	176	177	2019	176	2	0	2020-01-26
11474	225	273	274	2019	273	3	0	2020-01-26
11475	225	135	172	2019	\N	1	1	2020-01-26
11476	225	125	139	2019	125	2	1	2020-01-26
11477	225	174	272	2019	174	2	1	2020-02-01
11478	225	179	176	2019	\N	2	2	2020-02-01
11479	225	180	135	2019	180	4	2	2020-02-01
11481	225	172	175	2019	172	5	1	2020-02-02
11482	225	183	273	2019	\N	1	1	2020-02-02
11483	225	181	185	2019	\N	2	2	2020-02-02
11484	225	274	173	2019	274	4	0	2020-02-02
11485	225	177	119	2019	119	0	2	2020-02-02
11486	225	186	125	2019	125	2	4	2020-02-03
11488	225	135	174	2019	174	2	3	2020-02-07
11489	225	184	181	2019	181	1	2	2020-02-08
11490	225	173	186	2019	186	1	3	2020-02-08
11491	225	273	139	2019	273	2	1	2020-02-08
11492	225	175	180	2019	180	1	2	2020-02-09
11493	225	125	274	2019	274	2	3	2020-02-09
11494	225	185	179	2019	185	1	0	2020-02-09
11495	225	272	177	2019	\N	1	1	2020-02-09
11497	225	119	183	2019	119	4	2	2020-02-09
11498	225	274	175	2019	274	2	1	2020-02-15
11499	225	174	185	2019	185	0	3	2020-02-15
11500	225	181	135	2019	181	2	1	2020-02-15
11501	225	177	273	2019	\N	0	0	2020-02-16
11502	225	139	272	2019	139	2	0	2020-02-16
11503	225	186	184	2019	184	1	5	2020-02-16
11504	225	180	176	2019	176	0	1	2020-02-16
11505	225	179	125	2019	125	0	1	2020-02-16
11506	225	172	119	2019	172	2	1	2020-02-16
11508	225	272	125	2019	125	1	2	2020-02-21
11509	225	174	177	2019	\N	1	1	2020-02-22
11510	225	175	139	2019	139	1	2	2020-02-22
11511	225	184	183	2019	\N	1	1	2020-02-22
11512	225	185	172	2019	172	2	3	2020-02-23
11513	225	135	274	2019	135	4	0	2020-02-23
11515	225	125	173	2019	125	2	1	2020-02-29
11516	225	274	181	2019	181	2	7	2020-03-01
11517	225	179	135	2019	135	3	4	2020-03-01
11518	225	176	175	2019	175	0	1	2020-03-08
11519	225	183	185	2019	185	1	2	2020-03-08
11520	225	186	273	2019	186	2	1	2020-03-08
11521	225	177	184	2019	\N	0	0	2020-03-08
11522	225	139	119	2019	139	2	0	2020-03-08
11523	225	180	272	2019	180	3	0	2020-03-09
11525	225	273	179	2019	273	2	1	2020-06-20
11526	225	181	180	2019	181	4	1	2020-06-21
11527	225	119	186	2019	119	2	1	2020-06-21
11528	225	184	272	2019	\N	1	1	2020-06-22
11529	225	274	183	2019	183	1	4	2020-06-22
11530	225	174	139	2019	139	0	2	2020-06-22
11531	225	273	125	2019	125	0	2	2020-06-23
11532	225	175	179	2019	179	0	1	2020-06-23
11533	225	173	177	2019	173	1	0	2020-06-23
11535	225	119	180	2019	\N	3	3	2020-06-24
11536	225	135	186	2019	135	2	1	2020-06-24
11537	225	181	172	2019	181	3	2	2020-06-24
11538	225	139	274	2019	139	4	0	2020-06-26
11539	225	272	185	2019	\N	2	2	2020-06-27
11540	225	179	173	2019	179	4	2	2020-06-27
11542	225	183	135	2019	183	2	0	2020-06-28
11543	225	125	175	2019	125	3	1	2020-06-28
11544	225	177	181	2019	181	2	3	2020-06-28
11545	225	186	174	2019	174	1	2	2020-06-28
11546	225	180	273	2019	\N	3	3	2020-06-28
11547	225	176	119	2019	119	1	2	2020-06-28
11548	225	173	172	2019	172	1	2	2020-06-30
11549	225	185	139	2019	139	1	3	2020-06-30
11550	225	119	272	2019	119	6	0	2020-07-01
11552	225	184	180	2019	180	1	3	2020-07-01
11553	225	273	176	2019	273	3	2	2020-07-01
11554	225	175	183	2019	\N	2	2	2020-07-01
11555	225	274	186	2019	186	1	2	2020-07-01
11556	225	181	125	2019	181	2	0	2020-07-02
11557	225	135	177	2019	177	0	2	2020-07-02
11558	225	139	173	2019	139	4	1	2020-07-04
11559	225	180	274	2019	180	4	2	2020-07-04
11560	225	172	183	2019	183	0	3	2020-07-04
11562	225	176	184	2019	184	1	2	2020-07-05
11563	225	177	185	2019	\N	2	2	2020-07-05
11564	225	186	175	2019	186	3	0	2020-07-05
11565	225	179	181	2019	181	0	1	2020-07-05
11566	225	272	273	2019	272	2	0	2020-07-05
11567	225	125	135	2019	125	2	1	2020-07-05
11568	225	274	172	2019	274	2	1	2020-07-07
11569	225	183	139	2019	183	4	2	2020-07-07
11571	225	185	125	2019	125	1	2	2020-07-08
11572	225	135	176	2019	135	2	1	2020-07-08
11573	225	181	186	2019	181	2	0	2020-07-08
11574	225	173	272	2019	173	3	1	2020-07-08
11575	225	174	180	2019	180	1	2	2020-07-08
11576	225	175	177	2019	177	0	3	2020-07-09
11577	225	273	119	2019	\N	2	2	2020-07-09
11578	225	172	180	2019	180	1	2	2020-07-11
11579	225	272	135	2019	135	0	3	2020-07-11
11581	225	185	175	2019	185	2	0	2020-07-12
11582	225	184	273	2019	\N	1	1	2020-07-12
11583	225	176	174	2019	\N	2	2	2020-07-12
11584	225	177	186	2019	186	1	3	2020-07-12
11586	225	125	183	2019	\N	2	2	2020-07-12
11587	225	119	173	2019	119	3	1	2020-07-13
11588	225	181	272	2019	181	6	2	2020-07-14
11589	225	174	125	2019	\N	1	1	2020-07-15
11590	225	183	176	2019	183	3	1	2020-07-15
11592	225	180	139	2019	\N	3	3	2020-07-15
11593	225	274	184	2019	184	1	3	2020-07-15
11594	225	135	273	2019	135	2	1	2020-07-15
11595	225	177	172	2019	\N	0	0	2020-07-15
11596	225	173	185	2019	173	3	0	2020-07-16
11597	225	175	119	2019	119	0	4	2020-07-16
11599	225	179	180	2019	\N	1	1	2020-07-18
11600	225	183	174	2019	183	5	1	2020-07-18
11601	225	176	186	2019	186	2	3	2020-07-19
11602	225	125	177	2019	125	2	1	2020-07-19
11603	225	184	173	2019	184	2	0	2020-07-19
11604	225	185	274	2019	185	2	1	2020-07-19
11605	225	272	175	2019	272	2	1	2020-07-19
11607	225	139	172	2019	139	2	1	2020-07-20
11608	225	181	174	2019	181	1	0	2020-07-21
11609	225	180	183	2019	183	1	2	2020-07-21
11611	225	119	184	2019	\N	0	0	2020-07-22
11612	225	186	185	2019	185	1	2	2020-07-22
11614	225	175	135	2019	135	1	6	2020-07-22
11615	225	274	272	2019	274	3	1	2020-07-22
11616	225	177	139	2019	177	2	1	2020-07-23
11617	225	172	179	2019	172	2	1	2020-07-23
11618	225	183	181	2019	\N	1	1	2020-07-24
11619	225	272	176	2019	176	1	2	2020-07-25
11620	225	185	119	2019	119	0	3	2020-07-25
11621	225	125	180	2019	125	2	0	2020-07-25
11622	225	174	274	2019	174	3	2	2020-07-26
11624	225	179	177	2019	177	0	1	2020-07-26
11625	225	273	172	2019	172	1	5	2020-07-26
11626	225	175	173	2019	\N	1	1	2020-07-26
11627	225	139	186	2019	139	2	0	2020-07-26
11628	225	176	181	2019	181	1	2	2020-07-28
11629	225	119	125	2019	119	2	0	2020-07-28
11630	225	172	272	2019	172	2	0	2020-07-29
11631	225	177	274	2019	274	1	2	2020-07-29
11632	225	186	183	2019	183	1	4	2020-07-29
11633	225	273	175	2019	273	3	0	2020-07-29
11635	225	184	174	2019	184	4	0	2020-07-29
11636	225	179	139	2019	179	2	0	2020-07-29
11637	225	173	135	2019	135	2	3	2020-07-29
11638	225	272	186	2019	\N	1	1	2020-08-01
11639	225	139	135	2019	135	1	3	2020-08-01
11640	225	125	172	2019	125	3	1	2020-08-01
11641	225	183	179	2019	183	3	0	2020-08-01
11642	225	181	119	2019	119	0	2	2020-08-01
11643	225	175	184	2019	184	1	3	2020-08-02
11645	225	185	273	2019	185	3	0	2020-08-02
11646	225	180	177	2019	177	0	1	2020-08-02
11647	225	274	176	2019	176	3	4	2020-08-02
11707	238	116	106	2019	\N	1	1	2019-09-22
11744	238	116	201	2019	201	0	4	2019-10-27
11799	238	201	106	2019	201	1	0	2019-12-15
11836	238	106	116	2019	106	1	0	2020-02-02
11870	238	106	201	2019	201	0	2	2020-03-01
11895	251	214	215	2019	214	2	1	2019-08-18
11899	251	111	127	2019	127	0	2	2019-08-24
11913	251	127	203	2019	127	3	0	2019-09-01
11914	251	215	111	2019	111	0	4	2019-09-01
11941	251	212	127	2019	127	0	1	2019-09-29
11951	251	214	203	2019	214	3	1	2019-10-27
11961	251	111	212	2019	111	2	0	2019-11-02
11977	251	203	215	2019	215	0	2	2019-11-10
12009	251	203	111	2019	111	0	1	2020-01-04
12013	251	214	127	2019	127	1	2	2020-01-05
12024	251	127	215	2019	215	1	2	2020-01-17
12025	251	214	111	2019	111	0	2	2020-01-17
12038	251	203	212	2019	212	1	2	2020-01-27
12048	251	215	214	2019	215	1	0	2020-02-02
12055	251	127	111	2019	127	3	2	2020-02-08
12064	251	212	214	2019	\N	1	1	2020-02-15
12067	251	203	127	2019	127	1	2	2020-02-16
12090	251	127	212	2019	\N	1	1	2020-03-07
12100	251	203	214	2019	\N	2	2	2020-06-04
12118	251	212	111	2019	111	1	2	2020-06-17
12130	251	215	203	2019	215	3	2	2020-06-25
12138	251	212	215	2019	212	4	3	2020-06-30
12164	251	111	203	2019	111	2	0	2020-07-14
12167	251	127	214	2019	127	2	0	2020-07-15
12181	251	215	127	2019	215	2	1	2020-07-25
12182	251	111	214	2019	111	2	1	2020-07-25
12190	269	225	282	2019	\N	4	4	2019-08-17
12193	269	224	231	2019	231	0	2	2019-08-18
12196	269	282	231	2019	231	0	1	2019-08-23
12205	269	118	221	2019	118	5	2	2019-08-25
12214	269	224	282	2019	282	0	3	2019-09-01
12215	269	225	134	2019	\N	2	2	2019-09-01
12219	269	226	121	2019	226	2	0	2019-09-14
12220	269	118	138	2019	118	5	2	2019-09-14
12230	269	282	118	2019	282	2	0	2019-09-21
12232	269	224	226	2019	226	1	3	2019-09-22
12235	269	231	134	2019	134	0	1	2019-09-22
12238	269	118	225	2019	118	2	1	2019-09-24
12246	269	225	221	2019	225	5	1	2019-09-27
12250	269	121	134	2019	\N	0	0	2019-09-28
12255	269	231	226	2019	231	3	2	2019-09-29
12258	269	134	282	2019	134	4	2	2019-10-05
12265	269	118	231	2019	118	4	0	2019-10-06
12272	269	226	221	2019	226	3	1	2019-10-20
12273	269	224	225	2019	225	0	1	2019-10-20
12281	269	282	221	2019	282	1	0	2019-10-27
12295	269	224	138	2019	138	1	2	2019-11-02
12298	269	134	221	2019	\N	0	0	2019-11-02
12304	269	282	226	2019	226	1	2	2019-11-03
12307	269	138	282	2019	138	2	0	2019-11-09
12312	269	121	224	2019	121	3	1	2019-11-10
12317	269	221	138	2019	221	2	1	2019-11-23
12318	269	282	121	2019	\N	1	1	2019-11-23
12319	269	134	226	2019	134	3	1	2019-11-23
12329	269	138	225	2019	138	2	1	2019-11-30
12334	269	121	118	2019	118	0	1	2019-12-01
12335	269	225	121	2019	\N	0	0	2019-12-06
12336	269	134	224	2019	134	2	0	2019-12-07
12353	269	231	225	2019	225	1	2	2019-12-15
12354	269	138	134	2019	\N	1	1	2019-12-15
12355	269	118	134	2019	\N	0	0	2019-12-18
12363	269	221	121	2019	121	1	2	2019-12-22
12371	269	224	118	2019	\N	2	2	2020-01-04
12373	269	226	225	2019	225	1	2	2020-01-05
12378	269	134	231	2019	134	2	1	2020-01-18
12382	269	221	226	2019	221	3	0	2020-01-19
12383	269	225	224	2019	224	1	2	2020-01-19
12388	269	138	118	2019	138	2	0	2020-01-25
12390	269	231	282	2019	231	2	0	2020-01-25
12396	269	282	224	2019	282	2	1	2020-02-01
12397	269	134	121	2019	134	1	0	2020-02-01
12410	269	121	282	2019	121	1	0	2020-02-08
12415	269	221	118	2019	118	2	3	2020-02-09
12416	269	138	121	2019	\N	2	2	2020-02-14
12421	269	231	224	2019	\N	2	2	2020-02-16
12428	269	226	138	2019	226	3	0	2020-02-22
12434	269	121	225	2019	121	3	1	2020-02-23
12437	269	138	221	2019	138	2	1	2020-02-29
12444	269	134	118	2019	134	2	0	2020-03-01
12447	269	121	231	2019	\N	2	2	2020-03-07
18215	210	157	167	2020	\N	\N	\N	2021-05-08
12454	269	221	134	2019	221	2	1	2020-03-08
12456	269	231	221	2019	231	2	0	2020-06-11
12475	269	134	138	2019	134	3	0	2020-06-18
12477	269	282	225	2019	225	0	1	2020-06-19
12478	269	231	118	2019	\N	0	0	2020-06-19
12485	269	226	134	2019	134	1	2	2020-06-21
12486	269	225	231	2019	\N	2	2	2020-06-22
12504	269	224	134	2019	134	0	1	2020-06-28
12508	269	118	121	2019	\N	2	2	2020-06-30
12511	269	221	225	2019	225	0	2	2020-07-01
12513	269	226	224	2019	226	2	1	2020-07-02
12519	269	282	138	2019	\N	2	2	2020-07-04
12523	269	225	118	2019	118	1	4	2020-07-05
12530	269	118	224	2019	118	1	0	2020-07-08
12534	269	226	282	2019	282	2	3	2020-07-10
12538	269	121	221	2019	121	1	0	2020-07-11
12543	269	225	226	2019	226	1	2	2020-07-13
12547	269	134	225	2019	134	2	1	2020-07-16
12549	269	138	224	2019	138	1	0	2020-07-16
12553	269	226	231	2019	\N	0	0	2020-07-16
12559	269	121	226	2019	\N	1	1	2020-07-19
18216	210	165	270	2020	\N	\N	\N	2021-05-08
18217	210	131	126	2020	\N	\N	\N	2021-05-08
18218	210	132	166	2020	\N	\N	\N	2021-05-08
18219	210	269	163	2020	\N	\N	\N	2021-05-09
12946	189	53	38	2020	53	1	0	2020-09-11
12947	189	27	33	2020	27	1	0	2020-09-12
12948	189	287	34	2020	34	0	1	2020-09-12
12949	189	30	32	2020	30	2	0	2020-09-12
12950	189	22	21	2020	21	0	2	2020-09-12
12951	189	29	40	2020	40	0	1	2020-09-12
12952	189	31	288	2020	31	2	1	2020-09-12
12953	189	51	28	2020	28	0	1	2020-09-12
12954	189	56	26	2020	26	0	2	2020-09-12
12955	189	37	42	2020	\N	0	0	2020-09-12
12957	189	55	36	2020	55	3	2	2020-09-12
12958	189	288	30	2020	288	3	2	2020-09-18
12959	189	32	56	2020	56	0	2	2020-09-19
12960	189	36	287	2020	36	5	0	2020-09-19
12961	189	40	27	2020	\N	0	0	2020-09-19
12962	189	28	29	2020	\N	2	2	2020-09-19
12964	189	38	55	2020	\N	1	1	2020-09-19
12965	189	33	51	2020	33	3	0	2020-09-19
12966	189	239	22	2020	239	2	1	2020-09-19
12967	189	21	241	2020	21	2	0	2020-09-19
12968	189	34	37	2020	37	0	1	2020-09-19
12969	189	42	31	2020	31	0	2	2020-09-20
12970	189	51	32	2020	51	1	0	2020-09-25
12971	189	53	239	2020	53	1	0	2020-09-26
12973	189	30	38	2020	\N	1	1	2020-09-26
12974	189	27	34	2020	\N	1	1	2020-09-26
12975	189	22	36	2020	36	0	4	2020-09-26
12976	189	29	42	2020	42	0	1	2020-09-26
12977	189	56	21	2020	21	1	2	2020-09-26
12979	189	241	288	2020	\N	0	0	2020-09-26
12980	189	31	26	2020	31	2	0	2020-09-27
12981	189	55	28	2020	55	1	0	2020-09-27
12982	189	288	55	2020	55	1	3	2020-10-02
12983	189	28	22	2020	22	0	1	2020-10-03
12984	189	36	56	2020	\N	0	0	2020-10-03
12986	189	32	31	2020	31	1	2	2020-10-03
12987	189	26	30	2020	\N	1	1	2020-10-03
12988	189	38	241	2020	38	2	1	2020-10-03
12989	189	239	287	2020	239	2	0	2020-10-03
12990	189	21	53	2020	21	1	0	2020-10-03
12991	189	34	51	2020	\N	1	1	2020-10-03
12993	189	42	27	2020	\N	1	1	2020-10-04
12994	189	22	53	2020	53	0	1	2020-10-16
12995	189	36	32	2020	32	0	1	2020-10-17
12996	189	40	51	2020	51	1	2	2020-10-17
12997	189	27	26	2020	26	0	1	2020-10-17
12998	189	38	21	2020	\N	0	0	2020-10-17
13000	189	239	42	2020	42	0	2	2020-10-17
13001	189	241	31	2020	\N	2	2	2020-10-17
13002	189	55	30	2020	\N	0	0	2020-10-17
13003	189	34	28	2020	28	1	2	2020-10-17
13004	189	287	37	2020	37	1	2	2020-10-17
13006	189	288	40	2020	\N	1	1	2020-10-20
13007	189	37	239	2020	37	2	0	2020-10-20
13008	189	51	22	2020	51	1	0	2020-10-20
13009	189	28	27	2020	28	1	0	2020-10-20
13010	189	32	34	2020	\N	1	1	2020-10-20
13011	189	31	38	2020	38	0	1	2020-10-20
13013	189	30	29	2020	29	0	2	2020-10-21
13014	189	26	33	2020	33	1	2	2020-10-21
18220	210	164	168	2020	\N	\N	\N	2021-05-09
13018	189	32	22	2020	\N	1	1	2020-10-23
13020	189	30	27	2020	\N	0	0	2020-10-24
13021	189	42	33	2020	42	3	2	2020-10-24
13022	189	28	287	2020	28	2	1	2020-10-24
13023	189	26	239	2020	239	0	1	2020-10-24
13024	189	31	40	2020	\N	1	1	2020-10-24
13025	189	51	29	2020	29	1	2	2020-10-24
13027	189	288	36	2020	36	0	4	2020-10-24
13028	189	37	241	2020	\N	1	1	2020-10-24
13029	189	21	34	2020	21	3	0	2020-10-24
13030	189	241	30	2020	241	3	0	2020-10-27
13031	189	36	21	2020	21	2	4	2020-10-27
13032	189	40	42	2020	40	2	0	2020-10-27
13033	189	38	288	2020	38	2	0	2020-10-27
13035	189	287	53	2020	\N	1	1	2020-10-27
13036	189	29	37	2020	37	0	2	2020-10-28
13037	189	27	51	2020	27	2	1	2020-10-28
13038	189	22	56	2020	\N	1	1	2020-10-28
13040	189	55	31	2020	55	1	0	2020-10-28
13041	189	34	26	2020	34	3	0	2020-10-28
13042	189	288	21	2020	288	3	2	2020-10-30
13043	189	31	28	2020	28	1	3	2020-10-31
13044	189	40	36	2020	40	2	0	2020-10-31
13045	189	30	56	2020	30	3	2	2020-10-31
13046	189	42	34	2020	42	1	0	2020-10-31
13047	189	38	32	2020	38	1	0	2020-10-31
13048	189	29	27	2020	27	1	2	2020-10-31
13049	189	239	33	2020	33	0	3	2020-10-31
13050	189	37	51	2020	51	0	3	2020-10-31
13051	189	241	53	2020	241	1	0	2020-10-31
13053	189	287	26	2020	287	1	0	2020-10-31
13054	189	28	37	2020	\N	0	0	2020-11-03
13055	189	26	55	2020	26	1	0	2020-11-03
13056	189	51	31	2020	31	1	2	2020-11-03
13057	189	33	40	2020	\N	1	1	2020-11-03
13059	189	56	241	2020	56	3	0	2020-11-03
13060	189	53	42	2020	53	3	2	2020-11-04
13061	189	21	29	2020	29	0	3	2020-11-04
13062	189	27	287	2020	287	1	2	2020-11-04
13063	189	32	288	2020	32	2	1	2020-11-04
13064	189	22	30	2020	30	0	1	2020-11-04
13065	189	34	239	2020	239	0	1	2020-11-04
13066	189	56	31	2020	31	0	1	2020-11-06
13067	189	21	42	2020	42	0	3	2020-11-07
13068	189	36	30	2020	36	3	1	2020-11-07
13069	189	28	40	2020	28	1	0	2020-11-07
13070	189	27	55	2020	55	1	3	2020-11-07
13072	189	22	241	2020	241	0	2	2020-11-07
13073	189	26	37	2020	\N	0	0	2020-11-07
13074	189	51	239	2020	\N	1	1	2020-11-07
13075	189	33	38	2020	\N	0	0	2020-11-07
13077	189	34	29	2020	34	2	1	2020-11-07
13078	189	288	27	2020	\N	0	0	2020-11-20
13079	189	55	21	2020	55	4	2	2020-11-21
13080	189	40	34	2020	40	1	0	2020-11-21
13081	189	30	53	2020	\N	1	1	2020-11-21
13083	189	38	28	2020	28	0	1	2020-11-21
13084	189	29	26	2020	29	1	0	2020-11-21
13085	189	31	22	2020	31	1	0	2020-11-21
13086	189	239	36	2020	\N	1	1	2020-11-21
13087	189	37	56	2020	\N	1	1	2020-11-21
13089	189	287	33	2020	\N	0	0	2020-11-21
13090	189	30	34	2020	30	3	2	2020-11-24
13091	189	239	27	2020	\N	1	1	2020-11-24
13092	189	42	28	2020	28	2	3	2020-11-24
13094	189	29	36	2020	36	0	3	2020-11-24
13095	189	241	33	2020	33	0	1	2020-11-24
13096	189	55	32	2020	55	2	0	2020-11-24
13097	189	38	22	2020	38	3	0	2020-11-25
13098	189	37	21	2020	\N	1	1	2020-11-25
13099	189	40	26	2020	\N	1	1	2020-11-25
13101	189	288	56	2020	288	1	0	2020-11-25
13102	189	33	30	2020	33	2	1	2020-11-27
13103	189	21	31	2020	21	3	1	2020-11-28
13104	189	36	241	2020	36	2	1	2020-11-28
13105	189	28	288	2020	\N	1	1	2020-11-28
13106	189	27	37	2020	\N	0	0	2020-11-28
13108	189	26	42	2020	\N	0	0	2020-11-28
13109	189	51	38	2020	51	3	2	2020-11-28
13110	189	56	239	2020	56	4	0	2020-11-28
13111	189	53	29	2020	53	4	1	2020-11-28
13113	189	32	40	2020	40	0	1	2020-11-29
13114	189	56	51	2020	56	3	0	2020-12-01
13115	189	30	31	2020	31	1	2	2020-12-01
13116	189	27	241	2020	241	1	2	2020-12-01
13117	189	22	288	2020	\N	1	1	2020-12-01
13118	189	55	29	2020	29	2	3	2020-12-01
13119	189	34	33	2020	33	0	2	2020-12-01
13120	189	38	40	2020	38	2	1	2020-12-02
13121	189	36	37	2020	36	2	1	2020-12-02
13123	189	26	21	2020	\N	1	1	2020-12-02
13124	189	239	28	2020	239	3	1	2020-12-02
13125	189	287	42	2020	42	0	1	2020-12-02
13126	189	241	55	2020	55	0	4	2020-12-04
13127	189	21	32	2020	21	2	0	2020-12-05
13128	189	40	239	2020	40	2	0	2020-12-05
13129	189	42	38	2020	42	1	0	2020-12-05
13130	189	28	26	2020	28	2	1	2020-12-05
13132	189	31	27	2020	27	0	1	2020-12-05
13133	189	51	30	2020	51	2	0	2020-12-05
13134	189	33	36	2020	\N	2	2	2020-12-05
13135	189	288	34	2020	288	3	1	2020-12-05
13136	189	53	56	2020	56	0	1	2020-12-05
13137	189	37	22	2020	22	0	1	2020-12-05
13138	189	40	55	2020	\N	0	0	2020-12-08
13140	189	288	239	2020	\N	0	0	2020-12-08
13141	189	53	34	2020	53	2	0	2020-12-08
13142	189	37	30	2020	\N	1	1	2020-12-08
13143	189	42	56	2020	56	1	2	2020-12-08
13145	189	28	32	2020	28	2	1	2020-12-09
13146	189	31	36	2020	31	1	0	2020-12-09
13147	189	33	22	2020	\N	0	0	2020-12-09
13148	189	241	287	2020	241	2	1	2020-12-09
13149	189	21	27	2020	27	1	2	2020-12-09
13150	189	56	40	2020	40	0	2	2020-12-12
13151	189	36	28	2020	28	1	2	2020-12-12
13152	189	30	21	2020	21	0	1	2020-12-12
13153	189	27	53	2020	53	0	1	2020-12-12
13154	189	32	33	2020	33	1	3	2020-12-12
13156	189	26	241	2020	241	1	2	2020-12-12
18221	210	169	162	2020	\N	\N	\N	2021-05-07
13159	189	55	51	2020	55	5	0	2020-12-12
13161	189	287	288	2020	288	1	2	2020-12-12
13162	189	30	42	2020	\N	0	0	2020-12-15
13163	189	32	26	2020	32	2	0	2020-12-15
13164	189	31	37	2020	37	0	2	2020-12-15
13165	189	241	29	2020	241	2	1	2020-12-15
13166	189	55	287	2020	55	1	0	2020-12-15
13167	189	53	33	2020	\N	1	1	2020-12-15
13169	189	38	239	2020	38	1	0	2020-12-16
13170	189	56	27	2020	56	3	2	2020-12-16
13171	189	36	34	2020	36	2	1	2020-12-16
13172	189	288	51	2020	\N	0	0	2020-12-16
13173	189	21	28	2020	28	1	2	2020-12-16
13174	189	29	31	2020	29	1	0	2020-12-18
13175	189	28	56	2020	28	2	0	2020-12-19
13176	189	40	241	2020	40	2	0	2020-12-19
13177	189	42	36	2020	42	1	0	2020-12-19
13179	189	26	288	2020	26	1	0	2020-12-19
13180	189	51	53	2020	51	2	0	2020-12-19
13181	189	33	21	2020	33	3	1	2020-12-19
13182	189	239	55	2020	\N	0	0	2020-12-19
13183	189	37	32	2020	\N	1	1	2020-12-19
13185	189	36	26	2020	\N	1	1	2020-12-26
13186	189	30	40	2020	40	0	2	2020-12-26
13187	189	32	27	2020	\N	0	0	2020-12-26
13188	189	22	29	2020	29	0	1	2020-12-26
13189	189	31	287	2020	31	2	1	2020-12-26
13191	189	288	42	2020	\N	0	0	2020-12-26
13192	189	241	51	2020	241	2	1	2020-12-26
13193	189	21	239	2020	21	2	1	2020-12-26
13194	189	53	28	2020	53	1	0	2020-12-26
13195	189	27	22	2020	22	0	4	2020-12-29
13196	189	26	38	2020	26	2	1	2020-12-29
13197	189	28	30	2020	\N	1	1	2020-12-29
13199	189	51	36	2020	51	2	1	2020-12-29
13200	189	239	31	2020	239	2	1	2020-12-29
13201	189	34	241	2020	241	1	2	2020-12-29
13202	189	287	56	2020	287	2	1	2020-12-29
13203	189	42	32	2020	\N	1	1	2020-12-29
13204	189	33	55	2020	33	2	1	2020-12-30
13205	189	40	21	2020	\N	0	0	2020-12-30
13207	189	40	53	2020	40	2	1	2021-01-02
13208	189	28	241	2020	28	1	0	2021-01-02
13209	189	27	36	2020	36	0	2	2021-01-02
13210	189	29	32	2020	32	0	1	2021-01-02
13211	189	51	21	2020	21	1	2	2021-01-02
13212	189	37	288	2020	288	1	2	2021-01-02
13213	189	287	38	2020	38	1	3	2021-01-02
13214	189	42	55	2020	55	0	1	2021-01-02
13215	189	239	30	2020	30	0	2	2021-01-12
13216	189	55	37	2020	\N	1	1	2021-01-12
13218	189	36	42	2020	\N	1	1	2021-01-16
13219	189	32	37	2020	32	3	1	2021-01-16
13220	189	22	34	2020	34	0	1	2021-01-16
13221	189	31	29	2020	31	2	0	2021-01-16
13222	189	56	28	2020	28	1	2	2021-01-16
13223	189	53	51	2020	53	2	0	2021-01-16
13224	189	55	239	2020	239	0	1	2021-01-16
13225	189	241	40	2020	40	0	2	2021-01-16
13227	189	21	288	2020	21	3	0	2021-01-19
13228	189	53	241	2020	53	1	0	2021-01-19
13229	189	34	42	2020	\N	3	3	2021-01-19
13230	189	28	31	2020	28	2	0	2021-01-20
13231	189	32	38	2020	38	1	2	2021-01-20
13232	189	51	37	2020	37	0	1	2021-01-20
13233	189	56	30	2020	30	0	1	2021-01-20
13234	189	33	239	2020	33	1	0	2021-01-20
13235	189	27	29	2020	29	0	1	2021-01-20
13236	189	42	53	2020	53	1	2	2021-01-22
13238	189	29	21	2020	\N	0	0	2021-01-24
13239	189	38	36	2020	36	0	1	2021-01-24
13240	189	37	53	2020	\N	0	0	2021-01-26
13241	189	31	51	2020	31	2	1	2021-01-26
13242	189	38	34	2020	34	0	3	2021-01-27
13243	189	288	26	2020	288	2	0	2021-01-27
13245	189	241	56	2020	\N	2	2	2021-01-27
13246	189	21	55	2020	21	3	1	2021-01-29
13247	189	28	38	2020	\N	0	0	2021-01-30
13249	189	33	287	2020	33	7	2	2021-01-30
13250	189	34	40	2020	40	1	3	2021-01-30
13251	189	36	239	2020	36	1	0	2021-01-30
13252	189	27	288	2020	\N	1	1	2021-01-30
13253	189	32	241	2020	\N	0	0	2021-01-30
13255	189	26	29	2020	26	1	0	2021-01-30
13256	189	51	42	2020	\N	1	1	2021-01-30
13257	189	53	30	2020	30	1	2	2021-02-01
13258	189	37	28	2020	\N	0	0	2021-02-02
13259	189	288	32	2020	32	1	2	2021-02-02
13260	189	55	26	2020	26	1	2	2021-02-02
13262	189	34	22	2020	34	3	0	2021-02-03
13263	189	33	31	2020	33	3	2	2021-02-03
13264	189	40	28	2020	40	2	0	2021-02-05
13265	189	288	53	2020	\N	0	0	2021-02-06
13266	189	30	36	2020	30	1	0	2021-02-06
13267	189	42	21	2020	\N	0	0	2021-02-06
13269	189	29	34	2020	34	1	2	2021-02-06
13270	189	31	56	2020	56	0	2	2021-02-06
13271	189	239	51	2020	\N	1	1	2021-02-06
13272	189	37	26	2020	37	4	1	2021-02-06
13273	189	55	27	2020	55	3	2	2021-02-06
13274	189	287	32	2020	32	0	3	2021-02-06
13275	189	34	56	2020	56	1	2	2021-02-09
13276	189	26	287	2020	26	2	0	2021-02-09
13278	189	36	29	2020	29	1	2	2021-02-12
13279	189	32	55	2020	\N	0	0	2021-02-13
13280	189	28	42	2020	28	4	1	2021-02-13
13281	189	27	239	2020	239	0	1	2021-02-13
13282	189	22	38	2020	22	2	1	2021-02-13
13283	189	51	287	2020	287	2	3	2021-02-13
13284	189	56	288	2020	56	3	1	2021-02-13
13285	189	53	31	2020	53	6	0	2021-02-13
13286	189	21	37	2020	37	1	2	2021-02-13
13287	189	33	241	2020	241	0	2	2021-02-14
13289	189	42	26	2020	42	1	0	2021-02-16
13290	189	38	51	2020	38	2	1	2021-02-16
13291	189	31	21	2020	21	0	2	2021-02-16
13292	189	287	22	2020	22	1	2	2021-02-16
13293	189	239	56	2020	56	0	2	2021-02-16
13294	189	40	32	2020	40	1	0	2021-02-17
13295	189	30	33	2020	30	2	1	2021-02-17
13296	189	288	28	2020	28	0	2	2021-02-17
18222	210	126	164	2020	\N	\N	\N	2021-05-15
13299	189	55	34	2020	55	1	0	2021-02-17
13300	189	53	22	2020	53	2	1	2021-02-19
13301	189	288	33	2020	288	2	0	2021-02-20
13302	189	30	55	2020	30	2	1	2021-02-20
13303	189	42	239	2020	42	3	0	2021-02-20
13304	189	28	34	2020	28	1	0	2021-02-20
13306	189	26	27	2020	27	0	1	2021-02-20
13307	189	31	241	2020	241	0	1	2021-02-20
13308	189	51	40	2020	51	4	1	2021-02-20
13309	189	56	29	2020	56	4	0	2021-02-20
13310	189	37	287	2020	\N	0	0	2021-02-20
13311	189	21	38	2020	38	0	2	2021-02-20
13312	189	27	28	2020	28	1	3	2021-02-23
13313	189	22	51	2020	22	2	0	2021-02-23
13314	189	38	31	2020	31	1	3	2021-02-23
13316	189	34	32	2020	32	0	1	2021-02-23
13317	189	287	21	2020	287	1	0	2021-02-23
13318	189	40	288	2020	40	1	0	2021-02-24
13319	189	33	26	2020	33	3	0	2021-02-24
13320	189	241	42	2020	241	2	0	2021-02-24
13321	189	36	53	2020	53	2	3	2021-02-24
13322	189	29	30	2020	\N	0	0	2021-02-24
13323	189	55	56	2020	56	1	2	2021-02-24
13325	189	55	53	2020	55	1	0	2021-02-27
13326	189	36	288	2020	\N	1	1	2021-02-27
13327	189	40	31	2020	31	1	3	2021-02-27
13328	189	27	30	2020	27	2	1	2021-02-27
13329	189	38	56	2020	\N	1	1	2021-02-27
13331	189	33	42	2020	33	2	1	2021-02-27
13332	189	239	26	2020	239	3	2	2021-02-27
13333	189	241	37	2020	241	2	1	2021-02-27
13334	189	34	21	2020	21	0	1	2021-02-27
13335	189	287	28	2020	28	0	2	2021-02-28
13336	189	51	27	2020	\N	1	1	2021-03-02
13337	189	56	22	2020	56	4	0	2021-03-02
13338	189	288	38	2020	38	1	2	2021-03-02
13339	189	37	29	2020	37	2	1	2021-03-02
13340	189	32	239	2020	239	0	1	2021-03-02
13342	189	28	33	2020	28	1	0	2021-03-03
13343	189	30	241	2020	241	1	3	2021-03-03
13344	189	53	287	2020	53	2	0	2021-03-03
13345	189	26	34	2020	34	1	2	2021-03-03
13346	189	31	55	2020	55	1	2	2021-03-03
13347	189	42	40	2020	40	1	2	2021-03-03
13348	189	51	56	2020	\N	0	0	2021-03-05
13349	189	53	32	2020	53	1	0	2021-03-06
13350	189	40	38	2020	40	2	1	2021-03-06
13351	189	42	287	2020	42	2	0	2021-03-06
13353	189	29	55	2020	\N	1	1	2021-03-06
13354	189	31	30	2020	30	0	2	2021-03-06
13355	189	288	22	2020	288	1	0	2021-03-06
13356	189	37	36	2020	36	0	2	2021-03-06
13357	189	241	27	2020	241	1	0	2021-03-06
13358	189	21	26	2020	21	3	0	2021-03-06
13359	189	36	40	2020	\N	1	1	2021-03-09
13361	189	241	22	2020	\N	0	0	2021-03-10
13362	189	36	33	2020	33	0	1	2021-03-12
13363	189	239	40	2020	40	0	1	2021-03-13
13364	189	30	51	2020	51	0	1	2021-03-13
13365	189	27	31	2020	31	0	3	2021-03-13
13366	189	32	21	2020	\N	1	1	2021-03-13
13368	189	38	42	2020	38	3	0	2021-03-13
13369	189	56	53	2020	53	1	2	2021-03-13
13370	189	55	241	2020	241	2	3	2021-03-13
13371	189	287	29	2020	287	1	0	2021-03-13
13372	189	26	28	2020	28	1	2	2021-03-14
13373	189	22	33	2020	\N	2	2	2021-03-16
13374	189	38	29	2020	38	2	0	2021-03-16
13376	189	239	288	2020	239	2	0	2021-03-16
13377	189	34	53	2020	53	1	4	2021-03-16
13378	189	55	40	2020	55	3	0	2021-03-16
13379	189	30	37	2020	30	3	2	2021-03-17
13380	189	32	28	2020	28	0	2	2021-03-17
13381	189	287	241	2020	241	1	3	2021-03-17
13382	189	36	31	2020	\N	0	0	2021-03-17
13383	189	27	21	2020	27	2	1	2021-03-17
13385	189	33	32	2020	\N	1	1	2021-03-20
13386	189	42	22	2020	42	1	0	2021-03-20
13387	189	28	36	2020	\N	1	1	2021-03-20
13388	189	29	239	2020	239	0	1	2021-03-20
13389	189	31	34	2020	34	0	2	2021-03-20
13391	189	53	27	2020	53	3	0	2021-03-20
13392	189	37	38	2020	37	1	0	2021-03-20
13393	189	241	26	2020	26	1	2	2021-03-20
13394	189	21	30	2020	\N	1	1	2021-03-20
13395	189	40	56	2020	56	0	1	2021-03-20
13396	190	49	63	2020	63	0	3	2020-09-12
13397	190	50	61	2020	50	1	0	2020-09-12
13398	190	59	41	2020	59	4	3	2020-09-12
13399	190	60	47	2020	47	0	2	2020-09-12
13401	190	48	58	2020	58	0	1	2020-09-13
13402	190	39	57	2020	57	0	2	2020-09-14
13403	190	54	52	2020	52	1	3	2020-09-14
13404	190	58	23	2020	58	5	2	2020-09-19
13405	190	41	49	2020	41	4	3	2020-09-19
13406	190	45	50	2020	50	1	3	2020-09-19
13407	190	63	60	2020	63	2	1	2020-09-19
13408	190	61	48	2020	48	2	5	2020-09-20
13409	190	47	54	2020	54	0	3	2020-09-20
13410	190	52	59	2020	59	0	2	2020-09-20
13411	190	46	62	2020	46	4	2	2020-09-20
13412	190	44	39	2020	44	1	0	2020-09-21
13413	190	57	64	2020	64	1	3	2020-09-21
13414	190	54	45	2020	45	2	3	2020-09-26
13416	190	23	52	2020	\N	3	3	2020-09-26
13417	190	62	61	2020	61	0	1	2020-09-26
13418	190	39	41	2020	41	0	1	2020-09-27
13419	190	48	47	2020	\N	1	1	2020-09-27
13420	190	64	46	2020	46	2	5	2020-09-27
13421	190	60	57	2020	60	4	0	2020-09-27
13423	190	59	63	2020	59	3	1	2020-09-28
13424	190	52	50	2020	52	4	0	2020-10-03
13425	190	58	54	2020	58	4	2	2020-10-03
13426	190	41	64	2020	\N	1	1	2020-10-03
13427	190	47	62	2020	47	3	1	2020-10-03
13428	190	46	60	2020	60	0	3	2020-10-04
13429	190	61	23	2020	61	2	0	2020-10-04
13430	190	57	49	2020	57	1	0	2020-10-04
13431	190	63	39	2020	63	2	1	2020-10-04
13432	190	45	48	2020	48	1	6	2020-10-04
13434	190	58	59	2020	\N	2	2	2020-10-17
13435	190	52	61	2020	\N	3	3	2020-10-17
18223	210	159	269	2020	\N	\N	\N	2021-05-15
13439	190	50	54	2020	\N	1	1	2020-10-18
13440	190	48	60	2020	\N	3	3	2020-10-18
13441	190	46	44	2020	44	0	1	2020-10-18
13442	190	23	62	2020	\N	0	0	2020-10-19
13444	190	44	41	2020	41	0	3	2020-10-23
13445	190	60	64	2020	\N	1	1	2020-10-24
13446	190	49	50	2020	50	1	2	2020-10-24
13447	190	45	52	2020	\N	0	0	2020-10-24
13449	190	61	58	2020	61	2	0	2020-10-25
13450	190	57	47	2020	\N	1	1	2020-10-25
13451	190	63	46	2020	46	0	1	2020-10-25
13452	190	54	23	2020	\N	1	1	2020-10-26
13453	190	62	48	2020	48	0	1	2020-10-26
13454	190	57	50	2020	57	2	0	2020-10-30
13456	190	62	52	2020	52	0	3	2020-10-31
13457	190	59	60	2020	59	2	1	2020-10-31
13458	190	44	61	2020	61	3	4	2020-11-01
13459	190	47	58	2020	47	2	1	2020-11-01
13460	190	45	63	2020	63	0	1	2020-11-01
13461	190	48	54	2020	48	2	1	2020-11-01
13462	190	49	23	2020	49	2	0	2020-11-02
13463	190	41	46	2020	46	1	4	2020-11-02
13464	190	54	62	2020	\N	0	0	2020-11-06
13465	190	61	47	2020	61	2	0	2020-11-06
13467	190	50	41	2020	50	4	1	2020-11-07
13468	190	52	39	2020	52	4	1	2020-11-07
13469	190	60	49	2020	60	1	0	2020-11-07
13470	190	23	48	2020	48	0	1	2020-11-08
13471	190	46	57	2020	46	1	0	2020-11-08
13472	190	64	59	2020	\N	1	1	2020-11-08
13473	190	63	44	2020	44	0	3	2020-11-08
13474	190	47	52	2020	52	0	2	2020-11-21
13475	190	44	54	2020	54	1	2	2020-11-21
13476	190	48	64	2020	48	2	0	2020-11-21
13478	190	49	58	2020	58	2	3	2020-11-22
13479	190	39	60	2020	60	0	1	2020-11-22
13480	190	41	63	2020	\N	0	0	2020-11-22
13481	190	59	46	2020	59	3	0	2020-11-22
13482	190	62	50	2020	62	1	0	2020-11-23
13483	190	57	61	2020	\N	1	1	2020-11-23
13485	190	54	59	2020	\N	1	1	2020-11-28
13486	190	64	62	2020	64	5	0	2020-11-28
13487	190	58	41	2020	41	0	1	2020-11-28
13488	190	23	39	2020	23	1	0	2020-11-28
13489	190	61	45	2020	45	2	3	2020-11-29
13490	190	52	48	2020	\N	0	0	2020-11-29
13492	190	46	49	2020	49	1	2	2020-11-30
13493	190	60	44	2020	60	2	1	2020-11-30
13494	190	62	58	2020	\N	1	1	2020-12-05
13495	190	64	49	2020	64	2	0	2020-12-05
13496	190	60	45	2020	45	1	3	2020-12-05
13497	190	52	41	2020	52	3	1	2020-12-05
13498	190	23	50	2020	50	1	5	2020-12-06
13499	190	39	46	2020	46	1	2	2020-12-06
13500	190	48	63	2020	48	2	0	2020-12-06
13501	190	59	57	2020	59	4	0	2020-12-06
13503	190	41	60	2020	60	1	2	2020-12-11
13504	190	57	44	2020	44	0	1	2020-12-12
13505	190	47	23	2020	47	2	1	2020-12-12
13506	190	45	64	2020	\N	0	0	2020-12-12
13507	190	58	52	2020	58	1	0	2020-12-12
13508	190	61	39	2020	61	3	0	2020-12-13
13509	190	50	48	2020	\N	1	1	2020-12-13
13511	190	46	54	2020	46	3	0	2020-12-13
13512	190	63	62	2020	62	0	1	2020-12-13
13513	190	57	52	2020	57	2	1	2020-12-15
13514	190	64	23	2020	\N	1	1	2020-12-15
13515	190	63	61	2020	\N	1	1	2020-12-16
13517	190	41	47	2020	41	5	2	2020-12-16
13518	190	49	54	2020	\N	0	0	2020-12-16
13519	190	60	50	2020	\N	1	1	2020-12-16
13520	190	59	48	2020	59	2	1	2020-12-16
13522	190	39	45	2020	45	2	3	2020-12-17
13523	190	50	59	2020	59	0	7	2020-12-19
13524	190	61	64	2020	64	0	1	2020-12-19
13525	190	58	63	2020	58	2	1	2020-12-19
13526	190	47	49	2020	\N	1	1	2020-12-19
13527	190	54	39	2020	\N	1	1	2020-12-20
13529	190	45	41	2020	45	6	2	2020-12-20
13530	190	23	44	2020	44	0	3	2020-12-20
13531	190	62	57	2020	62	2	1	2020-12-21
13532	190	52	60	2020	52	3	0	2020-12-21
13533	190	46	45	2020	\N	2	2	2020-12-26
13534	190	49	61	2020	\N	0	0	2020-12-26
13536	190	63	52	2020	63	3	1	2020-12-26
13537	190	64	47	2020	64	2	0	2020-12-26
13538	190	39	58	2020	58	0	1	2020-12-26
13539	190	41	62	2020	41	1	0	2020-12-27
13540	190	60	54	2020	\N	2	2	2020-12-27
13541	190	59	23	2020	\N	1	1	2020-12-27
13543	190	50	46	2020	\N	1	1	2020-12-28
13544	190	52	44	2020	\N	1	1	2020-12-28
13546	190	62	39	2020	62	1	0	2020-12-29
13547	190	61	60	2020	\N	0	0	2020-12-29
13548	190	54	63	2020	63	0	1	2020-12-29
13549	190	45	57	2020	45	1	0	2020-12-29
13550	190	47	59	2020	\N	0	0	2020-12-30
13551	190	58	60	2020	60	0	1	2021-01-01
13553	190	48	41	2020	48	3	0	2021-01-02
13554	190	50	39	2020	50	2	0	2021-01-02
13555	190	54	57	2020	\N	3	3	2021-01-02
13556	190	23	63	2020	63	0	4	2021-01-02
13557	190	47	46	2020	46	1	2	2021-01-03
13558	190	52	64	2020	64	1	3	2021-01-03
13559	190	61	59	2020	61	1	0	2021-01-04
13560	190	39	47	2020	39	1	0	2021-01-12
13561	190	57	58	2020	58	1	2	2021-01-12
13562	190	62	45	2020	45	0	1	2021-01-12
13564	190	48	49	2020	\N	1	1	2021-01-13
13565	190	63	50	2020	\N	0	0	2021-01-14
13566	190	57	23	2020	23	2	3	2021-01-16
13567	190	60	62	2020	60	1	0	2021-01-16
13568	190	41	54	2020	54	0	1	2021-01-16
13569	190	49	52	2020	52	0	1	2021-01-16
13571	190	39	48	2020	48	1	3	2021-01-17
13572	190	59	45	2020	\N	0	0	2021-01-17
13573	190	64	50	2020	64	4	0	2021-01-17
13574	190	63	47	2020	63	3	0	2021-01-18
13575	190	60	23	2020	60	2	1	2021-01-19
13576	190	46	52	2020	46	2	0	2021-01-19
18224	210	166	169	2020	\N	\N	\N	2021-05-15
13579	190	59	62	2020	62	0	1	2021-01-21
13580	190	44	47	2020	44	2	0	2021-01-23
13581	190	47	41	2020	41	1	2	2021-01-26
13582	190	50	60	2020	60	2	3	2021-01-26
13583	190	23	64	2020	64	0	5	2021-01-26
13584	190	61	63	2020	63	1	3	2021-01-26
13585	190	62	44	2020	62	3	2	2021-01-27
13587	190	54	49	2020	\N	0	0	2021-01-27
13588	190	58	46	2020	\N	1	1	2021-01-27
13589	190	45	39	2020	39	1	2	2021-01-27
13590	190	48	59	2020	59	1	3	2021-01-28
13591	190	58	47	2020	47	0	2	2021-01-30
13593	190	23	49	2020	\N	2	2	2021-01-30
13594	190	50	57	2020	50	1	0	2021-01-30
13595	190	63	45	2020	\N	0	0	2021-01-30
13596	190	61	44	2020	44	0	1	2021-01-30
13597	190	52	62	2020	52	2	0	2021-01-31
13598	190	46	41	2020	41	1	3	2021-01-31
13600	190	54	48	2020	54	1	0	2021-01-31
13601	190	57	63	2020	57	2	1	2021-02-02
13602	190	39	23	2020	39	2	1	2021-02-02
13603	190	45	61	2020	45	9	0	2021-02-02
13604	190	47	50	2020	50	1	2	2021-02-02
13605	190	49	46	2020	46	0	2	2021-02-03
13606	190	62	64	2020	64	0	2	2021-02-03
13607	190	41	58	2020	58	1	2	2021-02-03
13608	190	44	60	2020	60	1	3	2021-02-03
13609	190	59	54	2020	54	0	1	2021-02-03
13610	190	48	52	2020	52	0	1	2021-02-04
13611	190	44	63	2020	44	1	0	2021-02-06
13612	190	47	61	2020	47	3	2	2021-02-06
13614	190	49	60	2020	\N	0	0	2021-02-06
13615	190	45	58	2020	\N	3	3	2021-02-06
13616	190	48	23	2020	48	2	0	2021-02-07
13618	190	59	64	2020	64	1	4	2021-02-07
13619	190	39	52	2020	52	1	2	2021-02-07
13620	190	41	50	2020	41	2	0	2021-02-08
13621	190	46	59	2020	46	3	1	2021-02-13
13622	190	50	62	2020	62	0	3	2021-02-13
13623	190	64	48	2020	64	3	0	2021-02-13
13624	190	54	44	2020	\N	0	0	2021-02-13
13625	190	61	57	2020	57	1	2	2021-02-14
13627	190	63	41	2020	63	4	2	2021-02-14
13628	190	58	49	2020	49	0	2	2021-02-14
13629	190	60	39	2020	60	3	0	2021-02-15
13630	190	52	47	2020	52	2	0	2021-02-15
13631	190	62	49	2020	\N	1	1	2021-02-17
13632	190	58	64	2020	64	1	3	2021-02-17
13633	190	57	41	2020	57	1	0	2021-02-19
13634	190	61	52	2020	\N	1	1	2021-02-20
13636	190	59	58	2020	58	0	2	2021-02-20
13637	190	49	39	2020	49	1	0	2021-02-20
13638	190	60	48	2020	60	2	1	2021-02-21
13639	190	44	46	2020	46	1	2	2021-02-21
13640	190	63	64	2020	64	0	1	2021-02-21
13641	190	45	47	2020	45	3	1	2021-02-21
13642	190	54	50	2020	50	1	2	2021-02-22
13643	190	41	61	2020	41	3	0	2021-02-23
13644	190	64	60	2020	64	2	1	2021-02-27
13645	190	23	54	2020	23	1	0	2021-02-27
13647	190	47	57	2020	\N	1	1	2021-02-27
13648	190	46	63	2020	63	1	3	2021-02-28
13649	190	50	49	2020	\N	0	0	2021-02-28
13650	190	48	62	2020	48	4	0	2021-02-28
13652	190	39	59	2020	59	0	2	2021-02-28
13653	190	58	61	2020	58	1	0	2021-03-01
13654	190	64	57	2020	64	4	1	2021-03-02
13655	190	39	44	2020	39	1	0	2021-03-03
13656	190	62	46	2020	\N	1	1	2021-03-03
13657	190	50	45	2020	\N	0	0	2021-03-03
13659	190	49	48	2020	48	0	1	2021-03-04
13660	190	59	52	2020	52	0	1	2021-03-04
13661	190	62	63	2020	\N	1	1	2021-03-06
13662	190	39	61	2020	61	0	2	2021-03-06
13663	190	44	57	2020	\N	0	0	2021-03-06
13664	190	54	46	2020	46	1	2	2021-03-06
13666	190	59	49	2020	49	0	1	2021-03-07
13667	190	64	45	2020	45	0	2	2021-03-07
13668	190	48	50	2020	48	4	1	2021-03-07
13669	190	52	58	2020	52	2	0	2021-03-08
13670	190	60	41	2020	60	2	0	2021-03-08
13671	190	64	61	2020	64	5	2	2021-03-10
13672	190	47	44	2020	\N	1	1	2021-03-12
13674	190	50	23	2020	50	1	0	2021-03-13
13675	190	58	62	2020	62	1	2	2021-03-13
13676	190	49	64	2020	64	0	3	2021-03-13
13677	190	61	54	2020	54	1	2	2021-03-14
13678	190	46	39	2020	46	5	0	2021-03-14
13679	190	63	48	2020	63	2	1	2021-03-14
13680	190	45	60	2020	45	1	0	2021-03-14
13681	190	57	59	2020	59	0	1	2021-03-15
13682	190	49	41	2020	41	1	2	2021-03-19
13703	194	102	307	2020	102	3	1	2020-08-25
18225	210	313	131	2020	\N	\N	\N	2021-05-15
13720	194	97	296	2020	\N	0	0	2020-09-16
13724	194	261	102	2020	261	2	1	2020-09-22
13733	194	102	261	2020	261	1	2	2020-09-30
13737	194	109	139	2020	139	0	2	2020-10-20
13738	194	52	231	2020	\N	0	0	2020-10-20
13739	194	146	261	2020	\N	1	1	2020-10-20
13742	194	124	45	2020	45	1	2	2020-10-20
13743	194	170	262	2020	170	2	0	2020-10-20
13746	194	132	121	2020	132	4	0	2020-10-21
13748	194	64	127	2020	64	3	1	2020-10-21
13750	194	106	59	2020	59	0	1	2020-10-21
13755	194	166	134	2020	\N	2	2	2020-10-27
13757	194	127	258	2020	127	2	0	2020-10-27
13759	194	181	106	2020	\N	2	2	2020-10-27
13760	194	261	52	2020	52	0	4	2020-10-28
13761	194	262	124	2020	124	0	2	2020-10-28
13762	194	231	146	2020	231	1	0	2020-10-28
13765	194	139	118	2020	118	0	2	2020-10-28
13767	194	45	170	2020	45	5	0	2020-10-28
13771	194	134	119	2020	134	3	2	2020-11-03
13772	194	64	258	2020	64	3	0	2020-11-03
13774	194	181	59	2020	59	0	5	2020-11-03
13777	194	262	45	2020	262	2	1	2020-11-04
13778	194	52	146	2020	52	3	0	2020-11-04
13779	194	231	261	2020	231	3	2	2020-11-04
13780	194	122	123	2020	123	0	3	2020-11-04
13783	194	170	124	2020	170	2	1	2020-11-04
13784	194	146	52	2020	52	1	2	2020-11-24
13785	194	261	231	2020	231	1	2	2020-11-24
13786	194	123	122	2020	123	3	0	2020-11-24
13789	194	109	118	2020	118	0	4	2020-11-24
13790	194	45	262	2020	45	4	1	2020-11-24
13791	194	124	170	2020	124	1	0	2020-11-24
13793	194	258	64	2020	64	0	1	2020-11-25
13796	194	119	134	2020	134	0	2	2020-11-25
13798	194	59	181	2020	181	0	2	2020-11-25
13802	194	121	132	2020	\N	1	1	2020-12-01
13803	194	166	119	2020	119	2	3	2020-12-01
13806	194	59	106	2020	59	1	0	2020-12-01
13808	194	261	146	2020	261	1	0	2020-12-02
13809	194	262	170	2020	170	3	4	2020-12-02
13810	194	231	52	2020	52	0	4	2020-12-02
13811	194	123	172	2020	\N	1	1	2020-12-02
13813	194	139	109	2020	139	3	0	2020-12-02
13815	194	45	124	2020	124	1	3	2020-12-02
13817	194	172	122	2020	\N	2	2	2020-12-08
13818	194	52	261	2020	\N	1	1	2020-12-08
13820	194	118	139	2020	139	0	3	2020-12-08
13822	194	170	45	2020	170	3	2	2020-12-08
13823	194	106	181	2020	181	0	1	2020-12-09
13825	194	124	262	2020	124	5	1	2020-12-09
13831	194	258	127	2020	127	0	2	2020-12-09
13832	194	170	59	2020	59	0	2	2021-02-16
13833	194	118	124	2020	124	1	4	2021-02-16
13834	194	127	139	2020	127	2	1	2021-02-17
13835	194	231	123	2020	123	2	3	2021-02-17
13836	194	172	132	2020	132	1	4	2021-02-23
13837	194	121	52	2020	52	0	1	2021-02-23
13838	194	166	64	2020	64	0	2	2021-02-24
13840	194	139	127	2020	139	3	2	2021-03-09
13841	194	123	231	2020	\N	2	2	2021-03-09
13842	194	59	170	2020	59	2	0	2021-03-10
13843	194	124	118	2020	\N	1	1	2021-03-10
13844	194	64	166	2020	64	2	0	2021-03-16
13845	194	134	181	2020	134	3	1	2021-03-16
13847	194	52	121	2020	52	2	0	2021-03-17
13850	201	145	146	2020	\N	1	1	2020-08-22
18226	210	167	270	2020	\N	\N	\N	2021-05-15
13938	201	124	146	2020	124	3	0	2020-11-07
18227	210	163	132	2020	\N	\N	\N	2021-05-15
14005	201	145	124	2020	\N	0	0	2020-12-20
14053	201	146	145	2020	145	0	1	2021-01-24
18228	210	168	123	2020	\N	\N	\N	2021-05-15
14141	210	132	126	2020	132	8	0	2020-09-18
14142	210	269	131	2020	131	2	3	2020-09-19
14143	210	164	313	2020	\N	1	1	2020-09-19
14144	210	169	163	2020	163	2	3	2020-09-19
14146	210	270	162	2020	162	1	3	2020-09-19
14147	210	123	166	2020	123	3	0	2020-09-19
14148	210	170	168	2020	170	3	1	2020-09-20
14149	210	165	167	2020	\N	0	0	2020-09-20
14150	210	159	164	2020	164	1	3	2020-09-25
14151	210	166	270	2020	\N	1	1	2020-09-26
14153	210	167	170	2020	\N	1	1	2020-09-26
14154	210	168	169	2020	169	1	4	2020-09-26
14155	210	162	123	2020	162	2	0	2020-09-26
14156	210	126	157	2020	157	1	3	2020-09-26
14157	210	131	132	2020	131	4	1	2020-09-27
14158	210	163	165	2020	\N	1	1	2020-09-27
14160	210	269	166	2020	166	1	3	2020-10-03
14161	210	164	131	2020	164	2	1	2020-10-03
14162	210	123	163	2020	123	4	0	2020-10-03
14163	210	169	167	2020	\N	1	1	2020-10-03
14164	210	157	313	2020	157	1	0	2020-10-03
14165	210	170	126	2020	170	4	0	2020-10-03
14166	210	165	162	2020	\N	0	0	2020-10-04
14168	210	159	169	2020	169	0	2	2020-10-17
14169	210	163	157	2020	\N	1	1	2020-10-17
14170	210	168	167	2020	167	0	1	2020-10-17
14171	210	131	123	2020	123	0	1	2020-10-17
14172	210	162	170	2020	170	0	2	2020-10-17
14173	210	313	132	2020	132	1	4	2020-10-17
14174	210	166	165	2020	\N	1	1	2020-10-17
14176	210	126	270	2020	\N	1	1	2020-10-18
14177	210	169	269	2020	\N	1	1	2020-10-23
14179	210	168	166	2020	166	2	3	2020-10-24
14180	210	270	163	2020	\N	1	1	2020-10-24
14181	210	170	159	2020	170	2	1	2020-10-24
14182	210	123	126	2020	123	3	0	2020-10-24
14183	210	165	313	2020	165	2	1	2020-10-25
14184	210	157	131	2020	\N	1	1	2020-10-25
14186	210	126	169	2020	\N	1	1	2020-10-30
14187	210	269	132	2020	132	1	2	2020-10-31
14188	210	164	157	2020	\N	1	1	2020-10-31
14189	210	313	123	2020	123	0	2	2020-10-31
14190	210	162	168	2020	162	3	1	2020-10-31
14191	210	166	170	2020	166	1	0	2020-10-31
14193	210	159	165	2020	\N	1	1	2020-11-01
14194	210	131	270	2020	270	1	3	2020-11-02
14195	210	157	269	2020	\N	1	1	2020-11-06
14196	210	169	164	2020	\N	2	2	2020-11-07
14198	210	162	159	2020	159	0	3	2020-11-07
14199	210	270	313	2020	270	5	0	2020-11-07
14200	210	170	163	2020	170	3	0	2020-11-07
14201	210	123	132	2020	132	2	3	2020-11-07
14202	210	165	131	2020	165	2	1	2020-11-08
14203	210	167	166	2020	167	4	3	2020-11-08
14204	210	126	165	2020	165	0	2	2020-11-21
14205	210	166	162	2020	\N	1	1	2020-11-21
14207	210	313	167	2020	167	1	2	2020-11-21
14208	210	131	169	2020	\N	3	3	2020-11-21
14209	210	164	170	2020	\N	1	1	2020-11-21
14211	210	163	168	2020	168	1	3	2020-11-22
14212	210	269	270	2020	270	1	2	2020-11-22
14213	210	165	157	2020	165	5	3	2020-11-27
14214	210	123	269	2020	269	1	2	2020-11-28
14215	210	169	132	2020	132	1	3	2020-11-28
14216	210	162	163	2020	\N	1	1	2020-11-28
14217	210	270	164	2020	\N	3	3	2020-11-28
14219	210	166	126	2020	166	4	1	2020-11-28
14220	210	167	159	2020	\N	0	0	2020-11-29
14221	210	168	131	2020	\N	1	1	2020-11-29
14222	210	159	270	2020	159	3	1	2020-12-04
14224	210	164	123	2020	\N	1	1	2020-12-05
14225	210	313	168	2020	313	2	1	2020-12-05
14226	210	163	166	2020	\N	2	2	2020-12-05
14228	210	157	169	2020	169	1	2	2020-12-06
14229	210	126	167	2020	167	0	3	2020-12-06
14230	210	131	162	2020	131	3	1	2020-12-07
14231	210	165	164	2020	165	2	1	2020-12-11
14232	210	123	169	2020	169	1	5	2020-12-12
14233	210	166	159	2020	\N	1	1	2020-12-12
14234	210	163	313	2020	163	2	0	2020-12-12
14235	210	168	269	2020	269	0	1	2020-12-12
14236	210	170	157	2020	170	2	0	2020-12-12
14238	210	162	126	2020	\N	2	2	2020-12-13
14239	210	167	131	2020	167	4	1	2020-12-13
14240	210	164	166	2020	\N	3	3	2020-12-15
14241	210	157	123	2020	123	1	2	2020-12-15
14243	210	169	270	2020	\N	2	2	2020-12-15
14244	210	126	163	2020	163	0	2	2020-12-16
14245	210	132	165	2020	132	2	1	2020-12-16
14246	210	313	162	2020	162	0	1	2020-12-16
14247	210	131	170	2020	170	0	1	2020-12-16
14248	210	269	167	2020	167	0	4	2020-12-16
14249	210	270	123	2020	270	2	1	2020-12-18
14250	210	126	313	2020	313	0	1	2020-12-19
14252	210	168	157	2020	157	0	1	2020-12-19
14253	210	162	164	2020	164	0	2	2020-12-19
14254	210	170	269	2020	\N	0	0	2020-12-19
14255	210	167	132	2020	132	1	2	2020-12-19
14256	210	163	159	2020	163	4	1	2020-12-20
14257	210	165	169	2020	165	1	0	2020-12-20
14258	210	269	162	2020	162	0	1	2021-01-02
14259	210	164	167	2020	164	2	1	2021-01-02
14260	210	157	270	2020	270	0	2	2021-01-02
14261	210	313	166	2020	166	0	1	2021-01-02
14263	210	159	126	2020	159	3	0	2021-01-02
14264	210	169	170	2020	170	0	1	2021-01-02
14265	210	123	165	2020	123	2	0	2021-01-03
14266	210	132	168	2020	132	5	2	2021-01-03
14267	210	166	132	2020	166	3	2	2021-01-08
14268	210	126	131	2020	126	4	0	2021-01-09
14269	210	167	157	2020	\N	1	1	2021-01-09
14270	210	163	269	2020	163	5	0	2021-01-09
14271	210	168	164	2020	164	0	2	2021-01-09
14273	210	170	123	2020	123	1	3	2021-01-09
14274	210	162	169	2020	169	1	4	2021-01-10
14275	210	313	159	2020	313	1	0	2021-01-10
14276	210	270	167	2020	270	1	0	2021-01-15
14277	210	269	159	2020	\N	0	0	2021-01-16
14280	210	165	170	2020	\N	2	2	2021-01-16
14281	210	131	313	2020	\N	0	0	2021-01-16
14282	210	169	166	2020	\N	2	2	2021-01-16
14284	210	164	126	2020	164	3	1	2021-01-17
14285	210	166	157	2020	166	1	0	2021-01-19
14286	210	159	131	2020	131	0	3	2021-01-19
14287	210	167	123	2020	167	2	1	2021-01-19
14288	210	168	165	2020	165	0	2	2021-01-19
14289	210	126	269	2020	269	1	2	2021-01-20
14290	210	313	169	2020	313	3	0	2021-01-20
14291	210	163	164	2020	\N	2	2	2021-01-20
14292	210	162	132	2020	132	0	1	2021-01-20
14294	210	166	123	2020	166	4	2	2021-01-22
14295	210	313	164	2020	164	1	5	2021-01-23
14296	210	167	165	2020	165	0	1	2021-01-23
14297	210	163	169	2020	163	2	1	2021-01-23
14298	210	168	170	2020	168	3	2	2021-01-23
14299	210	162	270	2020	162	2	1	2021-01-23
14300	210	159	157	2020	157	1	4	2021-01-23
14301	210	126	132	2020	132	0	4	2021-01-24
14302	210	131	269	2020	131	3	0	2021-01-24
14303	210	169	168	2020	169	2	0	2021-01-29
14304	210	164	159	2020	164	3	1	2021-01-30
14305	210	123	162	2020	123	3	1	2021-01-30
14307	210	132	131	2020	132	4	1	2021-01-30
14308	210	270	166	2020	\N	1	1	2021-01-30
14309	210	170	167	2020	170	1	0	2021-01-30
14310	210	269	313	2020	269	3	1	2021-01-31
14311	210	165	163	2020	165	3	0	2021-01-31
14312	210	159	132	2020	132	0	1	2021-02-05
14313	210	126	170	2020	170	0	3	2021-02-06
14314	210	167	169	2020	167	5	2	2021-02-06
14315	210	163	123	2020	163	2	1	2021-02-06
14316	210	168	270	2020	168	1	0	2021-02-06
14318	210	166	269	2020	269	1	2	2021-02-06
14319	210	131	164	2020	164	1	3	2021-02-07
14320	210	170	162	2020	170	2	1	2021-02-12
14321	210	123	131	2020	\N	2	2	2021-02-13
14322	210	169	159	2020	\N	1	1	2021-02-13
14324	210	167	168	2020	\N	2	2	2021-02-13
14325	210	270	126	2020	\N	0	0	2021-02-13
14326	210	164	269	2020	164	2	0	2021-02-14
14328	210	132	313	2020	\N	3	3	2021-02-15
14329	210	313	165	2020	165	0	3	2021-02-19
14330	210	269	169	2020	169	0	1	2021-02-20
14331	210	164	132	2020	164	2	1	2021-02-20
14332	210	166	168	2020	168	1	2	2021-02-20
14333	210	163	270	2020	270	0	1	2021-02-20
14334	210	126	123	2020	123	0	4	2021-02-20
14335	210	162	167	2020	\N	1	1	2021-02-21
14337	210	131	157	2020	131	4	0	2021-02-21
14338	210	157	164	2020	157	2	1	2021-02-26
14339	210	123	313	2020	123	3	0	2021-02-27
14340	210	169	126	2020	169	5	1	2021-02-27
14341	210	132	269	2020	132	5	1	2021-02-27
14342	210	165	159	2020	165	2	0	2021-02-27
14343	210	170	166	2020	170	3	2	2021-02-27
14344	210	270	131	2020	\N	1	1	2021-02-28
14346	210	167	163	2020	163	1	2	2021-02-28
14347	210	126	168	2020	\N	0	0	2021-03-05
14348	210	164	169	2020	\N	1	1	2021-03-06
14349	210	159	162	2020	159	2	1	2021-03-06
14350	210	166	167	2020	167	0	1	2021-03-06
14351	210	163	170	2020	170	0	3	2021-03-06
14353	210	132	123	2020	132	4	2	2021-03-06
14354	210	269	157	2020	\N	1	1	2021-03-07
14355	210	313	270	2020	\N	0	0	2021-03-07
14356	210	313	157	2020	157	0	2	2021-03-10
14357	210	162	166	2020	162	3	1	2021-03-12
14358	210	157	132	2020	132	1	3	2021-03-13
14360	210	168	163	2020	168	1	0	2021-03-13
14361	210	270	269	2020	270	2	1	2021-03-13
14362	210	123	159	2020	123	2	0	2021-03-13
14363	210	167	313	2020	313	1	2	2021-03-14
14364	210	170	164	2020	\N	1	1	2021-03-14
14365	210	169	131	2020	169	2	0	2021-03-14
14366	210	313	170	2020	170	0	1	2021-03-19
14367	210	269	123	2020	\N	2	2	2021-03-20
14369	210	157	165	2020	165	1	2	2021-03-20
14370	210	132	169	2020	132	4	0	2021-03-20
14371	210	126	166	2020	166	0	3	2021-03-20
14372	225	184	173	2020	184	1	0	2020-09-19
14373	225	273	135	2020	273	3	0	2020-09-19
14374	225	176	125	2020	125	0	2	2020-09-20
14375	225	185	314	2020	185	4	1	2020-09-20
14376	225	180	179	2020	\N	1	1	2020-09-20
14378	225	183	174	2020	183	2	0	2020-09-21
14379	225	173	181	2020	181	2	4	2020-09-26
14380	225	186	315	2020	315	2	3	2020-09-26
14381	225	179	172	2020	172	0	2	2020-09-26
14382	225	119	184	2020	119	4	3	2020-09-26
14383	225	316	180	2020	180	1	4	2020-09-27
14384	225	273	177	2020	273	1	0	2020-09-27
14385	225	125	185	2020	125	6	0	2020-09-27
14386	225	314	183	2020	183	0	2	2020-09-27
14387	225	135	139	2020	\N	2	2	2020-09-27
14389	225	177	316	2020	316	0	2	2020-09-30
14390	225	315	119	2020	119	2	5	2020-09-30
14391	225	172	181	2020	181	1	4	2020-09-30
14392	225	184	186	2020	186	1	2	2020-10-02
14393	225	180	314	2020	180	4	1	2020-10-03
14394	225	177	135	2020	135	0	1	2020-10-03
14395	225	181	179	2020	181	5	2	2020-10-04
14396	225	172	119	2020	\N	1	1	2020-10-04
14397	225	176	273	2020	176	1	0	2020-10-04
14398	225	315	174	2020	315	1	0	2020-10-04
14400	225	125	181	2020	125	4	1	2020-10-17
14401	225	119	183	2020	183	1	2	2020-10-17
14402	225	186	172	2020	186	3	0	2020-10-17
14403	225	314	139	2020	\N	1	1	2020-10-17
14404	225	174	180	2020	180	3	4	2020-10-18
14405	225	173	179	2020	179	2	3	2020-10-18
14406	225	316	184	2020	\N	2	2	2020-10-18
14408	225	135	315	2020	135	5	2	2020-10-18
14409	225	273	185	2020	\N	0	0	2020-10-19
14410	225	180	173	2020	\N	3	3	2020-10-23
14411	225	181	186	2020	186	1	3	2020-10-24
14412	225	185	119	2020	119	0	2	2020-10-24
14414	225	179	314	2020	179	4	2	2020-10-25
14415	225	176	316	2020	\N	2	2	2020-10-25
14416	225	315	125	2020	125	1	2	2020-10-25
14417	225	184	177	2020	184	3	2	2020-10-25
14420	225	314	181	2020	181	1	2	2020-10-31
14421	225	119	176	2020	\N	2	2	2020-10-31
14423	225	177	183	2020	183	1	2	2020-11-01
14424	225	173	172	2020	172	3	4	2020-11-01
14425	225	316	139	2020	139	1	4	2020-11-01
14426	225	125	180	2020	180	0	2	2020-11-01
14427	225	135	184	2020	135	2	0	2020-11-01
14428	225	186	185	2020	\N	1	1	2020-11-01
14429	225	273	315	2020	273	3	1	2020-11-02
14430	225	185	173	2020	173	1	2	2020-11-04
14432	225	179	186	2020	179	2	0	2020-11-07
14433	225	315	316	2020	316	0	3	2020-11-07
14434	225	176	184	2020	\N	0	0	2020-11-07
14435	225	172	139	2020	\N	1	1	2020-11-08
14437	225	173	314	2020	\N	0	0	2020-11-08
14438	225	185	135	2020	135	1	3	2020-11-08
14439	225	174	125	2020	125	0	1	2020-11-08
14440	225	183	273	2020	\N	2	2	2020-11-08
14442	225	316	181	2020	\N	0	0	2020-11-21
14443	225	139	179	2020	139	2	0	2020-11-21
14444	225	184	315	2020	315	0	1	2020-11-22
14445	225	119	173	2020	119	4	2	2020-11-22
14446	225	135	176	2020	135	3	0	2020-11-22
14447	225	186	174	2020	174	1	2	2020-11-22
14448	225	273	180	2020	180	0	2	2020-11-22
14449	225	177	185	2020	177	1	0	2020-11-22
14450	225	125	183	2020	183	1	3	2020-11-22
14451	225	180	119	2020	119	0	3	2020-11-28
14453	225	181	273	2020	273	0	2	2020-11-28
14454	225	172	177	2020	177	1	3	2020-11-29
14455	225	183	184	2020	183	2	0	2020-11-29
14456	225	174	314	2020	174	1	0	2020-11-29
14457	225	179	316	2020	\N	2	2	2020-11-29
14458	225	125	135	2020	125	4	0	2020-11-29
14460	225	185	176	2020	176	1	2	2020-11-30
14461	225	316	172	2020	172	1	2	2020-12-05
14462	225	139	173	2020	139	2	1	2020-12-05
14463	225	119	174	2020	119	3	1	2020-12-05
14464	225	273	179	2020	\N	1	1	2020-12-06
14465	225	135	180	2020	\N	0	0	2020-12-06
14467	225	314	125	2020	125	0	4	2020-12-06
14468	225	186	183	2020	183	1	2	2020-12-06
14469	225	184	185	2020	\N	1	1	2020-12-07
14470	225	180	315	2020	180	1	0	2020-12-11
14471	225	314	316	2020	314	4	1	2020-12-12
14472	225	173	177	2020	177	2	3	2020-12-12
14473	225	172	273	2020	273	1	2	2020-12-12
14474	225	179	119	2020	119	1	3	2020-12-13
14476	225	181	184	2020	181	3	0	2020-12-13
14477	225	174	135	2020	135	1	5	2020-12-13
14478	225	185	139	2020	139	1	3	2020-12-13
14479	225	183	176	2020	\N	2	2	2020-12-13
14480	225	177	314	2020	\N	0	0	2020-12-15
14482	225	139	181	2020	\N	1	1	2020-12-16
14483	225	119	125	2020	119	1	0	2020-12-16
14484	225	184	180	2020	\N	1	1	2020-12-16
14486	225	185	183	2020	\N	2	2	2020-12-16
14487	225	316	174	2020	\N	2	2	2020-12-16
14488	225	273	186	2020	186	1	2	2020-12-16
14489	225	135	173	2020	135	3	1	2020-12-17
14491	225	186	314	2020	186	3	1	2020-12-19
14492	225	176	139	2020	139	0	4	2020-12-19
14493	225	173	174	2020	\N	1	1	2020-12-20
14494	225	119	316	2020	119	2	1	2020-12-20
14495	225	179	177	2020	\N	1	1	2020-12-20
14496	225	180	183	2020	183	1	2	2020-12-20
14498	225	181	135	2020	181	4	1	2020-12-20
14499	225	172	125	2020	172	2	0	2020-12-20
14500	225	314	176	2020	314	2	1	2020-12-22
14501	225	139	184	2020	184	0	3	2020-12-22
14502	225	273	119	2020	119	1	2	2020-12-23
14503	225	125	173	2020	\N	1	1	2020-12-23
14504	225	135	179	2020	135	3	2	2020-12-23
14505	225	183	172	2020	183	3	2	2020-12-23
14506	225	177	315	2020	315	0	2	2020-12-23
14507	225	186	180	2020	180	2	3	2020-12-23
14509	225	316	185	2020	185	1	2	2020-12-23
14510	225	119	314	2020	119	6	2	2021-01-03
14511	225	184	174	2020	\N	0	0	2021-01-03
14512	225	135	186	2020	135	1	0	2021-01-03
14513	225	176	173	2020	173	0	3	2021-01-03
14514	225	181	180	2020	181	5	1	2021-01-03
14515	225	179	125	2020	125	1	4	2021-01-03
14517	225	316	273	2020	273	0	1	2021-01-03
14518	225	315	183	2020	183	0	2	2021-01-03
14519	225	139	177	2020	139	4	1	2021-01-03
14520	225	179	315	2020	315	1	2	2021-01-06
14521	225	172	184	2020	172	2	1	2021-01-06
14522	225	181	176	2020	181	3	0	2021-01-06
14523	225	186	119	2020	186	2	1	2021-01-06
14524	225	173	273	2020	\N	1	1	2021-01-06
14526	225	180	185	2020	180	2	1	2021-01-06
14527	225	314	135	2020	135	1	3	2021-01-06
14528	225	125	316	2020	316	1	2	2021-01-06
14529	225	183	139	2020	139	1	3	2021-01-06
14530	225	315	181	2020	181	1	4	2021-01-09
14531	225	185	174	2020	185	2	0	2021-01-09
14532	225	183	173	2020	183	2	0	2021-01-09
14533	225	135	119	2020	\N	2	2	2021-01-10
14534	225	176	172	2020	172	0	2	2021-01-10
14536	225	273	314	2020	273	2	1	2021-01-10
14537	225	184	179	2020	184	1	0	2021-01-10
14538	225	139	180	2020	139	3	1	2021-01-10
14539	225	316	186	2020	316	2	1	2021-01-11
14540	225	172	135	2020	172	3	0	2021-01-15
14541	225	174	273	2020	174	1	0	2021-01-16
14542	225	173	316	2020	\N	0	0	2021-01-16
14543	225	186	177	2020	186	2	1	2021-01-16
14544	225	125	184	2020	125	6	0	2021-01-17
14546	225	314	315	2020	314	4	1	2021-01-17
14547	225	181	185	2020	\N	0	0	2021-01-17
14548	225	119	139	2020	119	2	0	2021-01-17
14549	225	179	183	2020	183	0	2	2021-01-18
14550	225	177	181	2020	\N	1	1	2021-01-20
14552	225	135	316	2020	135	4	3	2021-01-23
14553	225	183	181	2020	181	0	3	2021-01-23
14554	225	177	119	2020	\N	0	0	2021-01-23
14555	225	184	314	2020	184	2	1	2021-01-23
14556	225	139	174	2020	139	2	0	2021-01-24
14557	225	185	179	2020	185	1	0	2021-01-24
14558	225	273	125	2020	273	3	1	2021-01-24
14560	225	176	186	2020	186	0	2	2021-01-24
14562	225	174	183	2020	183	1	2	2021-01-30
14563	225	186	139	2020	139	0	2	2021-01-30
14564	225	119	315	2020	119	4	0	2021-01-30
14565	225	316	177	2020	177	0	1	2021-01-31
14566	225	181	172	2020	172	1	3	2021-01-31
14568	225	314	185	2020	185	0	3	2021-01-31
14569	225	125	176	2020	125	2	0	2021-01-31
14570	225	135	273	2020	135	3	1	2021-01-31
14571	225	184	119	2020	119	0	2	2021-02-05
14573	225	180	316	2020	316	1	2	2021-02-06
14574	225	139	135	2020	139	2	0	2021-02-06
14575	225	185	125	2020	185	2	1	2021-02-06
14576	225	315	186	2020	\N	1	1	2021-02-07
14577	225	183	314	2020	183	4	0	2021-02-07
14578	225	177	273	2020	177	2	0	2021-02-07
14579	225	176	174	2020	174	0	3	2021-02-07
14580	225	172	179	2020	172	1	0	2021-02-07
14582	225	173	185	2020	\N	0	0	2021-02-13
14583	225	125	139	2020	125	1	0	2021-02-13
14584	225	316	183	2020	316	2	0	2021-02-13
14585	225	135	177	2020	135	3	0	2021-02-14
14586	225	186	184	2020	186	2	1	2021-02-14
14587	225	179	181	2020	181	0	1	2021-02-14
14588	225	314	180	2020	180	1	2	2021-02-14
14589	225	119	172	2020	119	3	1	2021-02-14
14591	225	184	316	2020	184	3	0	2021-02-19
14592	225	179	173	2020	173	0	1	2021-02-19
14593	225	172	186	2020	172	1	0	2021-02-20
14594	225	185	273	2020	\N	2	2	2021-02-20
14595	225	180	174	2020	\N	1	1	2021-02-20
14597	225	183	119	2020	119	0	3	2021-02-21
14598	225	181	125	2020	181	4	2	2021-02-21
14599	225	315	135	2020	\N	0	0	2021-02-21
14600	225	139	314	2020	139	3	0	2021-02-22
14601	225	316	176	2020	\N	2	2	2021-02-27
14603	225	273	139	2020	\N	1	1	2021-02-27
14604	225	186	181	2020	181	0	2	2021-02-28
14605	225	119	185	2020	119	3	0	2021-02-28
14606	225	177	184	2020	177	1	0	2021-02-28
14607	225	314	179	2020	179	0	2	2021-02-28
14608	225	125	315	2020	125	2	0	2021-02-28
14609	225	135	183	2020	183	1	2	2021-02-28
14610	225	139	316	2020	139	3	0	2021-03-02
14612	225	184	135	2020	135	1	2	2021-03-03
14613	225	183	177	2020	\N	1	1	2021-03-03
14614	225	181	314	2020	181	5	1	2021-03-03
14615	225	179	174	2020	179	1	0	2021-03-03
14616	225	185	186	2020	\N	1	1	2021-03-03
14617	225	315	273	2020	273	0	3	2021-03-03
14619	225	316	315	2020	\N	1	1	2021-03-06
14620	225	177	180	2020	177	2	0	2021-03-06
14621	225	139	172	2020	139	3	1	2021-03-06
14622	225	135	185	2020	135	1	0	2021-03-07
14623	225	184	176	2020	\N	3	3	2021-03-07
14624	225	273	183	2020	183	0	2	2021-03-07
14626	225	186	179	2020	\N	2	2	2021-03-07
14627	225	125	174	2020	125	3	1	2021-03-07
14628	225	119	181	2020	119	1	0	2021-03-08
14629	225	172	314	2020	172	3	2	2021-03-12
14630	225	181	316	2020	181	3	1	2021-03-12
14631	225	180	273	2020	180	3	2	2021-03-13
14632	225	315	184	2020	184	1	4	2021-03-13
14633	225	185	177	2020	\N	1	1	2021-03-13
14635	225	176	135	2020	176	2	0	2021-03-14
14636	225	173	119	2020	119	1	2	2021-03-14
14637	225	179	139	2020	139	1	3	2021-03-14
14638	225	183	125	2020	125	0	1	2021-03-14
14639	225	173	180	2020	173	3	2	2021-03-17
14640	225	176	185	2020	185	1	2	2021-03-19
14641	225	314	174	2020	174	2	3	2021-03-20
14642	225	316	179	2020	316	2	1	2021-03-20
18229	210	162	157	2020	\N	\N	\N	2021-05-15
14777	238	106	116	2020	\N	2	2	2021-01-10
14780	238	116	201	2020	201	1	3	2021-01-13
14821	238	201	106	2020	106	0	3	2021-01-31
18230	210	170	165	2020	\N	\N	\N	2021-05-15
14881	251	127	215	2020	127	3	1	2020-09-19
14893	251	212	203	2020	\N	0	0	2020-09-27
14907	251	214	127	2020	\N	2	2	2020-10-17
14911	251	212	111	2020	111	0	3	2020-10-18
14920	251	203	215	2020	215	0	1	2020-10-25
14935	251	203	214	2020	214	0	4	2020-11-07
14939	251	111	215	2020	215	2	3	2020-11-08
14967	251	215	212	2020	215	3	0	2020-12-22
14976	251	203	127	2020	127	2	3	2020-12-29
14977	251	214	215	2020	214	2	0	2021-01-02
14994	251	214	212	2020	\N	1	1	2021-01-15
14995	251	127	111	2020	\N	1	1	2021-01-15
15017	251	127	212	2020	127	2	0	2021-02-01
15019	251	214	111	2020	214	1	0	2021-02-01
15030	251	215	127	2020	\N	2	2	2021-02-07
15061	251	127	214	2020	\N	0	0	2021-02-27
15065	251	111	212	2020	111	2	0	2021-03-01
15075	251	215	203	2020	215	3	0	2021-03-09
15101	269	226	134	2020	\N	0	0	2020-09-20
15105	269	221	134	2020	134	2	3	2020-09-26
15108	269	121	282	2020	121	6	1	2020-09-27
15111	269	118	225	2020	118	4	0	2020-09-27
18231	210	269	126	2020	\N	\N	\N	2021-05-22
15125	269	138	221	2020	221	0	2	2020-10-03
15130	269	118	231	2020	\N	1	1	2020-10-04
15131	269	282	231	2020	282	1	0	2020-10-17
15137	269	225	138	2020	225	2	1	2020-10-18
15140	269	221	226	2020	226	0	3	2020-10-18
15142	269	118	134	2020	134	1	3	2020-10-24
15145	269	121	221	2020	121	2	0	2020-10-24
15163	269	118	221	2020	118	5	2	2020-11-07
15167	269	226	282	2020	226	2	0	2020-11-08
15170	269	138	134	2020	138	4	1	2020-11-08
15175	269	121	118	2020	121	1	0	2020-11-21
15183	269	138	121	2020	121	0	1	2020-11-28
15189	269	226	225	2020	\N	1	1	2020-11-29
15193	269	231	134	2020	134	0	1	2020-12-05
15205	269	134	121	2020	134	2	0	2020-12-12
15212	269	118	226	2020	118	2	1	2020-12-16
15215	269	118	138	2020	\N	2	2	2020-12-19
15220	269	282	221	2020	282	2	0	2020-12-20
15223	269	138	231	2020	231	0	1	2020-12-22
15225	269	226	121	2020	121	0	2	2020-12-22
15230	269	134	282	2020	134	2	0	2020-12-23
15233	269	231	225	2020	231	2	0	2020-12-29
15237	269	282	138	2020	282	2	1	2020-12-30
15244	269	221	231	2020	\N	1	1	2021-01-02
15255	269	231	226	2020	231	3	2	2021-01-09
15256	269	282	118	2020	118	0	4	2021-01-09
15264	269	121	231	2020	121	2	0	2021-01-12
15270	269	225	282	2020	\N	2	2	2021-01-20
15276	269	226	221	2020	\N	2	2	2021-01-23
15281	269	121	138	2020	121	3	1	2021-01-24
18232	210	164	163	2020	\N	\N	\N	2021-05-22
15287	269	225	226	2020	\N	1	1	2021-01-30
15301	269	221	118	2020	118	2	3	2021-02-07
15305	269	282	121	2020	121	1	2	2021-02-13
15310	269	134	138	2020	134	2	0	2021-02-14
15328	269	231	118	2020	118	0	2	2021-02-27
15334	269	225	121	2020	121	0	2	2021-02-28
15336	269	138	225	2020	138	2	1	2021-03-05
15342	269	121	134	2020	\N	1	1	2021-03-07
15353	269	282	226	2020	282	1	0	2021-03-14
15355	269	231	221	2020	231	1	0	2021-03-14
15362	190	54	47	2020	54	3	0	2021-03-20
15363	190	60	63	2020	\N	3	3	2021-03-21
15364	190	44	48	2020	48	0	2	2021-03-21
15372	210	131	168	2020	168	1	2	2021-03-21
15373	210	159	167	2020	159	3	0	2021-03-21
15374	210	163	162	2020	163	2	0	2021-03-21
15376	225	139	315	2020	315	0	1	2021-03-21
15377	225	177	172	2020	172	0	1	2021-03-21
15378	225	186	173	2020	186	1	0	2021-03-21
15379	225	184	183	2020	183	2	3	2021-03-21
15384	238	201	116	2020	201	2	0	2021-03-21
15389	251	214	203	2020	214	1	0	2021-03-20
15393	251	215	111	2020	111	0	2	2021-03-21
15396	269	138	282	2020	138	2	1	2021-03-21
15399	269	226	118	2020	118	1	6	2021-03-21
15623	192	307	263	2018	307	1	0	2018-08-09
15634	192	253	309	2018	253	2	1	2018-08-09
15653	192	263	307	2018	263	2	1	2018-08-16
15661	192	309	253	2018	309	4	0	2018-08-16
15668	192	62	262	2018	62	1	0	2018-08-16
15682	192	181	259	2018	\N	0	0	2018-08-23
15689	192	386	307	2018	\N	1	1	2018-08-23
15696	192	259	181	2018	\N	0	0	2018-08-30
15705	192	307	386	2018	307	3	0	2018-08-30
15717	192	231	110	2018	231	5	1	2018-09-20
15720	192	109	84	2018	\N	2	2	2018-09-20
15722	192	74	105	2018	105	0	2	2018-09-20
15727	192	92	167	2018	167	2	3	2018-09-20
15734	192	63	425	2018	63	4	2	2018-09-20
15735	192	214	97	2018	214	2	0	2018-09-20
15736	192	258	221	2018	\N	0	0	2018-09-20
15738	192	84	146	2018	84	2	0	2018-10-04
15747	192	425	214	2018	214	1	2	2018-10-04
15748	192	97	63	2018	63	0	3	2018-10-04
15749	192	221	73	2018	221	3	0	2018-10-04
15750	192	183	258	2018	183	3	1	2018-10-04
15751	192	164	172	2018	164	4	1	2018-10-04
15753	192	81	307	2018	81	2	0	2018-10-04
15755	192	261	231	2018	261	2	1	2018-10-04
15758	192	52	74	2018	52	1	0	2018-10-04
15759	192	105	102	2018	102	1	4	2018-10-04
15765	192	170	76	2018	170	2	0	2018-10-25
15767	192	259	108	2018	108	0	1	2018-10-25
15770	192	214	63	2018	63	0	1	2018-10-25
15771	192	97	425	2018	425	0	1	2018-10-25
15772	192	183	221	2018	221	1	2	2018-10-25
15773	192	73	258	2018	258	0	2	2018-10-25
15780	192	146	109	2018	109	1	2	2018-10-25
15782	192	52	105	2018	52	3	1	2018-10-25
15783	192	102	74	2018	74	0	2	2018-10-25
15784	192	225	309	2018	225	5	0	2018-10-25
15792	192	261	110	2018	261	2	1	2018-11-08
15794	192	109	146	2018	109	3	1	2018-11-08
15795	192	105	52	2018	52	0	1	2018-11-08
15796	192	74	102	2018	74	1	0	2018-11-08
15798	192	309	225	2018	\N	0	0	2018-11-08
15802	192	76	170	2018	76	2	1	2018-11-08
15804	192	108	259	2018	\N	0	0	2018-11-08
15807	192	425	97	2018	97	0	1	2018-11-08
15808	192	221	183	2018	\N	1	1	2018-11-08
15809	192	258	73	2018	258	5	1	2018-11-08
15810	192	84	109	2018	109	0	1	2018-11-29
15813	192	105	74	2018	105	2	0	2018-11-29
15823	192	97	214	2018	214	1	6	2018-11-29
15825	192	183	73	2018	183	5	2	2018-11-29
15830	192	110	231	2018	110	1	0	2018-11-29
15832	192	52	102	2018	52	4	0	2018-11-29
15835	192	172	164	2018	164	1	2	2018-12-13
15836	192	307	81	2018	81	0	1	2018-12-13
15838	192	231	261	2018	231	3	0	2018-12-13
15840	192	146	84	2018	146	2	0	2018-12-13
15842	192	102	105	2018	105	1	3	2018-12-13
15843	192	74	52	2018	\N	2	2	2018-12-13
15855	192	214	425	2018	214	3	0	2018-12-13
15856	192	258	183	2018	258	3	1	2018-12-13
15857	192	73	221	2018	\N	0	0	2018-12-13
15859	192	309	119	2018	119	0	1	2019-02-14
15862	192	146	221	2018	\N	3	3	2019-02-14
15863	192	258	109	2018	\N	2	2	2019-02-14
15864	192	172	231	2018	231	0	1	2019-02-14
15865	192	105	63	2018	105	1	0	2019-02-14
15870	192	81	52	2018	52	1	2	2019-02-14
15872	192	76	138	2018	138	0	2	2019-02-14
15873	192	214	225	2018	225	0	1	2019-02-14
15874	192	231	172	2018	231	2	0	2019-02-20
15879	192	138	76	2018	138	1	0	2019-02-21
15881	192	225	214	2018	\N	1	1	2019-02-21
15882	192	63	105	2018	63	3	0	2019-02-21
15883	192	119	309	2018	119	4	0	2019-02-21
15885	192	167	261	2018	\N	1	1	2019-02-21
15887	192	221	146	2018	146	1	3	2019-02-21
15888	192	109	258	2018	109	1	0	2019-02-21
15890	192	164	119	2018	\N	0	0	2019-03-07
15892	192	231	108	2018	\N	2	2	2019-03-07
15893	192	146	63	2018	146	3	1	2019-03-07
15895	192	52	109	2018	52	3	0	2019-03-07
15897	192	138	261	2018	138	2	1	2019-03-07
15898	192	109	52	2018	52	0	5	2019-03-14
15901	192	119	164	2018	164	0	1	2019-03-14
15902	192	111	104	2018	111	3	0	2019-03-14
15903	192	108	231	2018	108	4	3	2019-03-14
15904	192	63	146	2018	63	3	0	2019-03-14
15906	192	125	63	2018	125	2	0	2019-04-11
15907	192	225	138	2018	138	1	3	2019-04-11
15908	192	111	164	2018	111	4	2	2019-04-11
15909	192	108	52	2018	52	0	1	2019-04-11
15910	192	63	125	2018	125	0	1	2019-04-18
15911	192	138	225	2018	138	2	0	2019-04-18
15912	192	164	111	2018	164	2	0	2019-04-18
15913	192	52	108	2018	52	4	3	2019-04-18
15914	192	63	138	2018	63	3	1	2019-05-02
15916	192	138	63	2018	63	2	4	2019-05-09
15917	192	52	164	2018	\N	1	1	2019-05-09
15918	192	52	63	2018	52	4	1	2019-05-29
16403	192	79	73	2019	73	1	2	2019-07-23
16441	192	57	93	2019	57	2	0	2019-07-25
16449	192	73	79	2019	\N	1	1	2019-07-30
16490	192	93	57	2019	57	1	4	2019-08-01
16496	192	253	255	2019	253	1	0	2019-08-07
16499	192	340	57	2019	57	0	4	2019-08-08
16560	192	57	340	2019	57	4	0	2019-08-15
16577	192	201	485	2019	\N	1	1	2019-08-22
16582	192	386	296	2019	386	2	1	2019-08-22
16583	192	253	102	2019	253	1	0	2019-08-22
16585	192	173	57	2019	57	2	3	2019-08-22
16591	192	102	253	2019	102	3	2	2019-08-29
16594	192	105	84	2019	105	2	0	2019-08-29
16597	192	485	201	2019	201	1	4	2019-08-29
16605	192	57	173	2019	57	2	1	2019-08-29
16607	192	97	231	2019	231	0	3	2019-09-19
16609	192	109	81	2019	109	1	0	2019-09-19
16613	192	116	214	2019	116	3	2	2019-09-19
16615	192	146	76	2019	\N	1	1	2019-09-19
16617	192	164	63	2019	63	0	3	2019-09-19
16618	192	110	203	2019	110	2	0	2019-09-19
16620	192	127	117	2019	127	2	1	2019-09-19
16625	192	166	489	2019	489	0	4	2019-09-19
16626	192	135	262	2019	135	4	0	2019-09-19
16627	192	57	215	2019	215	0	1	2019-09-19
16628	192	253	307	2019	253	4	2	2019-09-19
16629	192	45	84	2019	45	1	0	2019-09-19
16630	192	386	201	2019	\N	2	2	2019-09-19
16639	192	489	135	2019	\N	1	1	2019-10-03
16640	192	307	57	2019	57	0	1	2019-10-03
16641	192	215	253	2019	\N	2	2	2019-10-03
16644	192	73	97	2019	97	1	4	2019-10-03
16645	192	81	259	2019	\N	1	1	2019-10-03
16650	192	214	263	2019	214	2	1	2019-10-03
16651	192	172	146	2019	172	2	1	2019-10-03
16653	192	203	164	2019	164	0	1	2019-10-03
16654	192	63	110	2019	63	4	0	2019-10-03
16659	192	92	224	2019	224	0	1	2019-10-24
16662	192	135	166	2019	\N	1	1	2019-10-24
16663	192	262	489	2019	262	1	0	2019-10-24
16665	192	253	57	2019	57	1	2	2019-10-24
16666	192	201	84	2019	201	6	0	2019-10-24
16667	192	386	45	2019	45	0	1	2019-10-24
16668	192	231	73	2019	231	3	0	2019-10-24
16673	192	116	263	2019	\N	0	0	2019-10-24
16676	192	76	172	2019	76	2	1	2019-10-24
16677	192	63	203	2019	63	3	2	2019-10-24
16679	192	203	63	2019	\N	1	1	2019-11-06
16680	192	84	201	2019	201	0	5	2019-11-07
16681	192	73	231	2019	231	2	5	2019-11-07
16688	192	263	116	2019	263	4	1	2019-11-07
16689	192	172	76	2019	76	1	2	2019-11-07
16691	192	110	164	2019	110	2	1	2019-11-07
16698	192	166	135	2019	166	2	1	2019-11-07
16699	192	489	262	2019	262	0	3	2019-11-07
16700	192	57	253	2019	57	1	0	2019-11-07
16702	192	45	386	2019	45	3	0	2019-11-07
16705	192	84	45	2019	84	2	1	2019-11-28
16707	192	117	127	2019	127	1	2	2019-11-28
16712	192	262	135	2019	135	0	3	2019-11-28
16713	192	489	166	2019	166	0	1	2019-11-28
16714	192	307	253	2019	307	2	1	2019-11-28
16716	192	201	386	2019	\N	2	2	2019-11-28
16717	192	231	97	2019	231	2	0	2019-11-28
16719	192	81	109	2019	81	4	3	2019-11-28
16722	192	214	116	2019	214	4	0	2019-11-28
16724	192	76	146	2019	76	3	1	2019-11-28
16726	192	63	164	2019	164	1	2	2019-11-28
16727	192	97	73	2019	\N	1	1	2019-12-12
16730	192	259	81	2019	81	0	1	2019-12-12
16734	192	263	214	2019	263	3	0	2019-12-12
16735	192	146	172	2019	146	2	0	2019-12-12
16737	192	164	203	2019	203	2	3	2019-12-12
16738	192	110	63	2019	\N	2	2	2019-12-12
16745	192	166	262	2019	262	1	2	2019-12-12
16747	192	57	307	2019	57	4	0	2019-12-12
16748	192	253	215	2019	215	2	4	2019-12-12
16749	192	45	201	2019	45	4	0	2019-12-12
16750	192	386	84	2019	386	4	1	2019-12-12
16751	192	214	262	2019	214	3	1	2020-02-20
16753	192	259	76	2019	\N	1	1	2020-02-20
16755	192	122	45	2019	\N	1	1	2020-02-20
16756	192	92	119	2019	119	0	2	2020-02-20
16759	192	57	224	2019	57	4	0	2020-02-20
16760	192	167	127	2019	167	2	1	2020-02-20
16762	192	258	63	2019	63	0	1	2020-02-20
16764	192	165	81	2019	165	2	1	2020-02-20
16768	192	224	57	2019	224	3	2	2020-02-27
16769	192	262	214	2019	262	4	1	2020-02-27
16770	192	127	167	2019	167	1	3	2020-02-27
16772	192	263	201	2019	263	2	0	2020-02-27
16773	192	81	165	2019	165	0	3	2020-02-27
16776	192	76	259	2019	259	1	3	2020-02-27
16778	192	63	258	2019	258	1	2	2020-02-27
16779	192	45	122	2019	45	5	0	2020-02-27
16780	192	119	92	2019	119	2	1	2020-02-27
16783	192	262	259	2019	262	1	0	2020-03-12
16785	192	263	45	2019	45	0	5	2020-03-12
16786	192	258	57	2019	\N	1	1	2020-03-12
16789	192	259	262	2019	259	3	0	2020-08-05
16792	192	45	263	2019	45	2	1	2020-08-05
16794	192	231	135	2019	231	2	0	2020-08-06
16795	192	57	258	2019	57	1	0	2020-08-06
16797	192	45	259	2019	45	1	0	2020-08-10
16798	192	119	167	2019	119	2	1	2020-08-10
16799	192	57	231	2019	231	0	1	2020-08-11
16801	192	231	45	2019	231	2	1	2020-08-16
16803	192	231	119	2019	231	3	2	2020-08-21
14490	225	184	273	2020	\N	1	1	2020-12-19
14567	225	179	180	2020	\N	1	1	2021-01-31
17246	192	479	48	2020	48	1	2	2020-09-17
17264	192	384	183	2020	183	0	2	2020-09-17
17289	192	307	212	2020	\N	1	1	2020-09-24
17296	192	79	48	2020	48	1	3	2020-09-24
17303	192	183	501	2020	183	3	2	2020-09-24
17314	192	81	282	2020	282	1	3	2020-10-01
17321	192	110	74	2020	110	3	1	2020-10-01
17329	192	48	456	2020	48	7	2	2020-10-01
17331	192	214	263	2020	263	1	4	2020-10-01
17332	192	117	135	2020	135	1	2	2020-10-22
17334	192	309	63	2020	63	1	2	2020-10-22
17335	192	255	296	2020	296	1	2	2020-10-22
17340	192	116	282	2020	282	1	2	2020-10-22
17346	192	48	263	2020	48	3	0	2020-10-22
17347	192	92	485	2020	485	1	2	2020-10-22
17350	192	131	89	2020	131	2	0	2020-10-22
17354	192	412	145	2020	145	1	4	2020-10-22
17355	192	76	183	2020	183	1	3	2020-10-22
17356	192	183	412	2020	183	3	0	2020-10-29
17358	192	97	225	2020	225	1	3	2020-10-29
17359	192	263	92	2020	263	4	3	2020-10-29
17360	192	485	48	2020	485	1	0	2020-10-29
17367	192	145	76	2020	\N	2	2	2020-10-29
17370	192	63	255	2020	63	3	0	2020-10-29
17371	192	296	309	2020	296	1	0	2020-10-29
17373	192	108	167	2020	108	1	0	2020-10-29
17375	192	111	110	2020	111	3	0	2020-10-29
17376	192	282	102	2020	\N	0	0	2020-10-29
17378	192	226	125	2020	125	0	1	2020-10-29
17381	192	92	48	2020	48	1	3	2020-11-05
17383	192	309	255	2020	309	4	3	2020-11-05
17388	192	102	116	2020	102	4	1	2020-11-05
17390	192	226	201	2020	226	1	0	2020-11-05
17392	192	183	145	2020	145	0	3	2020-11-05
17393	192	76	412	2020	412	1	4	2020-11-05
17395	192	485	263	2020	263	0	1	2020-11-05
17397	192	104	489	2020	104	1	0	2020-11-05
17401	192	63	296	2020	63	4	1	2020-11-05
17402	192	46	215	2020	46	4	0	2020-11-05
17405	192	412	76	2020	412	4	1	2020-11-26
17408	192	263	485	2020	485	0	2	2020-11-26
17410	192	489	104	2020	104	0	3	2020-11-26
17414	192	296	63	2020	63	0	3	2020-11-26
17415	192	215	46	2020	\N	3	3	2020-11-26
17417	192	48	92	2020	48	4	0	2020-11-26
17419	192	255	309	2020	309	1	3	2020-11-26
17425	192	116	102	2020	116	3	2	2020-11-26
17427	192	201	226	2020	\N	0	0	2020-11-26
17428	192	145	412	2020	145	2	1	2020-12-03
17429	192	183	76	2020	183	4	2	2020-12-03
17432	192	263	48	2020	\N	3	3	2020-12-03
17433	192	485	92	2020	485	3	1	2020-12-03
17436	192	89	131	2020	\N	0	0	2020-12-03
17440	192	135	117	2020	135	3	1	2020-12-03
17442	192	63	309	2020	63	4	1	2020-12-03
17443	192	296	255	2020	296	3	1	2020-12-03
17448	192	282	116	2020	116	0	1	2020-12-03
17451	192	201	125	2020	\N	1	1	2020-12-03
17455	192	255	63	2020	63	2	4	2020-12-10
17456	192	167	108	2020	167	4	0	2020-12-10
17459	192	110	111	2020	\N	2	2	2020-12-10
17462	192	125	226	2020	\N	1	1	2020-12-10
17464	192	412	183	2020	183	0	1	2020-12-10
17465	192	76	145	2020	76	3	2	2020-12-10
17466	192	225	97	2020	225	3	0	2020-12-10
17468	192	48	485	2020	48	2	0	2020-12-10
17469	192	92	263	2020	263	1	3	2020-12-10
17476	192	109	122	2020	\N	1	1	2021-02-18
17477	192	489	48	2020	48	1	4	2021-02-18
17478	192	226	45	2020	45	0	4	2021-02-18
17480	192	108	46	2020	\N	0	0	2021-02-18
17481	192	215	135	2020	135	0	2	2021-02-18
17482	192	261	104	2020	104	2	3	2021-02-18
17483	192	117	167	2020	117	4	3	2021-02-18
17484	192	258	116	2020	258	4	2	2021-02-18
17485	192	111	63	2020	\N	1	1	2021-02-18
17488	192	296	131	2020	\N	3	3	2021-02-18
17489	192	282	125	2020	282	2	0	2021-02-18
17491	192	145	106	2020	106	1	2	2021-02-18
17492	192	48	489	2020	48	4	0	2021-02-24
17493	192	63	111	2020	63	3	2	2021-02-25
17496	192	131	296	2020	296	0	2	2021-02-25
17497	192	125	282	2020	125	2	1	2021-02-25
17499	192	106	145	2020	106	2	1	2021-02-25
17500	192	122	109	2020	109	0	1	2021-02-25
17501	192	45	226	2020	\N	0	0	2021-02-25
17502	192	183	89	2020	\N	1	1	2021-02-25
18240	225	172	173	2020	\N	\N	\N	2021-05-18
17505	192	104	261	2020	104	1	0	2021-02-25
17506	192	167	117	2020	117	0	2	2021-02-25
17507	192	116	258	2020	116	2	1	2021-02-25
17508	192	106	117	2020	106	3	0	2021-03-11
17509	192	109	225	2020	225	0	2	2021-03-11
17513	192	258	63	2020	63	1	3	2021-03-11
17514	192	48	104	2020	48	2	0	2021-03-11
17515	192	282	296	2020	282	2	0	2021-03-11
17517	192	63	258	2020	258	0	1	2021-03-18
17518	192	104	48	2020	104	3	0	2021-03-18
17520	192	117	106	2020	106	0	2	2021-03-18
17521	192	225	109	2020	225	2	0	2021-03-18
17522	192	183	45	2020	45	0	1	2021-03-18
15375	225	273	181	2020	181	0	2	2021-03-21
15380	225	135	125	2020	125	0	2	2021-03-21
17843	189	30	288	2020	30	3	0	2021-04-02
17844	189	22	239	2020	22	2	0	2021-04-02
17845	189	29	28	2020	\N	1	1	2021-04-02
17846	189	31	42	2020	42	0	2	2021-04-02
17847	189	56	32	2020	32	0	1	2021-04-02
17848	189	53	26	2020	53	1	0	2021-04-02
17849	189	37	34	2020	37	1	0	2021-04-02
17850	189	55	38	2020	55	3	1	2021-04-02
17851	189	287	36	2020	287	1	0	2021-04-02
17852	189	241	21	2020	\N	1	1	2021-04-02
17853	189	27	40	2020	27	1	0	2021-04-02
5958	189	31	32	2018	\N	1	1	2018-08-04
5965	189	32	23	2018	\N	1	1	2018-08-07
5972	189	42	33	2018	\N	1	1	2018-08-11
5979	189	27	40	2018	\N	0	0	2018-08-17
5986	189	37	22	2018	37	2	1	2018-08-18
5994	189	40	41	2018	\N	2	2	2018-08-21
5996	189	26	37	2018	26	2	1	2018-08-22
6002	189	36	33	2018	36	1	0	2018-08-25
6011	189	32	27	2018	\N	2	2	2018-08-25
6018	189	29	24	2018	\N	2	2	2018-09-01
6025	189	27	23	2018	\N	1	1	2018-09-14
6032	189	33	25	2018	33	2	0	2018-09-15
6038	189	22	36	2018	\N	0	0	2018-09-18
6046	189	32	26	2018	32	2	1	2018-09-19
6057	189	41	27	2018	27	1	2	2018-09-22
6062	189	31	44	2018	\N	1	1	2018-09-28
6068	189	29	23	2018	23	2	3	2018-09-29
6072	189	34	42	2018	\N	2	2	2018-09-29
6077	189	44	29	2018	\N	3	3	2018-10-02
6083	189	26	23	2018	\N	2	2	2018-10-03
6087	189	30	22	2018	\N	1	1	2018-10-06
6102	189	32	28	2018	28	1	2	2018-10-20
6109	189	40	36	2018	40	3	1	2018-10-23
6116	189	29	33	2018	29	4	3	2018-10-24
6125	189	23	36	2018	\N	1	1	2018-10-27
6133	189	44	24	2018	44	2	0	2018-11-02
6137	189	26	28	2018	28	0	4	2018-11-03
6138	189	33	37	2018	33	2	0	2018-11-03
6145	189	39	26	2018	\N	0	0	2018-11-09
6151	189	32	42	2018	\N	0	0	2018-11-10
6158	189	34	39	2018	\N	2	2	2018-11-24
6164	189	41	31	2018	41	2	0	2018-11-24
6172	189	34	30	2018	\N	2	2	2018-11-27
6177	189	40	23	2018	23	1	2	2018-11-28
6187	189	32	35	2018	32	2	0	2018-12-01
6192	189	23	33	2018	\N	1	1	2018-12-03
6200	189	38	36	2018	\N	1	1	2018-12-08
6206	189	36	27	2018	\N	2	2	2018-12-15
6215	189	31	28	2018	\N	2	2	2018-12-15
6221	189	22	31	2018	\N	1	1	2018-12-22
6231	189	24	34	2018	24	2	1	2018-12-26
6239	189	41	36	2018	41	3	2	2018-12-26
6243	189	24	42	2018	\N	0	0	2018-12-29
6249	189	29	44	2018	\N	1	1	2018-12-29
6258	189	22	38	2018	\N	1	1	2019-01-01
6264	189	34	29	2018	34	2	1	2019-01-01
6271	189	31	24	2018	31	2	1	2019-01-12
6279	189	44	43	2018	\N	2	2	2019-01-19
6280	189	30	29	2018	29	1	4	2019-01-19
6290	189	44	35	2018	44	2	1	2019-01-26
6296	189	24	21	2018	\N	1	1	2019-01-29
6305	189	37	34	2018	\N	0	0	2019-02-02
6310	189	38	41	2018	\N	1	1	2019-02-09
6318	189	34	25	2018	\N	1	1	2019-02-09
6325	189	23	32	2018	\N	2	2	2019-02-12
6332	189	21	36	2018	21	2	1	2019-02-13
6338	189	35	42	2018	\N	1	1	2019-02-16
6344	189	28	31	2018	28	3	2	2019-02-23
6351	189	21	34	2018	\N	1	1	2019-02-23
6363	189	29	31	2018	\N	1	1	2019-03-02
6371	189	28	40	2018	28	1	0	2019-03-08
6378	189	22	26	2018	\N	1	1	2019-03-09
6387	189	21	41	2018	41	0	3	2019-03-12
6397	189	42	21	2018	\N	0	0	2019-03-16
6404	189	34	28	2018	28	1	2	2019-03-16
6410	189	39	31	2018	31	2	3	2019-03-30
6420	189	36	42	2018	42	0	1	2019-04-06
6428	189	37	23	2018	37	2	0	2019-04-06
6438	189	27	39	2018	\N	1	1	2019-04-10
6445	189	42	34	2018	\N	2	2	2019-04-13
6452	189	21	33	2018	21	2	1	2019-04-13
6457	189	37	33	2018	\N	1	1	2019-04-19
6466	189	28	26	2018	\N	2	2	2019-04-19
6475	189	21	23	2018	\N	0	0	2019-04-22
6482	189	24	33	2018	33	0	1	2019-04-27
6489	189	28	36	2018	28	2	1	2019-04-27
6494	189	44	28	2018	28	1	2	2019-05-05
6502	189	21	27	2018	\N	0	0	2019-05-05
6511	190	57	58	2018	\N	2	2	2018-08-11
6517	190	58	61	2018	58	2	1	2018-08-18
6527	190	51	56	2018	\N	0	0	2018-08-25
6537	190	58	51	2018	\N	1	1	2018-09-01
6546	190	64	49	2018	64	3	0	2018-09-15
6555	190	49	53	2018	\N	1	1	2018-09-22
6560	190	56	64	2018	64	0	5	2018-09-22
6566	190	57	61	2018	57	2	0	2018-09-29
6577	190	46	58	2018	58	1	2	2018-10-06
6585	190	52	45	2018	\N	2	2	2018-10-20
6593	190	58	50	2018	58	2	0	2018-10-21
6601	190	62	52	2018	52	0	4	2018-10-28
6618	190	51	60	2018	\N	1	1	2018-11-10
6624	190	63	57	2018	\N	1	1	2018-11-11
6630	190	53	59	2018	59	0	3	2018-11-24
6642	190	52	49	2018	52	2	0	2018-12-02
6652	190	58	47	2018	\N	1	1	2018-12-05
6661	190	52	64	2018	52	2	0	2018-12-08
6672	190	61	63	2018	61	3	2	2018-12-16
6683	190	56	45	2018	45	1	5	2018-12-22
6692	190	54	63	2018	\N	1	1	2018-12-26
6699	190	48	57	2018	57	1	3	2018-12-29
6709	190	52	61	2018	\N	0	0	2019-01-02
6715	190	60	63	2018	60	1	0	2019-01-12
6726	190	59	50	2018	59	4	3	2019-01-19
6737	190	63	56	2018	63	2	1	2019-01-29
6743	190	59	46	2018	\N	1	1	2019-01-30
6751	190	56	55	2018	56	2	0	2019-02-02
6769	190	47	51	2018	47	2	0	2019-02-23
6776	190	56	58	2018	58	0	3	2019-02-26
6787	190	62	50	2018	50	1	3	2019-03-02
6798	190	56	60	2018	56	2	0	2019-03-09
6807	190	49	59	2018	59	1	2	2019-03-17
6820	190	53	49	2018	53	4	1	2019-04-02
6835	190	54	55	2018	55	0	5	2019-04-13
6844	190	60	46	2018	\N	2	2	2019-04-20
6852	190	48	54	2018	48	1	0	2019-04-23
6859	190	50	58	2018	\N	0	0	2019-04-27
6866	190	55	48	2018	55	1	0	2019-05-04
6880	190	62	63	2018	63	1	3	2019-05-12
6890	194	73	74	2018	\N	1	1	2018-07-10
6900	194	92	93	2018	92	7	0	2018-07-11
6946	194	81	74	2018	\N	1	1	2018-08-07
6968	194	106	109	2018	106	3	1	2018-08-22
6972	194	104	117	2018	117	1	2	2018-08-28
6979	194	122	123	2018	123	0	1	2018-09-18
6994	194	132	106	2018	\N	1	1	2018-10-02
7000	194	124	89	2018	124	6	1	2018-10-03
7018	194	123	121	2018	123	4	0	2018-10-24
7059	194	122	121	2018	\N	0	0	2018-12-11
7071	194	117	139	2018	117	2	1	2018-12-12
7078	194	126	64	2018	64	2	3	2019-02-20
7091	194	45	118	2018	118	0	1	2019-04-10
7104	201	145	146	2018	145	3	1	2018-08-11
7481	210	132	131	2018	132	3	1	2018-08-24
7490	210	158	123	2018	\N	0	0	2018-08-31
7497	210	170	161	2018	\N	1	1	2018-09-02
7506	210	157	160	2018	\N	1	1	2018-09-16
7511	210	165	163	2018	163	1	3	2018-09-22
7518	210	158	131	2018	131	1	3	2018-09-25
7525	210	170	169	2018	170	2	0	2018-09-26
7536	210	123	162	2018	123	4	3	2018-10-06
7541	210	163	167	2018	\N	0	0	2018-10-07
7542	210	131	164	2018	164	1	2	2018-10-07
7550	210	126	157	2018	157	0	2	2018-10-20
7555	210	158	162	2018	162	1	2	2018-10-27
7562	210	169	164	2018	164	0	3	2018-11-02
7569	210	166	161	2018	166	3	0	2018-11-04
7582	210	132	161	2018	\N	3	3	2018-11-24
7589	210	161	168	2018	168	0	1	2018-11-30
7598	210	157	161	2018	157	3	1	2018-12-07
7605	210	168	158	2018	\N	1	1	2018-12-09
7613	210	123	157	2018	123	2	1	2018-12-15
7621	210	157	131	2018	\N	1	1	2018-12-19
7628	210	158	161	2018	161	0	1	2018-12-22
7639	210	162	161	2018	161	1	2	2019-01-19
7649	210	157	164	2018	\N	2	2	2019-01-26
7655	210	159	165	2018	165	0	1	2019-02-02
7662	210	123	131	2018	\N	3	3	2019-02-09
7667	210	132	126	2018	132	3	1	2019-02-09
7676	210	164	166	2018	\N	1	1	2019-02-17
7680	210	166	165	2018	165	0	3	2019-02-23
7682	210	163	162	2018	163	5	1	2019-02-23
7683	210	168	126	2018	168	3	0	2019-02-23
7694	210	166	132	2018	132	1	5	2019-03-02
7702	210	168	166	2018	166	0	1	2019-03-09
7708	210	126	170	2018	170	0	1	2019-03-16
7721	210	170	159	2018	170	5	0	2019-03-30
7730	210	132	123	2018	132	5	0	2019-04-06
7737	210	170	165	2018	170	2	0	2019-04-13
7750	210	165	164	2018	\N	1	1	2019-04-22
7757	210	169	166	2018	169	1	0	2019-04-27
7762	210	166	131	2018	\N	2	2	2019-05-04
7767	210	163	161	2018	\N	1	1	2019-05-05
7776	210	170	132	2018	\N	0	0	2019-05-11
7787	225	171	139	2018	139	2	3	2018-08-18
7798	225	184	171	2018	184	6	1	2018-08-26
7803	225	177	186	2018	177	1	0	2018-08-26
7812	225	180	185	2018	180	5	3	2018-09-02
7819	225	139	180	2018	139	2	1	2018-09-16
7822	225	178	172	2018	172	0	1	2018-09-16
7823	225	179	183	2018	\N	1	1	2018-09-16
7834	225	183	181	2018	\N	2	2	2018-09-23
7842	225	179	186	2018	\N	0	0	2018-09-26
7852	225	182	185	2018	185	1	2	2018-09-30
7873	225	184	179	2018	\N	1	1	2018-10-21
7884	225	125	135	2018	\N	1	1	2018-10-28
7893	225	186	173	2018	173	1	4	2018-11-04
7900	225	185	125	2018	125	1	2	2018-11-10
7906	225	183	139	2018	139	0	2	2018-11-11
7913	225	178	181	2018	178	3	2	2018-11-25
7917	225	175	178	2018	\N	2	2	2018-12-01
7929	225	179	135	2018	\N	2	2	2018-12-08
7932	225	176	171	2018	\N	1	1	2018-12-09
7939	225	175	171	2018	\N	0	0	2018-12-16
7948	225	125	175	2018	125	1	0	2018-12-22
7954	225	176	174	2018	\N	0	0	2018-12-22
7959	225	181	139	2018	\N	2	2	2018-12-26
7964	225	173	178	2018	173	3	0	2018-12-26
7971	225	171	182	2018	171	1	0	2018-12-29
7980	225	182	181	2018	181	0	5	2019-01-20
7983	225	179	178	2018	\N	2	2	2019-01-20
7992	225	181	135	2018	\N	3	3	2019-01-27
8000	225	175	173	2018	\N	0	0	2019-02-03
8004	225	135	183	2018	\N	1	1	2019-02-03
8011	225	174	185	2018	\N	1	1	2019-02-10
8025	225	125	173	2018	\N	0	0	2019-02-17
8033	225	180	175	2018	\N	1	1	2019-02-24
8051	225	186	181	2018	181	1	2	2019-03-10
8058	225	175	135	2018	175	2	1	2019-03-16
8069	225	186	183	2018	186	1	0	2019-03-30
8077	225	179	139	2018	139	0	2	2019-04-02
8086	225	176	173	2018	\N	0	0	2019-04-06
8094	225	125	185	2018	\N	1	1	2019-04-07
8100	225	184	174	2018	\N	0	0	2019-04-14
8104	225	182	119	2018	119	1	3	2019-04-14
8106	225	172	177	2018	172	2	0	2019-04-17
8111	225	174	186	2018	174	3	0	2019-04-20
8120	225	182	125	2018	125	0	2	2019-04-28
8125	225	181	177	2018	181	2	0	2019-04-29
8132	225	176	186	2018	\N	3	3	2019-05-05
8137	225	181	185	2018	181	2	1	2019-05-11
8155	225	125	119	2018	125	4	1	2019-05-19
8238	238	106	201	2018	106	5	0	2018-10-07
8537	251	203	215	2018	\N	1	1	2018-10-26
8621	251	214	127	2018	\N	0	0	2019-01-12
8782	269	225	226	2018	226	1	2	2018-08-18
8856	269	224	225	2018	224	3	1	2018-10-07
8861	269	225	121	2018	\N	1	1	2018-10-20
8903	269	121	118	2018	\N	1	1	2018-11-24
8956	269	134	226	2018	226	0	2	2019-01-06
8982	269	138	225	2018	138	3	0	2019-01-26
9061	269	118	224	2018	118	2	0	2019-03-30
9088	269	221	225	2018	221	2	1	2019-04-07
15619	192	262	62	2018	\N	0	0	2018-08-09
15684	192	258	62	2018	258	3	1	2018-08-23
15710	192	62	258	2018	\N	1	1	2018-08-30
15721	192	102	52	2018	52	0	1	2018-09-20
15737	192	73	183	2018	183	0	1	2018-09-20
15779	192	110	261	2018	110	2	1	2018-10-25
15806	192	63	214	2018	\N	0	0	2018-11-08
15814	192	167	92	2018	\N	1	1	2018-11-29
15822	192	425	63	2018	63	0	3	2018-11-29
15824	192	221	258	2018	221	1	0	2018-11-29
15854	192	63	97	2018	63	1	0	2018-12-13
15861	192	261	167	2018	\N	0	0	2019-02-14
15886	192	52	81	2018	52	3	0	2019-02-21
15891	192	104	111	2018	104	1	0	2019-03-07
15900	192	261	138	2018	\N	1	1	2019-03-14
15915	192	164	52	2018	\N	1	1	2019-05-02
9541	189	40	43	2019	40	2	1	2019-08-03
9552	189	49	36	2019	49	2	0	2019-08-10
9556	189	22	40	2019	\N	0	0	2019-08-10
9566	189	42	22	2019	\N	2	2	2019-08-17
9574	189	21	56	2019	21	3	0	2019-08-18
9586	189	23	21	2019	\N	1	1	2019-08-21
9589	189	49	32	2019	32	1	2	2019-08-24
9599	189	56	49	2019	49	0	2	2020-07-27
9604	189	32	29	2019	\N	1	1	2019-08-31
9612	189	49	23	2019	\N	1	1	2019-09-14
9621	189	51	26	2019	26	0	2	2019-09-15
9628	189	31	40	2019	\N	0	0	2019-09-21
9635	189	49	25	2019	49	2	0	2019-09-27
9643	189	51	37	2019	\N	1	1	2019-09-28
9648	189	25	27	2019	25	1	0	2019-10-01
9655	189	33	31	2019	\N	1	1	2019-10-02
9660	189	49	240	2019	\N	2	2	2019-10-05
9671	189	56	26	2019	\N	1	1	2019-10-18
9680	189	21	29	2019	21	1	0	2019-10-19
9687	189	37	56	2019	\N	2	2	2019-10-22
9694	189	51	38	2019	\N	0	0	2019-10-23
9698	189	38	49	2019	\N	0	0	2019-10-26
9706	189	241	31	2019	\N	2	2	2019-11-01
9719	189	30	38	2019	\N	2	2	2019-11-09
9730	189	49	30	2019	49	2	1	2019-11-22
9738	189	51	27	2019	\N	1	1	2019-11-23
9744	189	56	42	2019	56	1	0	2019-11-26
9751	189	38	241	2019	38	1	0	2019-11-27
9760	189	22	30	2019	\N	1	1	2019-11-30
9769	189	49	31	2019	31	1	2	2019-12-07
9780	189	31	37	2019	37	1	2	2019-12-10
9787	189	22	26	2019	\N	1	1	2019-12-11
9788	189	33	56	2019	33	2	1	2019-12-11
9792	189	40	38	2019	40	3	1	2019-12-14
9799	189	41	56	2019	\N	3	3	2019-12-14
9806	189	23	33	2019	\N	1	1	2019-12-21
18241	225	119	180	2020	119	2	1	2021-04-07
18242	225	139	125	2020	139	2	1	2021-04-07
18244	225	176	183	2020	183	0	2	2021-04-10
18245	225	177	173	2020	173	0	1	2021-04-10
18246	225	119	179	2020	119	1	0	2021-04-11
18248	225	186	125	2020	125	0	2	2021-04-11
18249	225	273	172	2020	172	0	1	2021-04-11
18250	225	135	174	2020	135	1	0	2021-04-11
18251	225	184	181	2020	181	2	3	2021-04-11
9814	189	36	27	2019	\N	1	1	2019-12-26
9819	189	33	40	2019	33	3	1	2020-07-29
9824	189	41	29	2019	\N	1	1	2019-12-26
9834	189	31	239	2019	31	3	0	2019-12-29
9847	189	23	41	2019	\N	1	1	2020-01-01
9854	189	38	22	2019	\N	2	2	2020-01-11
9860	189	43	49	2019	49	0	1	2020-01-11
9866	189	22	43	2019	22	1	0	2020-01-18
9875	189	241	29	2019	29	0	3	2020-01-21
9880	189	25	26	2019	25	2	1	2020-01-28
9891	189	30	31	2019	31	0	1	2020-02-01
9896	189	29	40	2019	\N	1	1	2020-02-01
9907	189	239	56	2019	56	0	1	2020-02-08
9913	189	25	38	2019	\N	2	2	2020-02-11
9921	189	42	29	2019	29	0	2	2020-02-12
9925	189	27	33	2019	\N	1	1	2020-02-15
9929	189	29	37	2019	37	0	1	2020-02-15
9931	189	41	31	2019	41	1	0	2020-02-15
9938	189	42	56	2019	42	2	0	2020-02-22
9945	189	240	239	2019	240	3	1	2020-02-22
9956	189	37	27	2019	\N	0	0	2020-02-26
9963	189	23	25	2019	25	0	1	2020-02-29
9968	189	37	31	2019	\N	1	1	2020-02-29
9973	189	40	23	2019	\N	0	0	2020-03-07
9982	189	22	36	2019	22	3	0	2020-03-08
9990	189	51	25	2019	25	0	2	2020-06-20
9996	189	29	56	2019	56	1	3	2020-06-27
10004	189	41	49	2019	41	3	0	2020-06-27
10010	189	21	33	2019	33	0	3	2020-06-30
10020	189	22	32	2019	\N	1	1	2020-07-04
10030	189	23	43	2019	23	4	2	2020-07-05
10037	189	23	22	2019	23	2	0	2020-07-08
10048	189	30	26	2019	26	0	3	2020-07-11
10055	189	23	49	2019	\N	0	0	2020-07-14
10061	189	37	36	2019	37	1	0	2020-07-14
10065	189	32	40	2019	\N	2	2	2020-07-15
10070	189	36	21	2019	36	4	3	2020-07-18
10080	189	25	49	2019	\N	1	1	2020-07-22
10088	189	239	36	2019	239	3	2	2020-07-22
10097	190	48	44	2019	48	3	1	2019-08-10
10106	190	54	60	2019	\N	1	1	2019-08-17
10110	190	57	45	2019	\N	1	1	2019-08-19
10120	190	48	47	2019	47	0	1	2019-08-25
10125	190	46	55	2019	46	3	1	2019-08-31
10134	190	45	46	2019	45	1	0	2019-09-14
10140	190	44	60	2019	\N	0	0	2019-09-16
10148	190	50	57	2019	\N	1	1	2019-09-22
10157	190	55	60	2019	\N	2	2	2019-09-28
10166	190	60	50	2019	50	1	2	2019-10-05
10175	190	48	53	2019	\N	1	1	2019-10-19
10180	190	39	63	2019	39	1	0	2019-10-21
10187	190	47	57	2019	\N	1	1	2019-10-27
10195	190	63	57	2019	\N	1	1	2019-11-02
10210	190	59	64	2019	59	3	1	2019-11-10
10217	190	55	57	2019	57	1	2	2019-11-23
10224	190	48	55	2019	48	3	2	2019-11-30
10229	190	45	44	2019	\N	2	2	2019-12-01
10243	190	53	50	2019	\N	0	0	2019-12-07
10253	190	39	44	2019	39	2	0	2019-12-14
10260	190	50	54	2019	\N	1	1	2019-12-16
10269	190	48	52	2019	52	0	2	2019-12-22
10277	190	45	47	2019	45	4	1	2019-12-26
10285	190	60	46	2019	46	1	2	2019-12-28
10294	190	53	57	2019	53	2	1	2020-01-01
10302	190	57	47	2019	\N	1	1	2020-01-11
10311	190	64	50	2019	\N	2	2	2020-01-18
10315	190	61	57	2019	57	2	3	2020-01-18
10322	190	39	64	2019	64	0	1	2020-01-21
10338	190	45	57	2019	\N	0	0	2020-02-01
10343	190	39	55	2019	39	2	1	2020-02-09
10355	190	50	47	2019	50	1	0	2020-02-22
10365	190	55	52	2019	\N	2	2	2020-02-29
10371	190	63	60	2019	63	1	0	2020-03-07
10380	190	64	63	2019	64	3	0	2020-06-17
10385	190	60	57	2019	57	0	2	2020-06-20
10392	190	48	60	2019	48	2	0	2020-06-23
10403	190	50	62	2019	62	0	1	2020-06-29
10416	190	62	39	2019	\N	1	1	2020-07-05
10424	190	64	47	2019	64	5	0	2020-07-08
10430	190	44	45	2019	45	0	3	2020-07-09
10440	190	45	61	2019	\N	2	2	2020-07-13
10447	190	46	39	2019	46	2	0	2020-07-16
10455	190	54	47	2019	\N	0	0	2020-07-20
10466	190	46	45	2019	45	0	2	2020-07-26
10531	194	102	106	2019	\N	2	2	2019-08-06
10553	194	117	89	2019	\N	2	2	2019-08-21
10566	194	123	118	2019	\N	0	0	2019-09-17
10572	194	124	134	2019	124	3	0	2019-09-18
10589	194	118	119	2019	118	2	1	2019-10-02
10600	194	64	181	2019	64	5	1	2019-10-22
10610	194	118	108	2019	\N	0	0	2019-11-05
10617	194	138	145	2019	138	4	1	2019-11-05
10625	194	167	121	2019	167	2	1	2019-11-06
10630	194	89	132	2019	132	0	6	2019-11-26
10638	194	118	123	2019	118	3	1	2019-11-27
10660	194	181	138	2019	181	4	1	2020-02-19
10738	201	146	145	2019	\N	1	1	2019-09-22
10961	210	123	162	2019	123	5	1	2019-08-17
10970	210	161	167	2019	167	1	3	2019-08-24
10981	210	167	131	2019	\N	0	0	2019-08-31
10988	210	269	166	2019	166	0	1	2019-09-14
10997	210	159	268	2019	159	2	1	2019-09-21
11004	210	165	131	2019	\N	1	1	2019-09-23
11013	210	269	159	2019	159	0	4	2019-09-29
11019	210	126	269	2019	\N	1	1	2019-10-05
11025	210	161	168	2019	161	1	0	2019-10-19
11032	210	168	269	2019	168	3	1	2019-10-25
11039	210	165	162	2019	\N	0	0	2019-10-27
11048	210	161	269	2019	161	2	0	2019-11-03
11050	210	269	131	2019	131	1	2	2019-11-08
11051	210	126	161	2019	\N	3	3	2019-11-09
11060	210	164	165	2019	165	0	2	2019-11-23
11069	210	269	162	2019	\N	1	1	2019-11-30
11078	210	123	161	2019	123	5	0	2019-12-07
11091	210	268	270	2019	\N	1	1	2019-12-14
11100	210	164	269	2019	269	2	4	2019-12-18
11107	210	132	165	2019	132	2	0	2019-12-21
11118	210	162	123	2019	123	3	5	2020-01-18
11131	210	159	126	2019	\N	0	0	2020-01-31
11138	210	269	163	2019	269	4	0	2020-02-02
11146	210	167	123	2019	167	4	3	2020-02-08
11152	210	268	159	2019	159	1	2	2020-02-15
11161	210	166	131	2019	\N	1	1	2020-02-22
11172	210	270	165	2019	\N	2	2	2020-03-01
11176	210	159	157	2019	\N	2	2	2020-03-07
11183	210	166	269	2019	166	2	1	2020-03-11
11189	210	164	166	2019	166	1	3	2020-05-16
11190	210	269	168	2019	\N	2	2	2020-05-17
11198	210	132	164	2019	132	5	2	2020-05-23
11204	210	157	166	2019	\N	0	0	2020-05-26
11210	210	270	168	2019	\N	1	1	2020-05-27
11221	210	163	166	2019	163	1	0	2020-06-05
11228	210	270	126	2019	\N	1	1	2020-06-07
11235	210	268	157	2019	157	1	5	2020-06-13
11244	210	123	168	2019	168	0	2	2020-06-17
11251	210	132	163	2019	132	3	1	2020-06-20
11262	210	163	126	2019	163	4	0	2020-06-27
11269	225	184	125	2019	125	3	4	2019-08-24
11276	225	175	181	2019	181	2	3	2019-08-25
11298	225	179	185	2019	179	3	1	2019-09-20
11308	225	273	177	2019	\N	0	0	2019-09-24
11318	225	139	175	2019	139	2	0	2019-09-28
11329	225	273	186	2019	273	2	0	2019-10-05
11332	225	135	179	2019	\N	1	1	2019-10-06
11337	225	172	181	2019	\N	3	3	2019-10-19
11345	225	183	274	2019	\N	2	2	2019-10-20
11350	225	185	272	2019	185	3	1	2019-10-26
11355	225	135	183	2019	135	2	1	2019-10-27
11364	225	179	174	2019	179	3	2	2019-10-30
11374	225	184	176	2019	\N	1	1	2019-11-03
11382	225	172	274	2019	172	4	2	2019-11-10
11388	225	183	125	2019	\N	1	1	2019-11-23
11403	225	176	183	2019	183	0	1	2019-12-01
11410	225	172	139	2019	172	3	1	2019-12-07
11424	225	135	175	2019	135	3	1	2019-12-15
11434	225	176	272	2019	\N	1	1	2019-12-22
11443	225	183	186	2019	\N	0	0	2020-01-06
11453	225	173	174	2019	173	1	0	2020-01-12
11462	225	272	179	2019	\N	2	2	2020-01-19
11470	225	173	181	2019	181	0	7	2020-01-25
11473	225	186	180	2019	\N	0	0	2020-01-26
11480	225	139	184	2019	139	3	0	2020-02-02
11487	225	172	273	2019	\N	0	0	2020-02-05
11496	225	176	172	2019	172	0	1	2020-02-09
11507	225	183	173	2019	183	1	0	2020-02-17
11514	225	172	174	2019	172	2	0	2020-02-29
11534	225	185	176	2019	176	1	4	2020-06-23
11541	225	172	184	2019	172	2	1	2020-06-27
11551	225	174	179	2019	\N	1	1	2020-07-01
11561	225	119	174	2019	174	1	2	2020-07-05
11570	225	184	179	2019	\N	0	0	2020-07-08
11580	225	139	181	2019	\N	2	2	2020-07-11
11585	225	179	274	2019	\N	0	0	2020-07-12
11591	225	186	179	2019	186	3	0	2020-07-15
11598	225	273	181	2019	\N	1	1	2020-07-18
11606	225	135	119	2019	\N	2	2	2020-07-19
11610	225	176	125	2019	176	2	1	2020-07-22
11613	225	173	273	2019	\N	1	1	2020-07-22
11623	225	135	184	2019	135	2	1	2020-07-26
11634	225	180	185	2019	180	5	0	2020-07-29
11644	225	174	173	2019	\N	1	1	2020-08-02
11910	251	214	212	2019	212	2	3	2019-08-31
11915	251	212	203	2019	\N	1	1	2019-09-08
11986	251	215	212	2019	215	2	0	2019-12-02
12063	251	111	215	2019	215	0	1	2020-02-15
12188	269	138	226	2019	\N	1	1	2019-08-17
12268	269	121	138	2019	\N	1	1	2019-10-19
12287	269	138	231	2019	\N	1	1	2019-10-30
12297	269	231	121	2019	\N	1	1	2019-11-02
12314	269	221	231	2019	231	1	2	2019-11-10
12347	269	226	118	2019	\N	2	2	2019-12-14
12352	269	224	221	2019	\N	2	2	2019-12-15
12385	269	118	282	2019	118	1	0	2020-01-19
12442	269	224	121	2019	\N	1	1	2020-03-01
12448	269	118	226	2019	118	1	0	2020-03-07
12467	269	221	282	2019	\N	2	2	2020-06-15
12495	269	221	224	2019	221	1	0	2020-06-25
12502	269	225	138	2019	225	2	0	2020-06-28
12545	269	282	134	2019	134	1	2	2020-07-13
12562	269	231	138	2019	231	1	0	2020-07-19
16531	192	255	253	2019	253	1	3	2019-08-13
16565	192	84	105	2019	84	3	0	2019-08-22
16590	192	296	386	2019	\N	1	1	2019-08-29
16631	192	84	386	2019	386	1	2	2019-10-03
16638	192	262	166	2019	\N	1	1	2019-10-03
16642	192	201	45	2019	\N	0	0	2019-10-03
16664	192	307	215	2019	215	1	2	2019-10-24
16669	192	109	259	2019	\N	1	1	2019-10-24
16678	192	164	110	2019	164	2	1	2019-10-24
16684	192	259	109	2019	\N	1	1	2019-11-07
16694	192	224	92	2019	224	6	0	2019-11-07
16701	192	215	307	2019	215	3	1	2019-11-07
16715	192	215	57	2019	\N	3	3	2019-11-28
16725	192	203	110	2019	\N	1	1	2019-11-28
16746	192	135	489	2019	\N	2	2	2019-12-12
16763	192	201	263	2019	\N	1	1	2020-02-20
18253	225	186	273	2020	186	3	1	2021-04-17
18254	225	314	177	2020	177	1	2	2021-04-17
18255	225	180	184	2020	180	3	1	2021-04-17
18256	225	179	176	2020	179	4	3	2021-04-17
18257	225	183	185	2020	183	2	1	2021-04-18
12956	189	241	239	2020	239	0	1	2020-09-12
12972	189	287	40	2020	40	0	2	2020-09-26
12978	189	37	33	2020	\N	1	1	2020-09-26
12985	189	40	37	2020	40	2	1	2020-10-03
12992	189	33	29	2020	29	2	4	2020-10-04
12999	189	33	288	2020	33	2	0	2020-10-17
13005	189	29	56	2020	56	0	1	2020-10-18
13012	189	21	287	2020	21	1	0	2020-10-20
13015	189	56	55	2020	\N	1	1	2020-10-21
13016	189	53	36	2020	53	3	1	2020-10-21
13019	189	53	55	2020	\N	1	1	2020-10-24
13026	189	56	38	2020	\N	1	1	2020-10-24
13034	189	33	28	2020	\N	1	1	2020-10-27
13039	189	239	32	2020	\N	1	1	2020-10-28
13052	189	55	22	2020	\N	1	1	2020-10-31
13058	189	36	38	2020	\N	0	0	2020-11-03
13071	189	32	287	2020	32	2	0	2020-11-07
13076	189	53	288	2020	53	3	2	2020-11-07
13082	189	42	51	2020	42	4	3	2020-11-21
13093	189	287	51	2020	\N	0	0	2020-11-24
13100	189	31	53	2020	\N	0	0	2020-11-25
13107	189	22	287	2020	\N	1	1	2020-11-28
13112	189	34	55	2020	\N	2	2	2020-11-28
13122	189	32	53	2020	\N	0	0	2020-12-02
13131	189	29	287	2020	\N	2	2	2020-12-05
13139	189	51	26	2020	51	2	0	2020-12-08
13144	189	29	38	2020	29	3	0	2020-12-09
13155	189	22	42	2020	\N	0	0	2020-12-12
13157	189	38	37	2020	38	3	0	2020-12-12
13160	189	34	31	2020	34	2	0	2020-12-12
13168	189	22	40	2020	22	2	0	2020-12-16
13178	189	27	38	2020	38	1	4	2020-12-19
13190	189	56	33	2020	33	2	3	2020-12-26
13198	189	29	288	2020	29	2	0	2020-12-29
13206	189	26	22	2020	26	1	0	2021-01-01
13217	189	38	27	2020	27	0	1	2021-01-16
13226	189	22	55	2020	22	1	0	2021-01-19
13237	189	30	22	2020	22	0	1	2021-01-23
13244	189	40	33	2020	\N	1	1	2021-01-27
13248	189	56	37	2020	\N	1	1	2021-01-30
13254	189	22	31	2020	22	1	0	2021-01-30
13261	189	287	27	2020	\N	0	0	2021-02-02
13268	189	38	33	2020	33	1	4	2021-02-06
13277	189	21	33	2020	33	1	3	2021-02-10
13288	189	29	53	2020	53	0	1	2021-02-16
13297	189	37	27	2020	37	2	0	2021-02-17
13305	189	32	36	2020	32	1	0	2021-02-20
13324	189	22	32	2020	\N	1	1	2021-02-26
13330	189	29	51	2020	29	3	0	2021-02-27
13341	189	21	36	2020	21	1	0	2021-03-02
13352	189	28	239	2020	28	3	0	2021-03-06
13360	189	30	287	2020	30	1	0	2021-03-09
13367	189	22	37	2020	37	0	1	2021-03-13
13375	189	56	42	2020	\N	0	0	2021-03-16
13384	189	26	51	2020	\N	1	1	2021-03-17
13390	189	288	287	2020	\N	0	0	2021-03-20
13400	190	23	46	2020	46	0	3	2020-09-13
13415	190	50	58	2020	58	1	2	2020-09-26
13422	190	49	44	2020	44	0	3	2020-09-28
13433	190	44	59	2020	44	7	2	2020-10-04
13436	190	64	63	2020	64	1	0	2020-10-17
13438	190	39	49	2020	\N	1	1	2020-10-18
13443	190	41	57	2020	57	0	1	2020-10-19
13448	190	59	39	2020	59	2	1	2020-10-24
13455	190	39	64	2020	64	0	1	2020-10-31
13477	190	45	23	2020	45	1	0	2020-11-21
13484	190	50	47	2020	47	0	2	2020-11-27
13491	190	63	57	2020	57	1	2	2020-11-29
13502	190	54	61	2020	61	1	2	2020-12-07
13510	190	49	59	2020	\N	1	1	2020-12-13
13516	190	46	58	2020	58	0	2	2020-12-16
13521	190	44	62	2020	\N	0	0	2020-12-17
13528	190	48	46	2020	46	0	2	2020-12-20
13535	190	44	50	2020	44	3	0	2020-12-26
13542	190	57	48	2020	\N	1	1	2020-12-27
13545	190	23	41	2020	41	0	5	2020-12-29
13552	190	45	44	2020	45	2	1	2021-01-01
13563	190	64	54	2020	64	1	0	2021-01-13
13570	190	46	61	2020	46	2	0	2021-01-16
13586	190	52	57	2020	\N	0	0	2021-01-27
13592	190	64	39	2020	64	1	0	2021-01-30
13599	190	60	59	2020	59	1	3	2021-01-31
13613	190	62	54	2020	\N	1	1	2021-02-06
13617	190	57	46	2020	\N	0	0	2021-02-07
13626	190	23	45	2020	\N	1	1	2021-02-14
13635	190	62	23	2020	\N	0	0	2021-02-20
13646	190	41	44	2020	44	0	1	2021-02-27
13651	190	52	45	2020	\N	0	0	2021-02-28
13658	190	23	58	2020	58	0	1	2021-03-04
13665	190	23	47	2020	\N	0	0	2021-03-07
13673	190	41	52	2020	\N	0	0	2021-03-13
13716	194	109	201	2020	109	2	0	2020-09-15
13740	194	172	123	2020	172	3	1	2020-10-20
13747	194	119	166	2020	\N	2	2	2020-10-21
13764	194	122	172	2020	\N	1	1	2020-10-28
13819	194	146	231	2020	231	1	3	2020-12-08
13828	194	134	166	2020	134	2	0	2020-12-09
13839	194	181	134	2020	134	0	1	2021-02-24
13846	194	132	172	2020	132	2	1	2021-03-17
14145	210	157	159	2020	159	1	4	2020-09-19
14152	210	313	269	2020	313	1	0	2020-09-26
14159	210	270	168	2020	270	4	0	2020-10-02
14167	210	132	159	2020	132	4	3	2020-10-04
14175	210	269	164	2020	\N	1	1	2020-10-18
14178	210	132	164	2020	132	5	0	2020-10-24
14185	210	167	162	2020	167	3	1	2020-10-26
14192	210	163	167	2020	167	2	4	2020-11-01
14197	210	168	126	2020	\N	2	2	2020-11-07
14206	210	132	157	2020	\N	1	1	2020-11-21
14210	210	159	123	2020	123	2	5	2020-11-21
14218	210	170	313	2020	170	2	1	2020-11-28
14227	210	132	170	2020	\N	3	3	2020-12-05
14237	210	270	132	2020	\N	1	1	2020-12-12
14242	210	159	168	2020	\N	0	0	2020-12-15
14251	210	166	131	2020	131	1	2	2020-12-19
14262	210	131	163	2020	163	1	3	2021-01-02
14272	210	270	165	2020	\N	2	2	2021-01-09
14278	210	123	168	2020	\N	1	1	2021-01-16
14279	210	157	162	2020	157	2	0	2021-01-16
14283	210	132	163	2020	132	2	1	2021-01-17
14293	210	170	270	2020	170	1	0	2021-01-20
14306	210	157	126	2020	\N	1	1	2021-01-30
14317	210	162	165	2020	165	0	2	2021-02-06
14323	210	157	163	2020	\N	0	0	2021-02-13
14327	210	165	166	2020	\N	0	0	2021-02-14
14336	210	159	170	2020	170	0	3	2021-02-21
14345	210	168	162	2020	162	0	1	2021-02-28
14352	210	131	165	2020	131	2	1	2021-03-06
14359	210	165	126	2020	165	5	0	2021-03-13
14368	210	164	270	2020	164	5	2	2021-03-20
14377	225	139	186	2020	139	3	0	2020-09-20
14388	225	174	176	2020	174	4	1	2020-09-28
14399	225	183	316	2020	183	3	0	2020-10-04
14413	225	172	174	2020	172	2	1	2020-10-24
14418	225	139	273	2020	\N	1	1	2020-10-25
14422	225	174	179	2020	174	3	2	2020-10-31
14431	225	180	177	2020	\N	0	0	2020-11-06
14436	225	181	119	2020	\N	1	1	2020-11-08
14441	225	314	172	2020	172	0	2	2020-11-21
14452	225	315	139	2020	\N	1	1	2020-11-28
14459	225	173	186	2020	\N	2	2	2020-11-30
14466	225	176	315	2020	\N	0	0	2020-12-06
14475	225	125	186	2020	125	2	1	2020-12-13
14481	225	315	172	2020	\N	1	1	2020-12-15
14485	225	176	179	2020	\N	0	0	2020-12-16
14497	225	315	185	2020	315	2	0	2020-12-20
14508	225	174	181	2020	\N	2	2	2020-12-23
14516	225	185	172	2020	\N	1	1	2021-01-03
14525	225	174	177	2020	\N	2	2	2021-01-06
14535	225	177	125	2020	125	1	2	2021-01-10
14545	225	180	176	2020	\N	1	1	2021-01-17
14551	225	315	173	2020	\N	2	2	2021-01-22
14559	225	172	180	2020	172	2	1	2021-01-24
14561	225	173	184	2020	\N	1	1	2021-01-29
14572	225	181	173	2020	\N	3	3	2021-02-06
14581	225	174	315	2020	\N	1	1	2021-02-12
14590	225	273	176	2020	273	2	1	2021-02-15
14596	225	176	177	2020	\N	2	2	2021-02-21
14602	225	174	172	2020	174	2	0	2021-02-27
14611	225	180	125	2020	\N	3	3	2021-03-03
14618	225	176	119	2020	119	1	2	2021-03-04
14625	225	314	173	2020	314	4	2	2021-03-07
14634	225	174	186	2020	174	3	1	2021-03-14
15027	251	111	203	2020	\N	0	0	2021-02-05
15041	251	203	212	2020	212	1	3	2021-02-13
15112	269	226	138	2020	138	0	1	2020-09-29
15122	269	121	225	2020	\N	0	0	2020-10-03
15173	269	225	134	2020	\N	1	1	2020-11-21
15312	269	225	221	2020	221	1	2	2021-02-14
15335	269	134	226	2020	\N	1	1	2021-03-01
17330	192	212	183	2020	\N	2	2	2020-10-01
17342	192	125	201	2020	201	0	1	2020-10-22
17404	192	145	183	2020	\N	1	1	2020-11-26
17461	192	102	282	2020	\N	0	0	2020-12-10
17479	192	89	183	2020	\N	2	2	2021-02-18
18258	225	172	315	2020	172	5	3	2021-04-18
18259	225	181	139	2020	181	1	0	2021-04-18
17503	192	46	108	2020	108	0	2	2021-02-25
17510	192	45	183	2020	\N	1	1	2021-03-11
17519	192	296	282	2020	296	2	1	2021-03-18
17857	190	52	23	2020	23	2	5	2021-04-03
17858	190	41	39	2020	41	2	1	2021-04-03
17859	190	46	64	2020	64	0	2	2021-04-03
17860	190	63	59	2020	59	0	3	2021-04-03
17862	201	124	145	2020	145	0	1	2021-04-03
17864	210	123	164	2020	164	1	2	2021-04-03
17865	210	167	126	2020	167	2	1	2021-04-03
17866	210	165	269	2020	165	1	0	2021-04-03
17867	210	168	313	2020	\N	1	1	2021-04-03
17868	210	162	131	2020	162	2	1	2021-04-03
17869	210	170	132	2020	132	0	1	2021-04-03
17870	210	166	163	2020	166	2	1	2021-04-03
17871	225	183	186	2020	\N	1	1	2021-04-03
17872	225	125	314	2020	125	4	3	2021-04-03
17873	225	172	316	2020	172	2	1	2021-04-03
17874	225	181	177	2020	181	3	2	2021-04-03
17875	225	179	273	2020	273	0	2	2021-04-03
17876	225	185	184	2020	\N	1	1	2021-04-03
17877	225	180	135	2020	\N	2	2	2021-04-03
17878	225	315	176	2020	\N	2	2	2021-04-03
17879	225	173	139	2020	\N	2	2	2021-04-03
17880	225	174	119	2020	119	0	1	2021-04-03
17887	269	282	225	2020	225	0	3	2021-04-03
17894	189	38	53	2020	\N	1	1	2021-04-05
17895	189	36	55	2020	55	0	2	2021-04-05
17896	189	40	29	2020	29	0	1	2021-04-05
17897	189	42	37	2020	37	1	2	2021-04-05
17898	189	32	30	2020	32	3	1	2021-04-05
17899	189	239	241	2020	241	1	2	2021-04-05
17901	189	21	22	2020	21	3	1	2021-04-05
17902	189	34	287	2020	287	0	3	2021-04-05
17903	189	26	56	2020	26	5	0	2021-04-05
17904	189	33	27	2020	\N	0	0	2021-04-06
17905	189	28	51	2020	28	7	0	2021-04-06
17906	190	61	62	2020	61	3	2	2021-04-04
17907	190	47	48	2020	\N	2	2	2021-04-04
17908	190	44	49	2020	44	3	1	2021-04-04
17909	190	45	54	2020	45	2	1	2021-04-04
17910	190	58	50	2020	\N	1	1	2021-04-05
17911	190	57	60	2020	60	2	3	2021-04-05
17912	194	64	123	2020	64	2	1	2021-04-06
17913	194	134	59	2020	134	3	1	2021-04-06
17921	210	169	157	2020	169	1	0	2021-04-04
17922	210	270	159	2020	\N	1	1	2021-04-04
17937	269	231	121	2020	231	1	0	2021-04-04
12963	189	26	53	2020	\N	0	0	2020-09-19
13088	189	241	32	2020	241	2	0	2020-11-21
13184	189	287	30	2020	\N	1	1	2020-12-19
13315	189	239	37	2020	\N	1	1	2021-02-23
17900	189	288	31	2020	288	3	1	2021-04-05
17943	189	53	21	2020	53	2	0	2021-04-09
17944	189	37	40	2020	40	0	3	2021-04-10
17945	189	30	26	2020	30	4	1	2021-04-10
17946	189	27	42	2020	27	2	0	2021-04-10
17947	189	22	28	2020	28	0	1	2021-04-10
17948	189	29	33	2020	33	0	5	2021-04-10
17949	189	31	32	2020	\N	0	0	2021-04-10
17950	189	51	34	2020	\N	0	0	2021-04-10
17951	189	56	36	2020	\N	2	2	2021-04-10
17952	189	241	38	2020	241	2	0	2021-04-10
17953	189	55	288	2020	55	4	1	2021-04-10
17954	189	287	239	2020	239	1	3	2021-04-10
17955	189	51	55	2020	55	1	2	2021-04-13
17956	189	26	40	2020	40	0	2	2021-04-13
17957	189	34	30	2020	34	3	1	2021-04-13
17958	189	34	288	2020	288	0	1	2021-04-15
17961	189	40	287	2020	\N	2	2	2021-04-17
17962	189	42	29	2020	\N	0	0	2021-04-17
17963	189	32	51	2020	51	0	2	2021-04-17
17964	189	26	31	2020	\N	1	1	2021-04-17
17965	189	38	30	2020	30	1	2	2021-04-17
17966	189	33	37	2020	\N	0	0	2021-04-17
17967	189	239	53	2020	239	1	0	2021-04-17
17968	189	28	55	2020	55	1	3	2021-04-17
17969	189	34	27	2020	27	0	1	2021-04-18
17970	189	288	241	2020	288	2	0	2021-04-18
17971	189	28	53	2020	53	0	1	2021-04-20
17973	189	40	30	2020	30	0	1	2021-04-20
17974	189	26	36	2020	26	1	0	2021-04-20
17976	189	37	55	2020	55	1	4	2021-04-21
17977	189	34	38	2020	38	1	2	2021-04-21
17978	189	287	31	2020	287	2	1	2021-04-21
17979	189	42	288	2020	288	2	3	2021-04-21
17980	189	27	32	2020	\N	1	1	2021-04-21
17981	189	51	241	2020	241	0	1	2021-04-21
17982	189	239	21	2020	\N	0	0	2021-04-21
17983	189	55	33	2020	33	0	1	2021-04-24
17984	189	36	51	2020	36	5	2	2021-04-24
17985	189	30	28	2020	28	1	3	2021-04-24
17986	189	32	42	2020	\N	1	1	2021-04-24
17987	189	22	27	2020	27	1	2	2021-04-24
17988	189	38	26	2020	38	3	1	2021-04-24
17989	189	56	287	2020	56	2	1	2021-04-24
17991	189	53	37	2020	53	1	0	2021-04-24
17992	189	241	34	2020	241	1	0	2021-04-24
17993	189	21	40	2020	\N	2	2	2021-04-25
17994	189	31	239	2020	239	2	3	2021-04-25
17995	189	33	34	2020	33	1	0	2021-04-27
17996	189	40	22	2020	40	2	1	2021-05-01
17997	189	42	30	2020	30	0	2	2021-05-01
17998	189	28	21	2020	28	4	1	2021-05-01
17999	189	27	56	2020	56	0	4	2021-05-01
18000	189	26	32	2020	\N	0	0	2021-05-01
18001	189	29	241	2020	29	2	0	2021-05-01
18002	189	51	288	2020	\N	1	1	2021-05-01
18003	189	33	53	2020	33	2	0	2021-05-01
18004	189	239	38	2020	\N	1	1	2021-05-01
18006	189	34	36	2020	\N	1	1	2021-05-01
18007	189	287	55	2020	287	1	0	2021-05-01
18008	189	239	34	2020	\N	0	0	2021-05-04
18009	189	36	27	2020	\N	\N	\N	2021-05-08
18010	189	30	239	2020	\N	\N	\N	2021-05-08
18011	189	32	29	2020	\N	\N	\N	2021-05-08
18012	189	22	26	2020	\N	\N	\N	2021-05-08
18013	189	38	287	2020	\N	\N	\N	2021-05-08
18014	189	31	33	2020	\N	\N	\N	2021-05-08
18015	189	56	34	2020	\N	\N	\N	2021-05-08
18016	189	288	37	2020	\N	\N	\N	2021-05-08
18017	189	53	40	2020	\N	\N	\N	2021-05-08
18018	189	241	28	2020	\N	\N	\N	2021-05-08
18019	189	21	51	2020	\N	\N	\N	2021-05-08
13466	190	58	45	2020	45	1	3	2020-11-07
18021	190	44	58	2020	\N	\N	\N	2021-05-13
13577	190	64	44	2020	64	2	0	2021-01-20
18022	190	49	57	2020	57	0	1	2021-04-09
18023	190	64	41	2020	41	1	2	2021-04-10
18024	190	59	44	2020	59	2	1	2021-04-10
18025	190	50	52	2020	52	0	2	2021-04-10
18026	190	62	47	2020	47	1	2	2021-04-11
18027	190	60	46	2020	60	3	2	2021-04-11
18028	190	48	45	2020	45	1	3	2021-04-11
18029	190	39	63	2020	63	0	3	2021-04-11
18030	190	23	61	2020	23	3	0	2021-04-12
18031	190	54	58	2020	\N	0	0	2021-04-12
18032	190	58	48	2020	\N	2	2	2021-04-16
18034	190	47	60	2020	47	3	2	2021-04-17
18035	190	57	39	2020	57	1	0	2021-04-17
18036	190	63	49	2020	\N	1	1	2021-04-18
18037	190	45	62	2020	45	3	1	2021-04-18
18038	190	41	59	2020	\N	1	1	2021-04-19
18039	190	52	54	2020	\N	0	0	2021-04-20
18040	190	48	61	2020	48	2	1	2021-04-21
18041	190	44	64	2020	64	1	2	2021-04-21
18042	190	46	23	2020	46	3	0	2021-04-22
18043	190	63	58	2020	58	0	1	2021-04-23
18044	190	59	47	2020	\N	1	1	2021-04-24
18045	190	60	52	2020	52	0	1	2021-04-24
18046	190	39	54	2020	39	1	0	2021-04-24
18047	190	57	62	2020	62	0	4	2021-04-25
18049	190	44	23	2020	\N	2	2	2021-04-25
18050	190	46	50	2020	46	2	1	2021-04-26
18051	190	47	63	2020	63	0	2	2021-05-02
18052	190	52	49	2020	52	2	0	2021-05-01
18053	190	48	39	2020	48	4	0	2021-05-02
18054	190	58	44	2020	44	1	2	2021-05-01
18055	190	23	57	2020	\N	1	1	2021-05-03
18056	190	45	59	2020	\N	\N	\N	2021-05-02
18057	190	62	60	2020	60	1	2	2021-05-03
18059	190	50	64	2020	64	0	2	2021-05-01
18060	190	54	41	2020	54	2	0	2021-05-01
18061	190	57	54	2020	\N	\N	\N	2021-05-09
18062	190	49	62	2020	\N	\N	\N	2021-05-10
18064	190	59	61	2020	\N	\N	\N	2021-05-08
18065	190	64	52	2020	\N	\N	\N	2021-05-08
18066	190	63	23	2020	\N	\N	\N	2021-05-09
18067	190	39	50	2020	\N	\N	\N	2021-05-08
18069	190	60	58	2020	\N	\N	\N	2021-05-09
18070	190	41	48	2020	\N	\N	\N	2021-05-08
18071	190	58	39	2020	\N	\N	\N	2021-05-16
18072	190	62	41	2020	\N	\N	\N	2021-05-15
18073	190	54	60	2020	\N	\N	\N	2021-05-15
18074	190	23	59	2020	\N	\N	\N	2021-05-16
18075	190	45	46	2020	\N	\N	\N	2021-05-12
18077	190	47	64	2020	\N	\N	\N	2021-05-14
18078	190	52	63	2020	\N	\N	\N	2021-05-12
18079	190	48	57	2020	\N	\N	\N	2021-05-16
18080	190	61	49	2020	\N	\N	\N	2021-05-15
18081	190	47	39	2020	\N	\N	\N	2021-05-19
18082	190	52	46	2020	\N	\N	\N	2021-05-19
18083	190	48	44	2020	\N	\N	\N	2021-05-19
18084	190	58	57	2020	\N	\N	\N	2021-05-19
18085	190	23	60	2020	\N	\N	\N	2021-05-19
18086	190	45	49	2020	\N	\N	\N	2021-05-19
18087	190	62	59	2020	\N	\N	\N	2021-05-19
18088	190	61	41	2020	\N	\N	\N	2021-05-19
18089	190	50	63	2020	\N	\N	\N	2021-05-19
18090	190	54	64	2020	\N	\N	\N	2021-05-19
18092	190	44	52	2020	\N	\N	\N	2021-05-23
18093	190	59	50	2020	\N	\N	\N	2021-05-23
18094	190	64	58	2020	\N	\N	\N	2021-05-23
18095	190	63	54	2020	\N	\N	\N	2021-05-23
18096	190	39	62	2020	\N	\N	\N	2021-05-23
18097	190	46	48	2020	\N	\N	\N	2021-05-23
18098	190	60	61	2020	\N	\N	\N	2021-05-23
18099	190	41	23	2020	\N	\N	\N	2021-05-23
18100	190	57	45	2020	\N	\N	\N	2021-05-23
13781	194	118	109	2020	118	2	1	2020-11-04
18101	194	127	52	2020	52	0	2	2021-04-07
18102	194	132	124	2020	124	2	3	2021-04-07
18103	194	52	127	2020	127	0	1	2021-04-13
18104	194	124	132	2020	132	0	1	2021-04-13
18105	194	123	64	2020	64	1	2	2021-04-14
18148	201	146	124	2020	\N	\N	\N	2021-05-09
18260	225	174	316	2020	174	4	1	2021-04-18
18261	225	173	135	2020	173	3	1	2021-04-18
18262	225	125	119	2020	\N	1	1	2021-04-18
18263	225	273	184	2020	184	1	2	2021-04-20
18264	225	183	180	2020	180	1	2	2021-04-21
18265	225	139	176	2020	139	3	1	2021-04-21
18266	225	177	179	2020	179	0	1	2021-04-21
18267	225	174	173	2020	\N	1	1	2021-04-21
18268	225	185	315	2020	\N	2	2	2021-04-21
18269	225	316	119	2020	\N	1	1	2021-04-21
18270	225	314	186	2020	186	0	1	2021-04-21
18271	225	135	181	2020	\N	1	1	2021-04-22
18272	225	125	172	2020	125	5	2	2021-04-22
18273	225	185	316	2020	185	2	0	2021-04-24
18274	225	176	314	2020	314	3	4	2021-04-24
18275	225	180	186	2020	180	1	0	2021-04-24
18277	225	119	273	2020	119	1	0	2021-04-25
18278	225	184	139	2020	\N	1	1	2021-04-25
18280	225	181	174	2020	181	5	0	2021-04-25
18281	225	173	125	2020	125	0	2	2021-04-26
18282	225	172	183	2020	172	3	0	2021-04-26
18283	225	273	316	2020	\N	1	1	2021-05-01
18284	225	314	119	2020	119	0	2	2021-05-01
18285	225	183	315	2020	183	2	0	2021-05-01
18286	225	172	185	2020	172	4	3	2021-05-02
18288	225	174	184	2020	\N	3	3	2021-05-02
18289	225	180	181	2020	\N	1	1	2021-05-02
18290	225	177	139	2020	139	1	2	2021-05-02
18291	225	186	135	2020	186	2	0	2021-05-02
18292	225	173	176	2020	173	1	0	2021-05-03
18293	225	119	186	2020	\N	\N	\N	2021-05-08
18294	225	184	172	2020	\N	\N	\N	2021-05-08
18295	225	135	314	2020	\N	\N	\N	2021-05-09
18296	225	176	181	2020	\N	\N	\N	2021-05-09
18297	225	177	174	2020	\N	\N	\N	2021-05-08
18298	225	185	180	2020	\N	\N	\N	2021-05-09
18299	225	316	125	2020	\N	\N	\N	2021-05-08
18300	225	273	173	2020	\N	\N	\N	2021-05-09
18301	225	315	179	2020	\N	\N	\N	2021-05-09
18303	225	125	177	2020	\N	\N	\N	2021-05-11
18304	225	172	176	2020	\N	\N	\N	2021-05-12
18305	225	181	315	2020	\N	\N	\N	2021-05-12
18306	225	186	316	2020	\N	\N	\N	2021-05-12
18307	225	179	184	2020	\N	\N	\N	2021-05-12
18308	225	173	183	2020	\N	\N	\N	2021-05-12
18309	225	174	185	2020	\N	\N	\N	2021-05-12
18310	225	180	139	2020	\N	\N	\N	2021-05-12
18311	225	314	273	2020	\N	\N	\N	2021-05-13
18312	225	119	135	2020	\N	\N	\N	2021-05-12
18313	225	184	125	2020	\N	\N	\N	2021-05-16
18314	225	135	172	2020	\N	\N	\N	2021-05-15
18315	225	183	179	2020	\N	\N	\N	2021-05-16
18316	225	176	180	2020	\N	\N	\N	2021-05-16
18318	225	185	181	2020	\N	\N	\N	2021-05-15
18319	225	316	173	2020	\N	\N	\N	2021-05-15
18320	225	273	174	2020	\N	\N	\N	2021-05-17
18321	225	315	314	2020	\N	\N	\N	2021-05-16
18322	225	139	119	2020	\N	\N	\N	2021-05-15
18323	225	125	273	2020	\N	\N	\N	2021-05-23
18324	225	119	177	2020	\N	\N	\N	2021-05-23
18325	225	181	183	2020	\N	\N	\N	2021-05-23
18326	225	186	176	2020	\N	\N	\N	2021-05-23
18327	225	179	185	2020	\N	\N	\N	2021-05-23
18328	225	173	315	2020	\N	\N	\N	2021-05-23
18329	225	174	139	2020	\N	\N	\N	2021-05-23
18330	225	316	135	2020	\N	\N	\N	2021-05-23
18331	225	180	172	2020	\N	\N	\N	2021-05-23
14854	238	116	106	2020	\N	1	1	2021-02-28
18351	238	106	201	2020	106	2	0	2021-04-25
18404	251	212	215	2020	\N	0	0	2021-04-17
18416	251	215	214	2020	214	0	1	2021-04-25
18436	251	212	214	2020	\N	\N	\N	2021-05-05
18437	251	111	127	2020	\N	\N	\N	2021-05-06
18454	251	212	127	2020	\N	\N	\N	2021-05-15
18455	251	111	214	2020	\N	\N	\N	2021-05-15
18465	251	203	111	2020	\N	\N	\N	2021-05-19
15207	269	221	225	2020	\N	1	1	2020-12-13
18474	269	134	118	2020	134	2	1	2021-04-10
18476	269	138	226	2020	\N	2	2	2021-04-11
18478	269	221	121	2020	\N	1	1	2021-04-11
18481	269	226	231	2020	231	1	2	2021-04-18
18503	269	225	118	2020	118	1	2	2021-04-25
18504	269	231	282	2020	231	2	1	2021-04-25
18508	269	118	282	2020	282	1	2	2021-04-29
18511	269	138	118	2020	118	2	3	2021-05-02
18521	269	118	121	2020	\N	\N	\N	2021-05-08
18526	269	221	282	2020	\N	\N	\N	2021-05-10
18530	269	121	226	2020	\N	\N	\N	2021-05-12
18533	269	231	138	2020	\N	\N	\N	2021-05-12
18534	269	282	134	2020	\N	\N	\N	2021-05-13
18550	269	134	225	2020	\N	\N	\N	2021-05-23
17454	192	309	296	2020	\N	2	2	2020-12-10
17504	192	135	215	2020	135	3	1	2021-02-25
18560	192	282	45	2020	45	0	2	2021-04-08
18562	192	106	135	2020	135	1	2	2021-04-08
18563	192	104	225	2020	225	0	1	2021-04-08
18564	192	45	282	2020	45	2	0	2021-04-15
18565	192	108	63	2020	63	0	4	2021-04-15
18566	192	135	106	2020	\N	1	1	2021-04-15
18567	192	225	104	2020	225	2	1	2021-04-15
13017	189	42	241	2020	\N	2	2	2020-10-21
13158	189	239	29	2020	239	3	0	2020-12-12
13298	189	241	36	2020	241	2	1	2021-02-17
17856	189	51	33	2020	\N	1	1	2021-04-03
17960	189	36	22	2020	36	2	1	2021-04-16
17975	189	29	22	2020	29	3	0	2021-04-20
17990	189	288	29	2020	29	0	1	2021-04-24
18005	189	37	31	2020	37	4	1	2021-05-01
18020	189	55	42	2020	\N	\N	\N	2021-05-08
13437	190	47	45	2020	45	1	4	2020-10-17
13578	190	49	45	2020	45	1	2	2021-01-20
18033	190	61	50	2020	\N	\N	\N	2021-05-11
18048	190	41	45	2020	\N	0	0	2021-04-25
18063	190	44	45	2020	\N	\N	\N	2021-05-09
18068	190	46	47	2020	\N	\N	\N	2021-05-07
18076	190	50	44	2020	\N	\N	\N	2021-05-16
18091	190	49	47	2020	\N	\N	\N	2021-05-23
13717	194	102	111	2020	102	2	1	2020-09-15
13805	194	127	64	2020	\N	0	0	2020-12-01
18106	194	59	134	2020	\N	0	0	2021-04-14
14223	210	269	165	2020	\N	2	2	2020-12-05
18177	210	313	163	2020	313	1	0	2021-04-09
18178	210	164	165	2020	164	4	3	2021-04-10
18179	210	157	170	2020	170	1	4	2021-04-10
18180	210	159	166	2020	\N	2	2	2021-04-10
18181	210	132	270	2020	\N	1	1	2021-04-10
18182	210	169	123	2020	169	1	0	2021-04-10
18183	210	126	162	2020	126	1	0	2021-04-11
18184	210	269	168	2020	168	2	3	2021-04-11
18185	210	131	167	2020	\N	0	0	2021-04-12
18186	210	170	131	2020	\N	0	0	2021-04-16
18187	210	166	164	2020	166	4	0	2021-04-17
18188	210	163	126	2020	163	4	0	2021-04-17
18189	210	165	132	2020	132	2	3	2021-04-17
18190	210	162	313	2020	\N	0	0	2021-04-17
18191	210	270	169	2020	270	2	1	2021-04-17
18192	210	167	269	2020	167	3	0	2021-04-17
18193	210	123	157	2020	123	4	1	2021-04-18
18195	210	269	170	2020	269	2	1	2021-04-20
18196	210	164	162	2020	164	2	0	2021-04-20
18197	210	132	167	2020	132	2	0	2021-04-20
18198	210	313	126	2020	313	1	0	2021-04-20
18199	210	159	163	2020	\N	\N	\N	2021-05-06
18200	210	123	270	2020	123	2	0	2021-04-21
18201	210	169	165	2020	165	1	3	2021-04-21
18202	210	157	168	2020	168	0	1	2021-04-21
18203	210	131	166	2020	131	3	2	2021-04-21
18204	210	162	269	2020	269	2	3	2021-04-23
18206	210	163	131	2020	\N	1	1	2021-04-24
18207	210	165	123	2020	123	0	2	2021-04-24
18208	210	168	132	2020	168	2	1	2021-04-24
18209	210	270	157	2020	270	3	1	2021-04-24
18210	210	167	164	2020	167	3	1	2021-04-24
18211	210	170	169	2020	170	2	0	2021-04-25
18213	210	159	313	2020	\N	\N	\N	2021-05-09
18214	210	123	170	2020	\N	\N	\N	2021-05-08
18233	210	123	167	2020	\N	\N	\N	2021-05-22
18234	210	169	313	2020	\N	\N	\N	2021-05-22
18235	210	157	166	2020	\N	\N	\N	2021-05-22
18236	210	132	162	2020	\N	\N	\N	2021-05-22
18237	210	165	168	2020	\N	\N	\N	2021-05-22
18238	210	131	159	2020	\N	\N	\N	2021-05-22
18239	210	270	170	2020	\N	\N	\N	2021-05-22
14407	225	177	176	2020	177	3	2	2020-10-18
14419	225	183	135	2020	\N	3	3	2020-10-26
18243	225	316	314	2020	316	3	2	2021-04-10
18247	225	139	185	2020	139	3	1	2021-04-11
18252	225	315	180	2020	180	0	1	2021-04-12
18276	225	315	177	2020	177	2	4	2021-04-25
18279	225	179	135	2020	179	3	2	2021-04-25
18287	225	125	179	2020	\N	1	1	2021-05-02
18302	225	139	183	2020	\N	\N	\N	2021-05-09
18317	225	177	186	2020	\N	\N	\N	2021-05-16
18332	225	314	184	2020	\N	\N	\N	2021-05-23
18406	251	127	203	2020	127	1	0	2021-04-22
18520	269	134	231	2020	\N	\N	\N	2021-05-09
18547	269	225	231	2020	\N	\N	\N	2021-05-16
11468	225	175	174	2019	174	1	3	2020-01-25
11396	225	175	185	2019	\N	1	1	2019-11-25
11316	225	175	274	2019	274	1	3	2019-09-25
8149	225	180	135	2018	\N	0	0	2019-05-18
7879	225	180	174	2018	\N	2	2	2018-10-28
10350	190	64	60	2019	64	2	0	2020-02-19
6874	190	64	46	2018	64	1	0	2019-05-06
6837	190	50	64	2018	64	1	3	2019-04-14
6689	190	46	64	2018	46	2	1	2018-12-26
6610	190	63	59	2018	\N	1	1	2018-11-03
6760	190	50	60	2018	\N	1	1	2019-02-09
10204	190	48	39	2019	\N	1	1	2019-11-09
10331	190	46	52	2019	\N	2	2	2020-02-01
10459	190	45	60	2019	\N	1	1	2020-07-22
7867	225	139	185	2018	\N	1	1	2018-10-20
7923	225	182	179	2018	\N	1	1	2018-12-02
8040	225	173	171	2018	173	3	0	2019-03-03
8160	225	186	139	2018	186	2	0	2019-05-26
11287	225	274	273	2019	273	0	1	2019-09-01
11417	225	272	274	2019	272	3	0	2019-12-14
11524	225	173	176	2019	\N	1	1	2020-06-20
18699	201	124	146	2019	\N	\N	\N	2020-05-17
18755	238	201	116	2019	\N	\N	\N	2020-04-21
18792	192	135	231	2019	\N	\N	\N	2020-03-19
18561	192	63	108	2020	\N	1	1	2021-04-08
18794	194	134	52	2020	\N	1	1	2021-04-27
18795	194	124	64	2020	64	1	2	2021-04-28
18796	194	52	134	2020	\N	\N	\N	2021-05-05
18797	194	64	124	2020	64	2	0	2021-05-04
17959	189	21	56	2020	\N	1	1	2021-04-16
18798	192	45	135	2020	45	6	2	2021-04-29
18799	192	225	63	2020	225	2	1	2021-04-29
18800	192	135	45	2020	\N	\N	\N	2021-05-07
18801	192	63	225	2020	\N	\N	\N	2021-05-07
18484	269	221	138	2020	\N	2	2	2021-04-18
17972	189	33	56	2020	\N	1	1	2021-04-20
18205	210	126	159	2020	\N	\N	\N	2021-05-12
18501	269	134	221	2020	\N	0	0	2021-04-24
18212	210	166	313	2020	166	5	0	2021-04-25
18058	190	61	46	2020	\N	1	1	2021-04-30
18194	210	168	159	2020	\N	1	1	2021-05-03
\.
COPY public.players_fixtures (id, player_id, fixture_id, team_id, minutes, yellow_card, red_card, goals, assists, key_passes, xg, xa, xg_buildup, xg_chain, position_id, npg, npxg) FROM stdin;
45153	1870	13401	48	0	f	f	\N	\N	\N	\N	\N	\N	\N	\N	\N	\N
45047	1766	13398	41	90	f	f	0	0	0	0.0314	0.0000	0.0000	0.0314	3	0	0.0314
45185	1902	13402	39	0	f	f	\N	\N	\N	\N	\N	\N	\N	\N	\N	\N
45282	1766	13405	41	90	f	f	0	0	0	0.1980	0.0000	0.1278	0.1278	3	0	0.1980
45363	1989	13407	63	1	f	f	0	0	0	0.0000	0.0000	0.0000	0.0000	\N	0	0.0000
45564	1902	13412	39	27	f	f	0	0	0	0.0000	0.0000	0.0000	0.0000	\N	0	0.0000
45767	1766	13418	41	90	f	f	0	0	0	0.0000	0.0000	0.4376	0.4376	3	0	0.0000
45787	1870	13419	48	90	f	f	0	0	0	0.1339	0.0000	0.0671	0.0671	3	0	0.1339
45948	1989	13423	63	90	f	f	0	0	0	0.0000	0.0000	0.0462	0.0462	3	0	0.0000
46039	1766	13426	41	90	f	f	0	0	0	0.0000	0.0000	0.5077	0.5077	3	0	0.0000
46243	1902	13431	39	63	f	f	0	0	1	0.0000	0.0183	0.0000	0.0183	9	0	0.0000
46220	1989	13431	63	90	f	f	0	0	0	0.0000	0.0000	0.4609	0.4609	3	0	0.0000
46272	1870	13432	48	90	f	f	0	0	0	0.1198	0.0000	0.4529	0.4529	3	0	0.1198
46482	1902	13438	39	0	f	f	\N	\N	\N	\N	\N	\N	\N	\N	\N	\N
46650	1766	13443	41	90	f	f	0	0	0	0.0000	0.0000	0.0382	0.0382	3	0	0.0000
46541	1870	13440	48	90	f	f	0	0	0	0.0000	0.0000	0.0000	0.0000	3	0	0.0000
46703	1766	13444	41	90	f	f	0	0	0	0.0719	0.0000	0.8838	0.8838	3	0	0.0719
46937	1989	13451	63	49	f	f	0	0	0	0.0000	0.0000	0.1880	0.1880	3	0	0.0000
47085	1902	13455	39	55	f	f	0	0	0	0.0000	0.0000	0.0000	0.0000	9	0	0.0000
47491	2143	13466	58	10	t	f	0	0	0	0.0000	0.0000	0.0000	0.0000	\N	0	0.0000
47565	2155	13468	52	0	f	f	\N	\N	\N	\N	\N	\N	\N	\N	\N	\N
47532	1766	13467	41	90	f	f	0	0	1	0.0797	0.0092	0.2877	0.2969	3	0	0.0797
47740	1989	13473	63	0	f	f	\N	\N	\N	\N	\N	\N	\N	\N	\N	\N
47942	2143	13478	58	0	f	f	\N	\N	\N	\N	\N	\N	\N	\N	\N	\N
47960	1902	13479	39	0	f	f	\N	\N	\N	\N	\N	\N	\N	\N	\N	\N
48249	2143	13487	58	0	f	f	\N	\N	\N	\N	\N	\N	\N	\N	\N	\N
48252	1766	13487	41	90	f	f	0	0	0	0.0000	0.0000	0.0812	0.0812	3	0	0.0000
48303	1902	13488	39	0	f	f	\N	\N	\N	\N	\N	\N	\N	\N	\N	\N
48376	1870	13490	48	0	f	f	\N	\N	\N	\N	\N	\N	\N	\N	\N	\N
48381	1989	13491	63	46	f	f	0	0	1	0.0373	0.0903	0.0000	0.0903	3	0	0.0373
48518	2143	13494	58	1	f	f	0	0	0	0.0000	0.0000	0.0000	0.0000	\N	0	0.0000
48681	1902	13499	39	44	f	f	0	0	0	0.0000	0.0000	0.0000	0.0000	\N	0	0.0000
48967	2143	13507	58	0	f	f	\N	\N	\N	\N	\N	\N	\N	\N	\N	\N
49023	1902	13508	39	0	f	f	\N	\N	\N	\N	\N	\N	\N	\N	\N	\N
49252	1989	13515	63	25	f	f	0	0	0	0.0000	0.0000	0.0000	0.0000	\N	0	0.0000
49308	2143	13516	58	0	f	f	\N	\N	\N	\N	\N	\N	\N	\N	\N	\N
49509	1902	13522	39	0	f	f	\N	\N	\N	\N	\N	\N	\N	\N	\N	\N
49625	2143	13525	58	0	f	f	0	0	0	0.0000	0.0000	0.0000	0.0000	\N	0	0.0000
49724	1902	13527	39	20	t	f	0	0	1	0.0000	0.4199	0.0000	0.4199	\N	0	0.0000
49900	2155	13532	52	80	f	f	0	0	0	0.0000	0.0000	0.0000	0.0000	\N	0	0.0000
50085	2155	13536	52	0	f	f	\N	\N	\N	\N	\N	\N	\N	\N	\N	\N
50160	2143	13538	58	0	f	f	\N	\N	\N	\N	\N	\N	\N	\N	\N	\N
50137	1902	13538	39	90	f	f	0	0	2	0.0000	0.0625	0.0563	0.0563	9	0	0.0000
50311	1870	13542	48	90	f	f	0	0	0	0.0000	0.0000	0.0536	0.0536	3	0	0.0000
50382	2155	13544	52	0	f	f	\N	\N	\N	\N	\N	\N	\N	\N	\N	\N
50476	1902	13546	39	90	f	f	0	0	0	0.0000	0.0000	0.2473	0.2473	9	0	0.0000
50882	1989	13556	63	0	f	f	\N	\N	\N	\N	\N	\N	\N	\N	\N	\N
50939	2155	13558	52	0	f	f	\N	\N	\N	\N	\N	\N	\N	\N	\N	\N
51011	1902	13560	39	90	f	f	0	0	2	0.0000	0.0980	0.4602	0.5148	5	0	0.0000
51077	2143	13561	58	0	f	f	\N	\N	\N	\N	\N	\N	\N	\N	\N	\N
51392	2155	13569	52	0	f	f	\N	\N	\N	\N	\N	\N	\N	\N	\N	\N
51478	1870	13571	48	0	f	f	0	0	0	0.0000	0.0000	0.0000	0.0000	\N	0	0.0000
51561	1989	13574	63	90	f	f	0	0	0	0.1613	0.0000	0.1618	0.1618	3	0	0.1613
51671	2155	13576	52	0	f	f	\N	\N	\N	\N	\N	\N	\N	\N	\N	\N
52048	2155	13586	52	0	f	f	\N	\N	\N	\N	\N	\N	\N	\N	\N	\N
51978	1989	13584	63	90	f	f	0	0	0	0.0000	0.0000	0.0000	0.0000	3	0	0.0000
52205	1870	13590	48	0	f	f	\N	\N	\N	\N	\N	\N	\N	\N	\N	\N
52392	2223	13594	57	0	f	f	\N	\N	\N	\N	\N	\N	\N	\N	\N	\N
52396	1989	13595	63	90	f	f	0	0	0	0.1119	0.0000	0.1283	0.1404	3	0	0.1119
53002	1870	13610	48	0	f	f	\N	\N	\N	\N	\N	\N	\N	\N	\N	\N
53025	2155	13610	52	0	f	f	\N	\N	\N	\N	\N	\N	\N	\N	\N	\N
53242	2238	13616	48	0	f	f	0	0	0	0.0000	0.0000	0.0000	0.0000	\N	0	0.0000
53232	1870	13616	48	90	f	f	0	0	0	0.0000	0.0000	0.4474	0.4474	3	0	0.0000
53364	1902	13619	39	0	f	f	\N	\N	\N	\N	\N	\N	\N	\N	\N	\N
53382	2155	13619	52	0	f	f	\N	\N	\N	\N	\N	\N	\N	\N	\N	\N
53523	1870	13623	48	90	f	f	0	0	0	0.0000	0.0000	0.1214	0.1214	3	0	0.0000
53794	2155	13630	52	0	f	f	\N	\N	\N	\N	\N	\N	\N	\N	\N	\N
53769	1902	13629	39	90	f	f	0	0	2	0.0255	0.6048	0.7125	0.7779	9	0	0.0255
53977	2155	13634	52	0	f	f	\N	\N	\N	\N	\N	\N	\N	\N	\N	\N
54099	1902	13637	39	0	f	f	\N	\N	\N	\N	\N	\N	\N	\N	\N	\N
54123	1870	13638	48	90	f	f	0	0	0	0.0160	0.0000	0.1244	0.1244	3	0	0.0160
54523	1989	13648	63	90	f	f	1	0	0	0.1116	0.0000	0.1319	0.1319	3	1	0.1116
54634	2155	13651	52	0	f	f	\N	\N	\N	\N	\N	\N	\N	\N	\N	\N
54671	1902	13652	39	34	f	f	0	0	0	0.0000	0.0000	0.0000	0.0000	\N	0	0.0000
54795	1902	13655	39	17	f	f	0	0	0	0.0000	0.0000	0.0000	0.0000	\N	0	0.0000
54959	1870	13659	48	90	f	f	0	0	0	0.0000	0.0000	0.0000	0.0000	3	0	0.0000
55010	2155	13660	52	0	f	f	\N	\N	\N	\N	\N	\N	\N	\N	\N	\N
55075	1902	13662	39	0	f	f	\N	\N	\N	\N	\N	\N	\N	\N	\N	\N
55040	1989	13661	63	90	f	f	0	0	0	0.0000	0.0000	0.7596	0.7596	3	0	0.0000
55298	1870	13668	48	90	f	f	0	0	0	0.0000	0.0000	0.7010	0.7010	3	0	0.0000
55507	1766	13673	41	0	f	f	\N	\N	\N	\N	\N	\N	\N	\N	\N	\N
55531	2155	13673	52	0	f	f	\N	\N	\N	\N	\N	\N	\N	\N	\N	\N
55733	1902	13678	39	0	f	f	\N	\N	\N	\N	\N	\N	\N	\N	\N	\N
55756	1870	13679	48	90	t	f	0	0	0	0.5310	0.0000	0.1002	0.1002	3	0	0.5310
55885	1766	13682	41	0	f	f	0	0	0	0.0000	0.0000	0.0000	0.0000	\N	0	0.0000
56011	2238	15364	48	0	f	f	\N	\N	\N	\N	\N	\N	\N	\N	\N	\N
55957	1989	15363	63	90	f	f	0	0	0	0.0181	0.0000	0.8216	0.8397	3	0	0.0181
56840	2155	13738	52	0	f	f	\N	\N	\N	\N	\N	\N	\N	\N	\N	\N
57812	2155	13760	52	9	f	f	\N	\N	\N	\N	\N	\N	\N	\N	\N	\N
58573	2155	13778	52	27	f	f	\N	\N	\N	\N	\N	\N	\N	\N	\N	\N
58852	2155	13784	52	0	f	f	\N	\N	\N	\N	\N	\N	\N	\N	\N	\N
59975	2155	13810	52	90	f	f	\N	\N	\N	\N	\N	\N	\N	\N	\N	\N
60297	2155	13818	52	90	f	f	\N	\N	\N	\N	\N	\N	\N	\N	\N	\N
61156	2155	13837	52	0	f	f	\N	\N	\N	\N	\N	\N	\N	\N	\N	\N
61576	2155	13847	52	0	f	f	\N	\N	\N	\N	\N	\N	\N	\N	\N	\N
84202	4704	14401	183	0	f	f	\N	\N	\N	\N	\N	\N	\N	\N	\N	\N
84985	4704	14419	183	0	f	f	\N	\N	\N	\N	\N	\N	\N	\N	\N	\N
85185	4704	14423	183	19	f	f	0	0	0	0.0000	0.0000	0.0000	0.0000	\N	0	0.0000
85924	4704	14440	183	0	f	f	\N	\N	\N	\N	\N	\N	\N	\N	\N	\N
86399	4704	14450	183	0	f	f	\N	\N	\N	\N	\N	\N	\N	\N	\N	\N
86599	4704	14455	183	0	f	f	0	0	0	0.0000	0.0000	0.0000	0.0000	\N	0	0.0000
87208	4704	14468	183	0	f	f	\N	\N	\N	\N	\N	\N	\N	\N	\N	\N
87689	4704	14479	183	0	f	f	\N	\N	\N	\N	\N	\N	\N	\N	\N	\N
88012	4704	14486	183	90	f	f	0	0	0	0.0000	0.0000	0.3356	0.3356	2	0	0.0000
88478	4704	14496	183	0	f	f	\N	\N	\N	\N	\N	\N	\N	\N	\N	\N
88854	4704	14505	183	0	f	f	0	0	0	0.0000	0.0000	0.0000	0.0000	\N	0	0.0000
89453	4704	14518	183	90	t	f	0	0	0	0.0179	0.0000	0.0000	0.0179	2	0	0.0179
89928	4704	14529	183	81	f	f	0	0	1	0.0322	0.0182	0.1572	0.2076	4	0	0.0322
90856	4704	14549	183	90	f	f	0	0	0	0.0766	0.0000	0.3221	0.3722	2	0	0.0766
91039	4704	14553	183	0	f	f	\N	\N	\N	\N	\N	\N	\N	\N	\N	\N
91466	4704	14562	183	0	f	f	\N	\N	\N	\N	\N	\N	\N	\N	\N	\N
92106	4704	14577	183	0	f	f	\N	\N	\N	\N	\N	\N	\N	\N	\N	\N
92427	4704	14584	183	90	t	f	0	0	0	0.0000	0.0000	0.0000	0.0000	4	0	0.0000
93008	4704	14597	183	0	f	f	\N	\N	\N	\N	\N	\N	\N	\N	\N	\N
93565	4704	14609	183	0	f	f	\N	\N	\N	\N	\N	\N	\N	\N	\N	\N
93714	4704	14613	183	0	f	f	\N	\N	\N	\N	\N	\N	\N	\N	\N	\N
94219	4704	14624	183	90	f	f	1	0	0	0.1089	0.0000	0.1088	0.2177	2	1	0.1089
95253	4704	15379	183	90	t	f	0	0	0	0.0000	0.0000	0.0669	0.0669	4	0	0.0000
143471	1902	5958	32	90	f	f	\N	\N	\N	\N	\N	\N	\N	\N	\N	\N
143703	1902	5965	32	90	f	f	\N	\N	\N	\N	\N	\N	\N	\N	\N	\N
144027	1902	5974	32	90	f	f	\N	\N	\N	\N	\N	\N	\N	\N	\N	\N
144297	1902	5981	32	90	t	f	\N	\N	\N	\N	\N	\N	\N	\N	\N	\N
145368	1902	6011	32	23	f	f	\N	\N	\N	\N	\N	\N	\N	\N	\N	\N
145674	1902	6019	32	44	t	f	\N	\N	\N	\N	\N	\N	\N	\N	\N	\N
145918	1902	6026	32	90	f	f	\N	\N	\N	\N	\N	\N	\N	\N	\N	\N
146620	1902	6046	32	90	f	f	\N	\N	\N	\N	\N	\N	\N	\N	\N	\N
146908	1902	6054	32	90	f	f	\N	\N	\N	\N	\N	\N	\N	\N	\N	\N
147257	1902	6063	32	8	f	f	\N	\N	\N	\N	\N	\N	\N	\N	\N	\N
147881	1902	6081	32	73	f	f	\N	\N	\N	\N	\N	\N	\N	\N	\N	\N
148298	1902	6092	32	7	f	f	\N	\N	\N	\N	\N	\N	\N	\N	\N	\N
148636	1902	6102	32	90	f	f	\N	\N	\N	\N	\N	\N	\N	\N	\N	\N
149274	1902	6119	32	4	f	f	\N	\N	\N	\N	\N	\N	\N	\N	\N	\N
149741	1902	6132	32	21	f	f	\N	\N	\N	\N	\N	\N	\N	\N	\N	\N
149833	1902	6135	32	0	f	f	\N	\N	\N	\N	\N	\N	\N	\N	\N	\N
150406	1902	6151	32	0	f	f	\N	\N	\N	\N	\N	\N	\N	\N	\N	\N
150965	1902	6166	32	8	f	f	\N	\N	\N	\N	\N	\N	\N	\N	\N	\N
151329	1902	6176	32	0	f	f	\N	\N	\N	\N	\N	\N	\N	\N	\N	\N
151703	1902	6187	32	11	f	f	\N	\N	\N	\N	\N	\N	\N	\N	\N	\N
152093	1902	6198	32	90	f	f	\N	\N	\N	\N	\N	\N	\N	\N	\N	\N
152760	1902	6216	32	90	t	f	\N	\N	\N	\N	\N	\N	\N	\N	\N	\N
152886	1902	6220	32	55	f	f	\N	\N	\N	\N	\N	\N	\N	\N	\N	\N
153379	1902	6233	32	0	f	f	\N	\N	\N	\N	\N	\N	\N	\N	\N	\N
154062	1902	6252	32	0	f	f	\N	\N	\N	\N	\N	\N	\N	\N	\N	\N
154225	1902	6257	32	25	f	f	\N	\N	\N	\N	\N	\N	\N	\N	\N	\N
154849	1902	6274	32	90	f	f	\N	\N	\N	\N	\N	\N	\N	\N	\N	\N
155118	1902	6282	32	90	f	f	\N	\N	\N	\N	\N	\N	\N	\N	\N	\N
155516	1902	6293	32	90	f	f	\N	\N	\N	\N	\N	\N	\N	\N	\N	\N
155785	1902	6300	32	90	f	f	\N	\N	\N	\N	\N	\N	\N	\N	\N	\N
156305	1902	6315	32	90	f	f	\N	\N	\N	\N	\N	\N	\N	\N	\N	\N
156686	1902	6325	32	90	f	f	\N	\N	\N	\N	\N	\N	\N	\N	\N	\N
157118	1902	6337	32	90	f	f	\N	\N	\N	\N	\N	\N	\N	\N	\N	\N
157675	1902	6353	32	90	f	f	\N	\N	\N	\N	\N	\N	\N	\N	\N	\N
157983	1902	6361	32	90	f	f	\N	\N	\N	\N	\N	\N	\N	\N	\N	\N
158537	1902	6377	32	90	f	f	\N	\N	\N	\N	\N	\N	\N	\N	\N	\N
158968	1902	6389	32	90	f	f	\N	\N	\N	\N	\N	\N	\N	\N	\N	\N
159457	1902	6402	32	64	f	f	\N	\N	\N	\N	\N	\N	\N	\N	\N	\N
159763	1902	6411	32	90	f	f	\N	\N	\N	\N	\N	\N	\N	\N	\N	\N
160465	1902	6430	32	76	f	f	\N	\N	\N	\N	\N	\N	\N	\N	\N	\N
161103	1902	6448	32	13	f	f	\N	\N	\N	\N	\N	\N	\N	\N	\N	\N
161410	1902	6456	32	0	f	f	\N	\N	\N	\N	\N	\N	\N	\N	\N	\N
161923	1902	6471	32	90	f	f	\N	\N	\N	\N	\N	\N	\N	\N	\N	\N
162302	1902	6481	32	90	f	f	\N	\N	\N	\N	\N	\N	\N	\N	\N	\N
162824	1902	6497	32	90	f	f	\N	\N	\N	\N	\N	\N	\N	\N	\N	\N
163226	1870	6506	48	90	f	f	0	1	1	0.4387	0.5141	0.4317	0.4317	3	0	0.4387
163411	2143	6511	58	81	f	f	0	1	1	0.0433	0.0605	0.0000	0.1038	15	0	0.0433
163594	7288	6516	49	0	f	f	\N	\N	\N	\N	\N	\N	\N	\N	\N	\N
163569	1870	6516	48	63	f	f	0	0	0	0.0000	0.0000	0.0000	0.0000	3	0	0.0000
163609	2143	6517	58	75	f	f	0	0	0	0.0825	0.0000	0.0000	0.0726	15	0	0.0825
163709	1989	6520	52	90	f	f	0	0	0	0.0830	0.0000	0.6446	0.6581	3	0	0.0830
164059	2143	6529	58	84	t	f	0	1	2	0.1264	0.1355	0.0194	0.2619	15	0	0.1264
164247	1870	6534	48	0	f	f	\N	\N	\N	\N	\N	\N	\N	\N	\N	\N
164195	1989	6533	52	90	f	f	0	0	0	0.0000	0.0000	0.0901	0.0901	3	0	0.0000
164329	2143	6537	58	90	f	f	0	0	0	0.1451	0.0000	0.0672	0.1195	15	0	0.1451
164451	7288	6540	49	90	f	f	0	0	0	0.0179	0.0000	0.4872	0.5051	9	0	0.0179
164625	1870	6545	48	0	f	f	\N	\N	\N	\N	\N	\N	\N	\N	\N	\N
164666	7288	6546	49	90	f	f	0	0	0	0.0000	0.0000	0.2067	0.2067	9	0	0.0000
164717	1989	6548	52	90	f	f	0	0	0	0.0000	0.0000	0.7355	0.7355	3	0	0.0000
164973	7288	6555	49	46	f	f	0	0	0	0.0000	0.0000	0.1121	0.1121	9	0	0.0000
165252	1870	6562	48	0	f	f	\N	\N	\N	\N	\N	\N	\N	\N	\N	\N
165325	2143	6564	58	18	f	f	0	0	0	0.0293	0.0000	0.0000	0.0293	\N	0	0.0293
165522	2143	6570	58	35	f	f	1	0	1	0.6089	0.0287	0.0000	0.6376	\N	1	0.6089
165537	7288	6570	49	0	f	f	\N	\N	\N	\N	\N	\N	\N	\N	\N	\N
165567	1870	6571	48	90	f	f	0	0	0	0.0000	0.0000	0.0858	0.0858	3	0	0.0000
165794	2143	6577	58	19	f	f	0	0	1	0.0000	0.0139	0.0202	0.0202	\N	0	0.0000
165725	1870	6576	48	90	t	f	0	0	0	0.1875	0.0000	0.2195	0.2195	3	0	0.1875
165953	7288	6582	49	28	f	f	0	0	0	0.0000	0.0000	0.0333	0.0333	\N	0	0.0000
166050	1989	6585	52	90	f	f	0	0	0	0.3020	0.0000	0.8951	0.9213	3	0	0.3020
165995	1989	6583	52	90	f	f	0	0	0	0.0539	0.0000	0.6578	0.6578	3	0	0.0539
166347	2143	6593	58	23	f	f	1	0	1	0.4834	0.0438	0.0000	0.4802	\N	1	0.4834
166247	1870	6590	48	90	f	f	0	0	0	0.3562	0.0000	0.4549	0.4549	3	0	0.3562
166217	7288	6589	49	90	t	f	0	0	1	0.0503	0.0164	0.0000	0.0667	9	0	0.0503
166725	2143	6603	58	12	f	f	0	0	0	0.0000	0.0000	0.0000	0.0000	\N	0	0.0000
166733	1870	6604	48	90	f	f	0	0	0	0.0000	0.0000	0.0376	0.0376	3	0	0.0000
166856	2143	6607	58	0	f	f	\N	\N	\N	\N	\N	\N	\N	\N	\N	\N
167414	2143	6622	58	0	f	f	\N	\N	\N	\N	\N	\N	\N	\N	\N	\N
167540	2143	6626	58	13	f	f	0	0	0	0.4109	0.0000	0.0000	0.4109	\N	0	0.4109
167723	1989	6631	52	90	f	f	0	0	0	0.0000	0.0000	0.4048	0.4048	3	0	0.0000
168099	4704	6641	45	18	f	f	0	0	0	0.0000	0.0000	0.0000	0.0000	\N	0	0.0000
168102	1989	6642	52	90	f	f	0	0	1	0.0408	0.0726	0.5602	0.5602	3	0	0.0408
168202	2143	6644	58	0	f	f	\N	\N	\N	\N	\N	\N	\N	\N	\N	\N
168383	1989	6649	52	0	f	f	\N	\N	\N	\N	\N	\N	\N	\N	\N	\N
168469	2143	6652	58	69	f	f	0	0	0	0.7302	0.0000	0.0557	0.7544	15	0	0.7302
168787	1989	6661	52	90	f	f	1	0	0	0.0808	0.0000	0.1835	0.1835	3	1	0.0808
168801	2155	6661	52	0	f	f	\N	\N	\N	\N	\N	\N	\N	\N	\N	\N
168909	2143	6664	58	19	f	f	0	0	0	0.0000	0.0000	0.0000	0.0000	\N	0	0.0000
168962	2143	6665	58	0	f	f	\N	\N	\N	\N	\N	\N	\N	\N	\N	\N
169249	2155	6673	52	0	f	f	\N	\N	\N	\N	\N	\N	\N	\N	\N	\N
169237	1989	6673	52	90	f	f	0	0	0	0.0419	0.0000	0.0635	0.0635	3	0	0.0419
169274	4704	6674	45	46	t	f	0	0	1	0.0000	0.0181	0.0370	0.0370	10	0	0.0000
169431	7288	6678	49	0	f	f	\N	\N	\N	\N	\N	\N	\N	\N	\N	\N
169439	1989	6679	52	90	f	f	0	0	1	0.5607	0.0000	0.5319	0.5319	3	0	0.5607
169609	4704	6683	45	0	f	f	\N	\N	\N	\N	\N	\N	\N	\N	\N	\N
169665	7288	6685	49	8	f	f	0	0	0	0.0000	0.0000	0.0000	0.0000	\N	0	0.0000
169740	1870	6687	48	0	f	f	\N	\N	\N	\N	\N	\N	\N	\N	\N	\N
169634	1870	6684	48	90	f	f	0	0	0	0.0000	0.0000	0.5460	0.5460	3	0	0.0000
169762	4704	6688	45	53	f	f	0	0	0	0.3358	0.0000	0.0261	0.3620	4	0	0.3358
170155	1870	6699	48	90	f	f	0	0	0	0.0000	0.0000	0.0693	0.0693	3	0	0.0000
170257	2155	6701	52	8	f	f	0	0	0	0.0000	0.0000	0.0000	0.0000	\N	0	0.0000
170383	2143	6705	58	20	t	f	0	0	0	0.1903	0.0000	0.0000	0.0898	\N	0	0.1903
170525	2155	6709	52	0	f	f	\N	\N	\N	\N	\N	\N	\N	\N	\N	\N
170461	1870	6707	48	90	f	f	0	0	0	0.0000	0.0000	0.1928	0.1928	3	0	0.0000
170517	1989	6709	52	90	f	f	0	0	0	0.0631	0.0000	0.1957	0.1957	3	0	0.0631
170959	2155	6721	52	0	f	f	\N	\N	\N	\N	\N	\N	\N	\N	\N	\N
170994	2143	6722	58	0	f	f	\N	\N	\N	\N	\N	\N	\N	\N	\N	\N
171033	1870	6723	48	0	f	f	\N	\N	\N	\N	\N	\N	\N	\N	\N	\N
171264	2143	6729	58	25	f	f	0	0	0	0.0000	0.0000	0.0000	0.0000	\N	0	0.0000
171376	2155	6732	52	0	f	f	\N	\N	\N	\N	\N	\N	\N	\N	\N	\N
171362	1989	6732	52	90	t	f	0	0	1	0.0000	0.2633	0.1754	0.4387	3	0	0.0000
171435	1870	6734	48	90	t	f	0	0	0	0.0161	0.0000	0.0943	0.0943	3	0	0.0161
171608	4704	6739	45	0	f	f	\N	\N	\N	\N	\N	\N	\N	\N	\N	\N
171585	2143	6738	58	70	t	f	0	0	2	0.0194	0.1060	0.4146	0.5206	15	0	0.0194
171778	1870	6744	48	90	f	f	0	0	0	0.0146	0.0000	0.1172	0.1172	3	0	0.0146
171812	1870	6745	48	90	f	f	0	0	0	0.0772	0.0000	0.4349	0.4349	3	0	0.0772
171849	1989	6746	52	90	f	f	1	0	1	0.3142	0.0968	0.8549	0.8549	3	1	0.3142
171893	2143	6747	58	90	f	f	0	1	1	0.0000	0.0495	0.0000	0.0495	15	0	0.0000
172100	4704	6752	45	0	f	f	\N	\N	\N	\N	\N	\N	\N	\N	\N	\N
172465	1870	6763	48	90	f	f	1	0	0	0.3981	0.0000	0.0556	0.0556	3	1	0.3981
172416	2143	6761	58	90	f	f	0	0	0	0.2890	0.0000	0.0000	0.2890	15	0	0.2890
172533	2155	6764	52	17	f	f	0	0	0	0.1188	0.0000	0.0000	0.0000	\N	0	0.1188
172519	1989	6764	52	90	f	f	0	0	1	0.0000	0.0814	0.2661	0.2661	3	0	0.0000
172837	4704	6773	45	0	f	f	\N	\N	\N	\N	\N	\N	\N	\N	\N	\N
172961	2143	6776	58	0	f	f	\N	\N	\N	\N	\N	\N	\N	\N	\N	\N
173095	4704	6780	45	77	f	f	0	0	2	0.1088	0.1577	0.0237	0.2665	16	0	0.1088
173061	7288	6779	49	69	t	f	0	0	0	0.0000	0.0000	0.4942	0.4942	9	0	0.0000
173220	1870	6784	48	90	f	f	0	0	0	0.0000	0.0000	0.0164	0.0164	3	0	0.0000
173204	1870	6783	48	90	f	f	0	0	0	0.0000	0.0000	0.0182	0.0182	3	0	0.0000
173186	1989	6783	52	90	t	f	0	0	0	0.0000	0.0000	0.0134	0.0134	3	0	0.0000
173540	1989	6792	52	0	f	f	\N	\N	\N	\N	\N	\N	\N	\N	\N	\N
173526	2155	6792	52	90	f	f	0	0	0	0.0000	0.0000	0.1500	0.1500	2	0	0.0000
173650	2143	6795	58	0	f	f	\N	\N	\N	\N	\N	\N	\N	\N	\N	\N
173676	7288	6796	49	82	f	f	0	0	0	0.0000	0.0000	0.0996	0.0996	9	0	0.0000
173869	1989	6802	52	90	f	f	0	0	0	0.1152	0.0000	0.1245	0.1628	3	0	0.1152
173872	2155	6802	52	90	f	f	0	0	2	0.0305	0.1446	0.2826	0.2826	2	0	0.0305
174063	7288	6807	49	0	f	f	\N	\N	\N	\N	\N	\N	\N	\N	\N	\N
174101	2143	6808	58	0	f	f	\N	\N	\N	\N	\N	\N	\N	\N	\N	\N
174132	7288	6809	49	2	f	f	0	0	0	0.0000	0.0000	0.0000	0.0000	\N	0	0.0000
174168	4704	6810	45	0	f	f	\N	\N	\N	\N	\N	\N	\N	\N	\N	\N
174103	1989	6808	52	90	f	f	0	0	1	0.0000	0.1144	0.2779	0.2779	3	0	0.0000
174370	2143	6815	58	2	f	f	0	0	0	0.0000	0.0000	0.0000	0.0000	\N	0	0.0000
174428	1870	6817	48	69	f	f	0	0	0	0.0000	0.0000	0.0000	0.0000	3	0	0.0000
174393	1989	6816	52	90	f	f	0	0	1	0.0196	0.0142	0.0142	0.0142	3	0	0.0196
174502	4704	6819	45	84	t	f	0	0	2	0.0108	0.6895	0.4850	1.0475	7	0	0.0108
174550	7288	6820	49	3	f	f	0	0	0	0.0000	0.0000	0.0000	0.0000	\N	0	0.0000
174599	1870	6822	48	0	f	f	\N	\N	\N	\N	\N	\N	\N	\N	\N	\N
174556	2155	6821	52	90	f	f	0	0	0	0.0520	0.0000	2.2344	2.2344	2	0	0.0520
174821	2143	6828	58	0	f	f	\N	\N	\N	\N	\N	\N	\N	\N	\N	\N
174843	1989	6829	52	90	f	f	0	0	0	0.0571	0.0000	0.0000	0.0000	3	0	0.0571
174842	2155	6829	52	90	f	f	0	0	0	0.0528	0.0000	0.6698	0.6698	2	0	0.0528
174917	1870	6831	48	90	f	f	0	0	0	0.0988	0.0000	1.7342	1.7342	3	0	0.0988
175187	2155	6838	52	90	f	f	0	0	1	0.0000	0.3265	0.0000	0.0000	2	0	0.0000
175094	4704	6836	45	90	f	f	0	0	0	0.0455	0.0000	0.1369	0.1825	4	0	0.0455
175293	1870	6841	48	90	f	f	0	0	0	0.0000	0.0000	0.3394	0.3394	3	0	0.0000
175504	2143	6847	58	0	f	f	\N	\N	\N	\N	\N	\N	\N	\N	\N	\N
175510	4704	6847	45	90	f	f	0	0	0	0.0149	0.0000	0.0000	0.0149	2	0	0.0149
175684	1870	6852	48	0	f	f	\N	\N	\N	\N	\N	\N	\N	\N	\N	\N
175757	4704	6854	45	0	f	f	\N	\N	\N	\N	\N	\N	\N	\N	\N	\N
175818	1870	6856	48	90	f	f	0	0	1	0.0000	0.0248	0.3934	0.4182	3	0	0.0000
176125	1989	6864	52	90	f	f	0	0	1	0.0286	0.0151	0.5411	0.5411	3	0	0.0286
176153	2143	6865	58	0	f	f	\N	\N	\N	\N	\N	\N	\N	\N	\N	\N
176356	1989	6871	52	89	f	f	1	0	1	0.2491	0.4048	0.4264	0.4264	3	1	0.2491
176426	4704	6872	45	7	f	f	0	0	1	0.0000	0.1532	0.0824	0.2356	\N	0	0.0000
176674	2155	6879	52	0	f	f	\N	\N	\N	\N	\N	\N	\N	\N	\N	\N
176662	1989	6879	52	90	f	f	0	0	0	0.0000	0.0000	0.3520	0.3520	3	0	0.0000
176599	2143	6877	58	90	f	f	1	0	3	1.1272	0.4603	0.1463	0.7410	15	1	1.1272
180188	1870	6977	48	90	t	f	\N	\N	\N	\N	\N	\N	\N	\N	\N	\N
180690	4704	6991	45	90	f	f	\N	\N	\N	\N	\N	\N	\N	\N	\N	\N
181138	1870	7004	48	90	f	f	\N	\N	\N	\N	\N	\N	\N	\N	\N	\N
181624	1870	7017	48	90	f	f	\N	\N	\N	\N	\N	\N	\N	\N	\N	\N
181966	1870	7027	48	90	f	f	\N	\N	\N	\N	\N	\N	\N	\N	\N	\N
183601	4704	7072	45	0	f	f	\N	\N	\N	\N	\N	\N	\N	\N	\N	\N
183659	1870	7074	48	90	f	f	\N	\N	\N	\N	\N	\N	\N	\N	\N	\N
183893	1870	7080	48	90	f	f	\N	\N	\N	\N	\N	\N	\N	\N	\N	\N
183974	4704	7082	45	54	f	f	\N	\N	\N	\N	\N	\N	\N	\N	\N	\N
184211	1870	7089	48	0	f	f	\N	\N	\N	\N	\N	\N	\N	\N	\N	\N
184272	4704	7091	45	74	f	f	\N	\N	\N	\N	\N	\N	\N	\N	\N	\N
184374	4704	7093	45	25	f	f	\N	\N	\N	\N	\N	\N	\N	\N	\N	\N
184442	1870	7095	48	0	f	f	\N	\N	\N	\N	\N	\N	\N	\N	\N	\N
184451	1870	7096	48	90	f	f	\N	\N	\N	\N	\N	\N	\N	\N	\N	\N
184615	1870	7100	48	0	f	f	\N	\N	\N	\N	\N	\N	\N	\N	\N	\N
198473	1766	7485	163	0	f	f	\N	\N	\N	\N	\N	\N	\N	\N	\N	\N
207484	1766	7735	163	0	f	f	\N	\N	\N	\N	\N	\N	\N	\N	\N	\N
207938	1766	7748	163	0	f	f	\N	\N	\N	\N	\N	\N	\N	\N	\N	\N
208241	1766	7756	163	0	f	f	\N	\N	\N	\N	\N	\N	\N	\N	\N	\N
275886	2155	15758	52	90	f	f	\N	\N	\N	\N	\N	\N	\N	\N	\N	\N
276751	2155	15782	52	90	f	f	\N	\N	\N	\N	\N	\N	\N	\N	\N	\N
277235	2155	15795	52	90	f	f	\N	\N	\N	\N	\N	\N	\N	\N	\N	\N
278543	2155	15832	52	90	f	f	\N	\N	\N	\N	\N	\N	\N	\N	\N	\N
278957	2155	15843	52	90	f	f	\N	\N	\N	\N	\N	\N	\N	\N	\N	\N
278971	1989	15843	52	0	f	f	\N	\N	\N	\N	\N	\N	\N	\N	\N	\N
279927	1989	15870	52	90	f	f	\N	\N	\N	\N	\N	\N	\N	\N	\N	\N
279930	2155	15870	52	90	f	f	\N	\N	\N	\N	\N	\N	\N	\N	\N	\N
280485	2155	15886	52	90	f	f	\N	\N	\N	\N	\N	\N	\N	\N	\N	\N
280501	1989	15886	52	0	f	f	\N	\N	\N	\N	\N	\N	\N	\N	\N	\N
280809	1989	15895	52	90	f	f	\N	\N	\N	\N	\N	\N	\N	\N	\N	\N
280949	1989	15898	52	0	f	f	\N	\N	\N	\N	\N	\N	\N	\N	\N	\N
281344	1989	15909	52	0	f	f	\N	\N	\N	\N	\N	\N	\N	\N	\N	\N
281456	1989	15913	52	90	t	f	\N	\N	\N	\N	\N	\N	\N	\N	\N	\N
281459	2155	15913	52	90	t	f	\N	\N	\N	\N	\N	\N	\N	\N	\N	\N
281546	1989	15915	52	90	f	f	\N	\N	\N	\N	\N	\N	\N	\N	\N	\N
281549	2155	15915	52	90	f	f	\N	\N	\N	\N	\N	\N	\N	\N	\N	\N
281600	1989	15917	52	90	f	f	\N	\N	\N	\N	\N	\N	\N	\N	\N	\N
281603	2155	15917	52	90	f	f	\N	\N	\N	\N	\N	\N	\N	\N	\N	\N
281636	1989	15918	52	90	f	f	\N	\N	\N	\N	\N	\N	\N	\N	\N	\N
281639	2155	15918	52	90	f	f	\N	\N	\N	\N	\N	\N	\N	\N	\N	\N
315087	7288	9546	49	90	f	f	\N	\N	\N	\N	\N	\N	\N	\N	\N	\N
315297	7288	9552	49	0	f	f	\N	\N	\N	\N	\N	\N	\N	\N	\N	\N
315707	7288	9563	49	0	f	f	\N	\N	\N	\N	\N	\N	\N	\N	\N	\N
316301	7288	9580	49	15	f	f	\N	\N	\N	\N	\N	\N	\N	\N	\N	\N
316627	7288	9589	49	0	f	f	\N	\N	\N	\N	\N	\N	\N	\N	\N	\N
317007	7288	9599	49	0	f	f	\N	\N	\N	\N	\N	\N	\N	\N	\N	\N
317452	7288	9612	49	0	f	f	\N	\N	\N	\N	\N	\N	\N	\N	\N	\N
318014	7288	9627	49	0	f	f	\N	\N	\N	\N	\N	\N	\N	\N	\N	\N
320263	7288	9690	49	5	f	f	\N	\N	\N	\N	\N	\N	\N	\N	\N	\N
320569	7288	9698	49	0	f	f	\N	\N	\N	\N	\N	\N	\N	\N	\N	\N
320946	7288	9709	49	0	f	f	\N	\N	\N	\N	\N	\N	\N	\N	\N	\N
321399	7288	9721	49	0	f	f	\N	\N	\N	\N	\N	\N	\N	\N	\N	\N
321705	7288	9730	49	0	f	f	\N	\N	\N	\N	\N	\N	\N	\N	\N	\N
322137	7288	9742	49	0	f	f	\N	\N	\N	\N	\N	\N	\N	\N	\N	\N
322584	7288	9754	49	16	f	f	\N	\N	\N	\N	\N	\N	\N	\N	\N	\N
325624	7288	9839	49	0	f	f	\N	\N	\N	\N	\N	\N	\N	\N	\N	\N
326388	7288	9860	49	90	t	f	\N	\N	\N	\N	\N	\N	\N	\N	\N	\N
326441	7288	9862	49	90	t	f	\N	\N	\N	\N	\N	\N	\N	\N	\N	\N
326999	7288	9877	49	90	t	f	\N	\N	\N	\N	\N	\N	\N	\N	\N	\N
327449	7288	9890	49	62	t	f	\N	\N	\N	\N	\N	\N	\N	\N	\N	\N
327899	7288	9902	49	90	f	f	\N	\N	\N	\N	\N	\N	\N	\N	\N	\N
328559	7288	9920	49	0	f	f	\N	\N	\N	\N	\N	\N	\N	\N	\N	\N
328996	7288	9933	49	53	f	f	\N	\N	\N	\N	\N	\N	\N	\N	\N	\N
329094	7288	9935	49	9	f	f	\N	\N	\N	\N	\N	\N	\N	\N	\N	\N
329688	7288	9952	49	0	f	f	\N	\N	\N	\N	\N	\N	\N	\N	\N	\N
330013	7288	9961	49	0	f	f	\N	\N	\N	\N	\N	\N	\N	\N	\N	\N
330432	7288	9972	49	0	f	f	\N	\N	\N	\N	\N	\N	\N	\N	\N	\N
330805	7288	9983	49	0	f	f	\N	\N	\N	\N	\N	\N	\N	\N	\N	\N
331668	7288	10004	49	0	f	f	\N	\N	\N	\N	\N	\N	\N	\N	\N	\N
331948	7288	10011	49	0	f	f	\N	\N	\N	\N	\N	\N	\N	\N	\N	\N
332362	7288	10022	49	0	f	f	\N	\N	\N	\N	\N	\N	\N	\N	\N	\N
332742	7288	10031	49	0	f	f	\N	\N	\N	\N	\N	\N	\N	\N	\N	\N
333246	7288	10044	49	6	f	f	\N	\N	\N	\N	\N	\N	\N	\N	\N	\N
333699	7288	10055	49	0	f	f	\N	\N	\N	\N	\N	\N	\N	\N	\N	\N
334318	7288	10071	49	0	f	f	\N	\N	\N	\N	\N	\N	\N	\N	\N	\N
334696	7288	10080	49	0	f	f	\N	\N	\N	\N	\N	\N	\N	\N	\N	\N
335283	2143	10094	58	0	f	f	\N	\N	\N	\N	\N	\N	\N	\N	\N	\N
335355	1902	10096	39	0	f	f	\N	\N	\N	\N	\N	\N	\N	\N	\N	\N
335360	1870	10097	48	90	f	f	0	0	1	0.5041	0.0363	0.3610	0.3973	3	0	0.5041
335462	1989	10099	63	0	f	f	\N	\N	\N	\N	\N	\N	\N	\N	\N	\N
335504	1989	10101	63	90	t	f	0	0	0	0.0000	0.0000	0.1938	0.1938	3	0	0.0000
335489	2155	10100	52	90	f	f	0	0	1	0.3674	0.2795	0.0989	0.7179	2	0	0.3674
335588	2143	10103	58	0	f	f	\N	\N	\N	\N	\N	\N	\N	\N	\N	\N
335769	1902	10108	39	0	f	f	\N	\N	\N	\N	\N	\N	\N	\N	\N	\N
335740	1870	10107	48	90	f	f	0	0	0	0.0000	0.0000	0.0247	0.0247	3	0	0.0000
335793	2155	10109	52	90	f	f	0	0	1	0.0000	0.0383	0.6209	0.6593	2	0	0.0000
335985	1902	10114	39	0	f	f	\N	\N	\N	\N	\N	\N	\N	\N	\N	\N
336098	1989	10117	63	90	t	f	0	0	0	0.0482	0.0000	0.0363	0.0363	3	0	0.0482
336331	2155	10124	52	90	f	f	0	0	0	0.0000	0.0000	0.1138	0.1138	2	0	0.0000
336360	1902	10124	39	6	f	f	0	0	1	0.0000	0.1272	0.0000	0.1272	\N	0	0.0000
336527	2143	10129	58	0	f	f	\N	\N	\N	\N	\N	\N	\N	\N	\N	\N
336567	1870	10130	48	90	t	f	0	0	0	0.0000	0.0000	0.0691	0.0691	4	0	0.0000
336548	1989	10130	63	90	f	f	0	0	0	0.0000	0.0000	0.2058	0.2058	3	0	0.0000
336738	1902	10135	39	0	f	f	\N	\N	\N	\N	\N	\N	\N	\N	\N	\N
336889	1989	10139	63	90	f	f	0	0	0	0.0000	0.0000	0.7034	0.7034	3	0	0.0000
337231	1989	10149	63	90	f	f	0	0	0	0.0699	0.0000	0.4752	0.4752	3	0	0.0699
337270	2155	10150	52	15	f	f	0	0	0	0.0000	0.0000	0.0000	0.0000	2	0	0.0000
337319	1902	10151	39	0	f	f	\N	\N	\N	\N	\N	\N	\N	\N	\N	\N
337566	2143	10158	58	0	f	f	\N	\N	\N	\N	\N	\N	\N	\N	\N	\N
337696	1870	10161	48	0	f	f	\N	\N	\N	\N	\N	\N	\N	\N	\N	\N
337644	1989	10160	63	90	f	f	0	0	0	0.0416	0.0000	0.4649	0.4649	3	0	0.0416
337840	1902	10165	39	0	f	f	\N	\N	\N	\N	\N	\N	\N	\N	\N	\N
337914	1989	10168	63	90	f	f	1	0	0	0.0246	0.0000	0.1349	0.1349	3	1	0.0246
338167	1870	10175	48	46	t	f	0	0	0	0.0000	0.0000	0.0803	0.0803	3	0	0.0000
338655	1870	10188	48	90	f	f	0	0	0	0.0000	0.0000	0.1385	0.1385	3	0	0.0000
338673	1989	10189	63	90	f	f	1	0	0	0.8099	0.0000	0.1386	0.2412	3	1	0.8099
338886	1989	10195	63	90	f	f	0	0	0	0.0000	0.0000	0.1275	0.1275	3	0	0.0000
339015	2155	10198	52	90	f	f	0	0	2	0.0000	0.0987	0.6446	0.6446	2	0	0.0000
339076	2143	10200	58	22	f	f	1	0	0	0.4130	0.0000	0.0000	0.4130	\N	1	0.4130
339211	1870	10204	48	90	f	f	0	0	0	0.0000	0.0000	0.7289	0.7289	3	0	0.0000
339336	1989	10207	63	90	f	f	0	0	1	0.0231	0.0301	0.0000	0.0532	3	0	0.0231
339482	1870	10211	48	90	f	f	0	0	0	0.0503	0.0000	0.0231	0.0231	3	0	0.0503
339500	1989	10212	63	90	f	f	0	0	0	0.0404	0.0000	0.0753	0.0753	3	0	0.0404
339764	1902	10219	39	0	f	f	\N	\N	\N	\N	\N	\N	\N	\N	\N	\N
339933	1870	10224	48	90	f	f	0	0	0	0.0000	0.0000	2.2108	2.2108	3	0	0.0000
340178	2143	10230	58	0	f	f	\N	\N	\N	\N	\N	\N	\N	\N	\N	\N
340375	2155	10236	52	0	f	f	\N	\N	\N	\N	\N	\N	\N	\N	\N	\N
340462	2143	10238	58	0	f	f	\N	\N	\N	\N	\N	\N	\N	\N	\N	\N
340555	2143	10241	58	0	f	f	\N	\N	\N	\N	\N	\N	\N	\N	\N	\N
340507	1989	10240	63	90	t	f	0	0	0	0.0269	0.0000	0.1177	0.1177	3	0	0.0269
340575	2155	10241	52	0	f	f	\N	\N	\N	\N	\N	\N	\N	\N	\N	\N
340581	1870	10242	48	90	f	f	0	0	0	0.0000	0.0000	0.0693	0.0693	3	0	0.0000
340895	1989	10250	63	0	f	f	\N	\N	\N	\N	\N	\N	\N	\N	\N	\N
340941	2155	10252	52	90	f	f	0	0	0	0.4670	0.0000	0.5054	0.9724	2	0	0.4670
341188	2143	10258	58	0	f	f	\N	\N	\N	\N	\N	\N	\N	\N	\N	\N
341202	1989	10259	63	0	f	f	\N	\N	\N	\N	\N	\N	\N	\N	\N	\N
341140	1870	10257	48	90	t	f	0	0	0	0.0000	0.0000	0.0000	0.0000	3	0	0.0000
341275	2143	10261	58	79	f	f	0	0	0	0.1582	0.0000	0.0000	0.1582	\N	0	0.1582
341282	1989	10261	63	90	f	f	0	0	0	0.0000	0.0000	0.1672	0.1672	3	0	0.0000
341589	1870	10270	48	90	t	f	0	0	0	0.0000	0.0000	0.1523	0.1523	3	0	0.0000
341554	1870	10269	48	90	f	f	0	0	0	0.0000	0.0000	0.1845	0.1845	3	0	0.0000
341707	2143	10273	58	0	f	f	\N	\N	\N	\N	\N	\N	\N	\N	\N	\N
341661	2155	10272	52	90	f	f	0	0	2	0.0000	0.0393	0.0633	0.0880	5	0	0.0000
341822	1989	10276	63	90	f	f	0	0	1	0.0519	0.1249	0.3775	0.3921	3	0	0.0519
342014	2143	10281	58	0	f	f	\N	\N	\N	\N	\N	\N	\N	\N	\N	\N
342124	1870	10284	48	44	f	f	0	0	0	0.0000	0.0000	0.1089	0.1089	\N	0	0.0000
342304	1902	10289	39	0	f	f	\N	\N	\N	\N	\N	\N	\N	\N	\N	\N
342200	1989	10287	63	90	t	f	0	0	0	0.0948	0.0000	0.0832	0.0832	3	0	0.0948
342219	2155	10287	52	34	f	f	0	0	0	0.0000	0.0000	0.0000	0.0000	5	0	0.0000
342376	2155	10291	52	0	f	f	\N	\N	\N	\N	\N	\N	\N	\N	\N	\N
342446	1870	10293	48	0	f	f	\N	\N	\N	\N	\N	\N	\N	\N	\N	\N
342521	2143	10295	58	0	f	f	\N	\N	\N	\N	\N	\N	\N	\N	\N	\N
342597	1989	10298	63	90	f	f	0	0	0	0.0000	0.0000	0.1355	0.1355	3	0	0.0000
342665	1902	10299	39	0	f	f	\N	\N	\N	\N	\N	\N	\N	\N	\N	\N
342684	1902	10300	39	0	f	f	\N	\N	\N	\N	\N	\N	\N	\N	\N	\N
342717	2143	10301	50	22	f	f	0	0	0	0.0000	0.0000	0.0000	0.0000	\N	0	0.0000
342789	2155	10303	52	0	f	f	\N	\N	\N	\N	\N	\N	\N	\N	\N	\N
342859	4704	10305	45	0	f	f	\N	\N	\N	\N	\N	\N	\N	\N	\N	\N
343064	1870	10310	48	0	f	f	\N	\N	\N	\N	\N	\N	\N	\N	\N	\N
343136	1902	10312	39	0	f	f	\N	\N	\N	\N	\N	\N	\N	\N	\N	\N
343103	1989	10312	63	90	f	f	0	0	0	0.0158	0.0000	0.1854	0.1854	3	0	0.0158
343092	2143	10311	50	81	f	f	1	0	0	0.4458	0.0000	0.0818	0.1639	15	1	0.4458
343311	2155	10317	52	15	t	f	0	0	0	0.0223	0.0000	0.6500	0.6723	\N	0	0.0223
343477	1902	10322	39	0	f	f	\N	\N	\N	\N	\N	\N	\N	\N	\N	\N
343542	2143	10324	50	69	f	f	0	0	0	0.3856	0.0000	0.0000	0.3856	15	0	0.3856
343659	1870	10327	48	0	f	f	\N	\N	\N	\N	\N	\N	\N	\N	\N	\N
343591	1989	10325	63	90	f	t	0	0	0	0.0000	0.0000	0.0000	0.0000	3	0	0.0000
343694	4704	10328	45	0	f	f	\N	\N	\N	\N	\N	\N	\N	\N	\N	\N
343961	1902	10335	39	0	f	f	0	0	0	0.0000	0.0000	0.0000	0.0000	\N	0	0.0000
344055	4704	10338	45	2	f	f	0	0	0	0.3716	0.0000	0.0000	0.3716	\N	0	0.3716
344094	1989	10339	63	90	f	f	0	0	1	0.0196	0.3046	0.5447	0.8493	3	0	0.0196
344231	1902	10343	39	0	f	f	\N	\N	\N	\N	\N	\N	\N	\N	\N	\N
344113	1870	10340	48	90	f	f	0	0	0	0.0000	0.0000	0.0582	0.0582	3	0	0.0000
344384	1870	10347	48	90	f	f	0	0	0	0.0000	0.0000	0.8511	0.8511	3	0	0.0000
344400	1989	10348	63	90	f	f	0	0	0	0.0000	0.0000	1.5734	1.5734	3	0	0.0000
344517	2155	10351	52	0	f	f	\N	\N	\N	\N	\N	\N	\N	\N	\N	\N
344560	1902	10352	39	44	f	f	0	0	0	0.0000	0.0000	0.7272	0.7272	\N	0	0.0000
344529	1870	10351	48	90	f	f	0	0	0	0.0455	0.0000	0.0000	0.0000	3	0	0.0455
344667	2143	10355	50	1	f	f	0	0	0	0.0000	0.0000	0.0000	0.0000	\N	0	0.0000
344798	1989	10359	63	90	f	f	0	1	1	0.0000	0.3379	0.6138	0.9517	3	0	0.0000
344934	2143	10362	50	3	f	f	0	0	1	0.0000	0.4751	0.1806	0.6556	\N	0	0.0000
345085	1870	10367	48	90	f	f	0	0	0	0.0456	0.0000	0.2887	0.2887	3	0	0.0456
345276	1902	10372	39	29	f	f	0	0	0	0.0000	0.0000	0.0000	0.0000	\N	0	0.0000
345391	1870	10375	48	90	t	f	0	0	0	0.0000	0.0000	0.0156	0.0156	3	0	0.0000
345548	1902	10379	39	0	f	f	\N	\N	\N	\N	\N	\N	\N	\N	\N	\N
345638	1870	10382	48	90	f	f	0	0	0	0.0446	0.0000	0.0167	0.0167	3	0	0.0446
345871	1902	10387	39	0	f	f	\N	\N	\N	\N	\N	\N	\N	\N	\N	\N
345914	2155	10388	52	0	f	f	\N	\N	\N	\N	\N	\N	\N	\N	\N	\N
346034	1870	10392	48	90	f	f	0	0	0	0.0654	0.0000	0.0627	0.0627	3	0	0.0654
346187	1902	10395	39	0	f	f	\N	\N	\N	\N	\N	\N	\N	\N	\N	\N
346552	1989	10405	63	90	f	f	0	0	0	0.0420	0.0000	0.3787	0.3787	3	0	0.0420
346730	1870	10409	48	90	f	f	0	0	0	0.0000	0.0000	0.6205	0.6205	3	0	0.0000
346932	1989	10414	63	90	t	f	0	0	0	0.0000	0.0000	0.4888	0.4888	3	0	0.0000
347017	1902	10416	39	90	f	f	0	0	0	0.0000	0.0000	0.0000	0.0000	9	0	0.0000
347160	1870	10420	48	0	f	f	\N	\N	\N	\N	\N	\N	\N	\N	\N	\N
347538	1870	10429	48	0	f	f	\N	\N	\N	\N	\N	\N	\N	\N	\N	\N
347888	1989	10438	63	90	f	f	0	0	0	0.0000	0.0000	0.1321	0.1321	3	0	0.0000
348091	1870	10443	48	90	f	f	0	0	0	0.0000	0.0000	0.5549	0.5549	3	0	0.0000
348148	1989	10445	63	90	f	f	0	0	0	0.0000	0.0000	0.0000	0.0000	3	0	0.0000
348343	4704	10449	45	0	f	f	\N	\N	\N	\N	\N	\N	\N	\N	\N	\N
348723	4704	10459	45	0	f	f	\N	\N	\N	\N	\N	\N	\N	\N	\N	\N
348691	1989	10458	63	60	f	f	0	0	0	0.0000	0.0000	0.0000	0.0000	3	0	0.0000
348782	2155	10460	52	2	f	f	0	0	0	0.0000	0.0000	0.0000	0.0000	\N	0	0.0000
348921	2155	10464	52	0	f	f	\N	\N	\N	\N	\N	\N	\N	\N	\N	\N
348867	1989	10463	63	90	f	f	0	0	0	0.0374	0.0000	0.0992	0.0992	3	0	0.0374
349143	1902	10469	39	0	f	f	\N	\N	\N	\N	\N	\N	\N	\N	\N	\N
349177	1870	10470	48	0	f	f	0	0	0	0.0000	0.0000	0.0000	0.0000	\N	0	0.0000
352802	1870	10571	48	90	f	f	\N	\N	\N	\N	\N	\N	\N	\N	\N	\N
353160	1870	10581	48	0	f	f	\N	\N	\N	\N	\N	\N	\N	\N	\N	\N
353761	1870	10598	48	90	f	f	\N	\N	\N	\N	\N	\N	\N	\N	\N	\N
353971	2155	10603	52	0	f	f	\N	\N	\N	\N	\N	\N	\N	\N	\N	\N
354643	1870	10622	48	90	f	f	\N	\N	\N	\N	\N	\N	\N	\N	\N	\N
354876	1870	10629	48	90	f	f	\N	\N	\N	\N	\N	\N	\N	\N	\N	\N
355123	2155	10635	52	18	f	f	\N	\N	\N	\N	\N	\N	\N	\N	\N	\N
355562	2155	10648	52	90	f	f	\N	\N	\N	\N	\N	\N	\N	\N	\N	\N
355810	1870	10654	48	0	f	f	\N	\N	\N	\N	\N	\N	\N	\N	\N	\N
356028	1870	10661	48	90	f	f	\N	\N	\N	\N	\N	\N	\N	\N	\N	\N
356075	2155	10662	52	0	f	f	\N	\N	\N	\N	\N	\N	\N	\N	\N	\N
356468	2155	10672	52	90	t	f	\N	\N	\N	\N	\N	\N	\N	\N	\N	\N
443171	1989	16617	63	90	f	f	\N	\N	\N	\N	\N	\N	\N	\N	\N	\N
443586	4704	16629	45	90	f	f	\N	\N	\N	\N	\N	\N	\N	\N	\N	\N
444073	4704	16642	45	90	t	f	\N	\N	\N	\N	\N	\N	\N	\N	\N	\N
447079	1989	16726	63	31	f	f	\N	\N	\N	\N	\N	\N	\N	\N	\N	\N
447529	1989	16738	63	90	f	f	\N	\N	\N	\N	\N	\N	\N	\N	\N	\N
448140	4704	16755	45	81	f	f	\N	\N	\N	\N	\N	\N	\N	\N	\N	\N
448391	1989	16762	63	90	f	f	\N	\N	\N	\N	\N	\N	\N	\N	\N	\N
448950	1989	16778	63	90	f	f	\N	\N	\N	\N	\N	\N	\N	\N	\N	\N
48612	1766	13497	41	9	f	f	0	0	0	0.0000	0.0000	0.0000	0.0000	3	0	0.0000
47982	1766	13480	41	90	f	f	0	0	3	0.0360	0.1166	0.4192	0.5179	3	0	0.0360
47371	1766	13463	41	90	f	f	0	0	0	0.0418	0.0000	1.0371	1.0371	3	0	0.0418
378865	1766	11262	163	16	f	f	0	0	0	0.0000	0.0000	0.0730	0.0730	\N	0	0.0000
378020	1766	11241	163	82	f	f	0	0	0	0.3777	0.0000	0.0836	0.1915	6	0	0.3777
377761	1766	11234	163	77	f	f	0	0	0	0.0000	0.0000	0.0306	0.0306	6	0	0.0000
377225	1766	11221	163	90	t	f	0	0	0	0.3719	0.0000	0.2659	0.3611	6	0	0.3719
376826	1766	11211	163	75	f	f	0	0	1	0.0000	0.0167	0.0000	0.0167	9	0	0.0000
376527	1766	11203	163	90	f	f	0	0	0	0.0547	0.0000	0.0441	0.0441	3	0	0.0547
376186	1766	11195	163	90	f	f	0	0	0	0.0863	0.0000	0.3122	0.3985	3	0	0.0863
375928	1766	11188	163	90	f	f	0	0	0	0.0640	0.0000	0.0000	0.0000	9	0	0.0640
375512	1766	11178	163	90	f	f	1	0	0	0.5285	0.0000	0.0000	0.0000	9	1	0.5285
374719	1766	11158	163	90	f	f	0	0	2	0.1105	0.1473	0.0000	0.2578	3	0	0.1105
374422	1766	11150	163	90	f	f	0	0	2	0.2341	0.1507	0.1798	0.3305	3	0	0.2341
374163	1766	11144	163	28	f	f	0	0	0	0.0000	0.0000	0.2912	0.2912	3	0	0.0000
373941	1766	11138	163	90	f	f	0	0	1	0.0000	0.0959	0.0000	0.0959	3	0	0.0000
373411	1766	11125	163	90	f	f	0	0	2	0.4779	0.4449	0.3378	0.7916	3	0	0.4779
373076	1766	11116	163	90	f	f	0	0	0	0.0000	0.0000	0.0000	0.0000	3	0	0.0000
372678	1766	11106	163	90	f	f	0	0	0	0.0870	0.0000	0.0000	0.0726	6	0	0.0870
372507	1766	11102	163	90	f	f	0	0	2	0.0000	0.1104	0.7569	0.7953	9	0	0.0000
371972	1766	11088	163	90	f	f	0	0	0	0.3894	0.0000	0.1083	0.2102	3	0	0.3894
371637	1766	11080	163	90	f	f	0	0	0	0.0000	0.0000	0.0548	0.0548	3	0	0.0000
371419	1766	11074	163	90	t	f	0	0	0	0.5564	0.0000	0.0298	0.0298	9	0	0.5564
370982	1766	11063	163	90	f	f	0	0	0	0.0000	0.0000	0.0000	0.0000	3	0	0.0000
370767	1766	11058	163	90	f	f	0	0	0	0.0080	0.0000	0.1364	0.1364	9	0	0.0080
370234	1766	11044	163	90	f	f	0	0	0	0.0293	0.0000	0.1865	0.2158	9	0	0.0293
369902	1766	11036	163	90	f	f	0	0	0	0.0000	0.0000	0.1104	0.1104	3	0	0.0000
369565	1766	11027	163	90	f	f	0	0	0	0.0577	0.0000	0.0690	0.1267	3	0	0.0577
369151	1766	11017	163	90	f	f	0	0	0	0.0000	0.0000	0.2849	0.2849	3	0	0.0000
368973	1766	11012	163	90	f	f	0	0	0	0.0000	0.0000	0.1273	0.1273	3	0	0.0000
368486	1766	11000	163	90	f	f	0	0	0	0.6183	0.0000	0.1134	0.1134	3	0	0.6183
368266	1766	10994	163	90	t	f	0	0	0	0.0164	0.0000	0.1410	0.1410	3	0	0.0164
367774	1766	10982	163	90	f	f	0	0	2	0.0212	0.3213	0.0661	0.4086	6	0	0.0212
367481	1766	10974	163	90	f	f	0	0	0	0.0000	0.0000	0.0427	0.0427	3	0	0.0000
367067	1766	10964	163	90	f	f	0	0	0	0.1102	0.0000	0.0574	0.0574	3	0	0.1102
209222	1766	7784	163	90	f	f	0	0	0	0.0000	0.0000	0.4321	0.4321	3	0	0.0000
208809	1766	7772	163	90	f	f	0	0	0	0.0424	0.0000	0.0000	0.0424	9	0	0.0424
208611	1766	7767	163	90	f	f	0	0	0	0.0000	0.0000	0.0000	0.0000	3	0	0.0000
207092	1766	7724	163	7	f	f	0	0	0	0.0000	0.0000	0.0269	0.0269	\N	0	0.0000
204940	1766	7665	163	90	t	f	0	0	0	0.0000	0.0000	0.0131	0.0131	6	0	0.0000
204775	1766	7660	163	90	f	f	0	0	0	0.0000	0.0000	0.5478	0.5478	9	0	0.0000
204255	1766	7646	163	90	f	f	0	0	1	0.3751	0.0564	0.0168	0.0733	6	0	0.3751
203877	1766	7635	163	90	f	f	0	0	0	0.0000	0.0000	0.1338	0.1338	3	0	0.0000
203592	1766	7627	163	90	t	f	0	0	0	0.0000	0.0000	0.0915	0.0915	9	0	0.0000
203429	1766	7623	163	90	f	f	0	0	0	0.0000	0.0000	0.2575	0.2575	3	0	0.0000
202978	1766	7610	163	90	f	f	0	0	0	0.0000	0.0000	0.0173	0.0173	6	0	0.0000
202670	1766	7602	163	90	f	f	0	0	0	0.0418	0.0000	0.0450	0.0868	6	0	0.0418
202258	1766	7590	163	90	f	f	0	0	0	0.0000	0.0000	0.0000	0.0000	3	0	0.0000
202132	1766	7587	163	90	f	f	0	0	0	0.1074	0.0000	0.0959	0.0959	3	0	0.1074
201700	1766	7575	163	90	f	f	0	0	2	0.3734	0.0278	0.0300	0.0435	9	0	0.3734
201322	1766	7564	163	90	f	f	0	0	0	0.0131	0.0000	0.3530	0.3661	9	0	0.0131
200908	1766	7553	163	90	f	f	0	0	0	0.0000	0.0000	0.1511	0.1511	9	0	0.0000
200854	1766	7551	163	90	f	f	1	0	0	0.0134	0.0000	0.0709	0.0843	6	1	0.0134
200476	1766	7541	163	90	f	f	0	0	1	0.0000	0.2925	0.2925	0.2925	6	0	0.0000
200239	1766	7534	163	90	f	f	0	0	0	0.0321	0.0000	0.0836	0.0836	9	0	0.0321
199718	1766	7520	163	90	t	f	0	0	1	0.0722	0.0265	0.0364	0.0364	9	0	0.0722
199414	1766	7511	163	90	f	f	0	0	0	0.0146	0.0000	0.0192	0.0338	9	0	0.0146
199265	1766	7507	163	0	f	f	0	0	0	0.0000	0.0000	0.0000	0.0000	\N	0	0.0000
198815	1766	7494	163	1	f	f	0	0	0	0.0000	0.0000	0.0000	0.0000	\N	0	0.0000
55994	1870	15364	48	90	f	f	0	0	0	0.0000	0.0000	0.0000	0.0000	3	0	0.0000
54580	1870	13650	48	90	f	f	0	0	0	0.0000	0.0000	1.2307	1.2307	3	0	0.0000
52614	1870	13600	48	46	f	f	0	0	0	0.0000	0.0000	0.0000	0.0000	3	0	0.0000
51163	1870	13564	48	90	f	f	0	0	0	0.0000	0.0000	1.1750	1.1750	3	0	0.0000
45407	1870	13408	48	90	f	f	0	0	0	0.0000	0.0000	0.3985	0.3985	3	0	0.0000
348469	1870	10453	48	90	t	f	0	0	0	0.0000	0.0000	0.1304	0.1304	3	0	0.0000
347869	1870	10438	48	90	f	f	0	0	0	0.0000	0.0000	0.2805	0.2805	3	0	0.0000
342925	1870	10307	48	90	f	f	0	0	0	0.0000	0.0000	0.0955	0.0955	3	0	0.0000
340310	1870	10234	48	90	f	f	0	0	0	0.0000	0.0000	0.0000	0.0000	3	0	0.0000
339085	1870	10200	48	90	f	f	0	0	0	0.0000	0.0000	0.0216	0.0216	3	0	0.0000
336190	1870	10120	48	90	f	f	0	0	0	0.0000	0.0000	0.0719	0.0719	3	0	0.0000
176194	1870	6866	48	90	f	f	0	0	1	0.0000	0.0711	0.3434	0.3434	3	0	0.0000
173782	1870	6799	48	90	f	f	0	0	1	0.0000	0.0147	0.1593	0.1593	3	0	0.0000
167013	1870	6611	48	11	f	f	0	0	0	0.0000	0.0000	0.0000	0.0000	\N	0	0.0000
164594	1870	6544	48	90	f	f	0	0	0	0.0372	0.0000	0.3928	0.3928	3	0	0.0372
50796	1902	13554	39	80	f	f	0	0	0	0.0000	0.0000	0.1507	0.1507	5	0	0.0000
47582	1902	13468	39	28	f	f	0	0	1	0.0000	0.0559	0.0000	0.0559	\N	0	0.0000
46853	1902	13448	39	90	f	f	0	0	0	0.0782	0.0000	0.2500	0.3281	5	0	0.0782
45753	1902	13418	39	90	f	f	0	0	2	0.1108	0.5894	0.5089	0.6196	9	0	0.1108
348512	1902	10454	39	60	f	f	0	0	0	0.0572	0.0000	0.0000	0.0000	9	0	0.0572
348254	1902	10447	39	46	f	f	0	0	0	0.0000	0.0000	0.0000	0.0000	9	0	0.0000
347712	1902	10434	39	90	f	f	0	0	2	0.0463	0.1860	0.1288	0.2355	9	0	0.0463
347355	1902	10425	39	90	f	f	0	0	1	0.0918	0.0640	0.0000	0.0000	9	0	0.0918
346716	1902	10409	39	90	f	f	0	0	2	0.0000	0.1125	0.7325	0.8450	9	0	0.0000
341437	1902	10265	39	37	f	f	0	0	1	0.0000	0.3982	0.0000	0.3982	\N	0	0.0000
340990	1902	10253	39	0	f	f	0	0	0	0.0000	0.0000	0.0000	0.0000	\N	0	0.0000
337085	1902	10144	39	7	f	f	0	0	0	0.0000	0.0000	0.0000	0.0000	\N	0	0.0000
55736	1989	13679	63	90	f	f	0	0	0	0.0000	0.0000	0.4094	0.4094	3	0	0.0000
54201	1989	13640	63	8	f	f	0	0	0	0.0000	0.0000	0.0000	0.0000	\N	0	0.0000
53665	1989	13627	63	90	f	f	0	0	1	0.0000	0.4337	0.6163	0.6163	3	0	0.0000
52653	1989	13601	63	90	f	t	0	0	0	0.0000	0.0000	0.0386	0.0386	3	0	0.0000
51203	1989	13565	63	90	t	f	0	0	0	0.0000	0.0000	0.0000	0.0000	3	0	0.0000
49631	1989	13525	63	90	f	f	0	0	0	0.0459	0.0000	0.2451	0.2451	3	0	0.0459
46419	1989	13436	63	90	f	f	0	0	0	0.0811	0.0000	0.0469	0.0469	3	0	0.0811
347273	1989	10423	63	90	f	f	0	0	0	0.1140	0.0000	0.5042	0.5042	3	0	0.1140
345589	1989	10380	63	66	f	t	0	0	0	0.0000	0.0000	0.0000	0.0000	\N	0	0.0000
345229	1989	10371	63	90	f	f	0	0	0	0.0000	0.0000	0.3905	0.3905	3	0	0.0000
342725	1989	10301	63	90	f	f	0	0	0	0.0621	0.0000	0.4341	0.4341	3	0	0.0621
340095	1989	10228	63	90	f	f	0	0	0	0.0381	0.0000	0.0921	0.0921	3	0	0.0381
338367	1989	10180	63	90	f	f	0	0	0	0.0000	0.0000	0.0376	0.0376	3	0	0.0000
175600	1989	6850	52	90	f	f	0	0	0	0.0181	0.0000	0.3876	0.4057	3	0	0.0181
175184	1989	6838	52	90	f	f	0	0	1	0.0000	0.1071	0.0000	0.1071	3	0	0.0000
174553	1989	6821	52	90	f	f	0	0	0	0.0649	0.0000	0.8757	0.8757	3	0	0.0649
171686	1989	6741	52	90	f	f	0	0	0	0.0000	0.0000	0.0784	0.0784	3	0	0.0000
170947	1989	6721	52	90	f	f	0	1	2	0.1533	0.6198	0.3271	0.6198	3	0	0.1533
170245	1989	6701	52	90	f	f	0	1	1	0.0000	0.3176	0.0867	0.4042	3	0	0.0000
169958	1989	6693	52	90	f	f	0	0	1	0.0000	0.0000	0.3978	0.3978	3	0	0.0000
167381	1989	6622	52	90	f	f	0	0	2	0.0306	0.0210	0.2742	0.2742	3	0	0.0306
167059	1989	6613	52	90	f	f	0	0	1	0.2422	0.0139	0.2268	0.2407	3	0	0.2422
166643	1989	6601	52	90	f	f	0	0	0	0.0419	0.0000	0.3285	0.3285	3	0	0.0419
165583	1989	6572	52	90	f	f	0	0	1	0.0000	0.2944	0.5626	0.5626	3	0	0.0000
165276	1989	6563	52	90	f	f	0	0	1	0.3366	0.3862	0.1660	0.1660	3	0	0.3366
164285	1989	6536	52	90	f	f	0	0	1	0.0000	0.0361	0.2044	0.2405	3	0	0.0000
163295	1989	6508	52	90	t	f	0	0	0	0.0000	0.0000	0.0543	0.0543	3	0	0.0000
50665	2143	13551	58	11	f	f	0	0	0	0.0000	0.0000	0.0000	0.0000	\N	0	0.0000
47256	2143	13459	58	21	t	f	0	0	1	0.0000	0.0741	0.0340	0.1081	\N	0	0.0000
339542	2143	10213	58	90	f	f	0	0	1	0.1807	0.0494	0.0000	0.1648	15	0	0.1807
339309	2143	10206	58	74	f	f	0	0	2	0.2625	0.0858	0.0000	0.2996	15	0	0.2625
337067	2143	10144	58	35	f	f	0	0	1	0.0672	0.0125	0.0000	0.0797	\N	0	0.0672
175954	2143	6859	58	17	f	f	0	0	1	0.1361	0.0636	0.0000	0.1998	\N	0	0.1361
174983	2143	6832	58	6	f	f	0	0	0	0.0598	0.0000	0.0000	0.0598	\N	0	0.0598
173556	2143	6793	58	16	f	f	0	0	0	0.0319	0.0000	0.0000	0.0000	\N	0	0.0319
172190	2143	6755	58	10	f	f	0	0	0	0.0000	0.0000	0.0000	0.0000	\N	0	0.0000
169626	2143	6684	58	7	f	f	0	0	0	0.0000	0.0000	0.0419	0.0419	\N	0	0.0000
164905	2143	6553	58	69	f	f	0	0	0	0.4773	0.0000	0.0805	0.5578	15	0	0.4773
47798	2155	13474	52	8	f	f	0	0	0	0.0000	0.0000	0.0000	0.0000	\N	0	0.0000
343572	2155	10325	52	90	t	f	0	0	5	0.0533	0.2993	0.6937	0.8110	2	0	0.0533
339896	2155	10223	52	90	f	f	0	0	3	0.0157	0.5466	0.3954	0.4265	2	0	0.0157
339734	2155	10218	52	59	f	f	0	0	0	0.0308	0.0000	0.3375	0.3683	2	0	0.0308
339139	2155	10202	52	90	t	f	0	0	1	0.0486	0.0000	0.7839	0.7839	2	0	0.0486
335918	2155	10112	52	90	f	f	0	0	4	0.0941	0.3861	0.6081	0.7330	2	0	0.0941
175603	2155	6850	52	90	f	f	0	0	2	0.0189	0.1269	0.4416	0.4605	2	0	0.0189
171689	2155	6741	52	90	f	f	0	0	0	0.0000	0.0000	0.1164	0.1164	2	0	0.0000
169970	2155	6693	52	5	f	f	0	0	0	0.0000	0.0000	0.1053	0.1053	\N	0	0.0000
467500	1870	17246	48	73	f	f	\N	\N	\N	\N	\N	\N	\N	\N	\N	\N
469287	1870	17296	48	90	f	f	\N	\N	\N	\N	\N	\N	\N	\N	\N	\N
470457	1870	17329	48	90	f	f	\N	\N	\N	\N	\N	\N	\N	\N	\N	\N
470677	1989	17334	63	90	f	f	\N	\N	\N	\N	\N	\N	\N	\N	\N	\N
471165	1870	17346	48	90	f	f	\N	\N	\N	\N	\N	\N	\N	\N	\N	\N
471561	4704	17355	183	90	f	f	\N	\N	\N	\N	\N	\N	\N	\N	\N	\N
471584	4704	17356	183	90	f	f	\N	\N	\N	\N	\N	\N	\N	\N	\N	\N
471769	1870	17360	48	90	f	f	\N	\N	\N	\N	\N	\N	\N	\N	\N	\N
472674	1870	17381	48	0	f	f	\N	\N	\N	\N	\N	\N	\N	\N	\N	\N
473119	4704	17392	183	90	f	f	\N	\N	\N	\N	\N	\N	\N	\N	\N	\N
473493	1989	17401	63	90	t	f	\N	\N	\N	\N	\N	\N	\N	\N	\N	\N
473647	4704	17404	183	90	f	f	\N	\N	\N	\N	\N	\N	\N	\N	\N	\N
474052	1989	17414	63	46	f	f	\N	\N	\N	\N	\N	\N	\N	\N	\N	\N
474157	1870	17417	48	90	f	f	\N	\N	\N	\N	\N	\N	\N	\N	\N	\N
474178	2238	17417	48	8	f	f	\N	\N	\N	\N	\N	\N	\N	\N	\N	\N
474665	4704	17429	183	90	f	f	\N	\N	\N	\N	\N	\N	\N	\N	\N	\N
474804	1870	17432	48	90	f	f	\N	\N	\N	\N	\N	\N	\N	\N	\N	\N
474815	2238	17432	48	0	f	f	\N	\N	\N	\N	\N	\N	\N	\N	\N	\N
476168	4704	17464	183	90	f	f	\N	\N	\N	\N	\N	\N	\N	\N	\N	\N
476267	1870	17468	48	90	t	f	\N	\N	\N	\N	\N	\N	\N	\N	\N	\N
476281	2238	17468	48	0	f	f	\N	\N	\N	\N	\N	\N	\N	\N	\N	\N
476659	1870	17477	48	0	f	f	\N	\N	\N	\N	\N	\N	\N	\N	\N	\N
476660	2238	17477	48	0	f	f	\N	\N	\N	\N	\N	\N	\N	\N	\N	\N
476751	4704	17479	183	13	f	f	\N	\N	\N	\N	\N	\N	\N	\N	\N	\N
476990	1989	17485	63	90	f	f	\N	\N	\N	\N	\N	\N	\N	\N	\N	\N
477270	2238	17492	48	9	f	f	\N	\N	\N	\N	\N	\N	\N	\N	\N	\N
477300	1989	17493	63	90	f	f	\N	\N	\N	\N	\N	\N	\N	\N	\N	\N
477685	4704	17502	183	90	f	f	\N	\N	\N	\N	\N	\N	\N	\N	\N	\N
478051	4704	17510	183	90	f	f	\N	\N	\N	\N	\N	\N	\N	\N	\N	\N
478175	1989	17513	63	90	f	f	\N	\N	\N	\N	\N	\N	\N	\N	\N	\N
478196	1870	17514	48	90	t	f	\N	\N	\N	\N	\N	\N	\N	\N	\N	\N
478325	1989	17517	63	90	f	f	\N	\N	\N	\N	\N	\N	\N	\N	\N	\N
478389	1870	17518	48	90	f	f	\N	\N	\N	\N	\N	\N	\N	\N	\N	\N
478400	2238	17518	48	0	f	f	\N	\N	\N	\N	\N	\N	\N	\N	\N	\N
478553	4704	17522	183	25	t	f	\N	\N	\N	\N	\N	\N	\N	\N	\N	\N
94831	4704	14638	183	90	f	f	0	0	1	0.0000	0.0341	0.3821	0.4161	4	0	0.0000
90074	4704	14532	183	36	t	f	0	0	0	0.0000	0.0000	0.0000	0.0000	\N	0	0.0000
344468	4704	10349	45	0	f	f	0	0	0	0.0000	0.0000	0.0000	0.0000	\N	0	0.0000
343389	4704	10319	45	3	f	f	0	0	0	0.0000	0.0000	0.0000	0.0000	\N	0	0.0000
338004	4704	10170	45	60	f	f	0	0	0	0.0000	0.0000	0.0188	0.0188	4	0	0.0000
176610	4704	6878	45	74	f	f	0	0	1	0.0475	0.2234	0.1297	0.1772	4	0	0.0475
173924	4704	6803	45	71	f	f	0	0	1	0.0466	0.0486	0.0642	0.1444	10	0	0.0466
173304	4704	6786	45	38	f	f	0	1	2	0.0316	0.2504	0.2504	0.2504	\N	0	0.0316
172231	4704	6756	45	90	f	f	0	0	1	0.0330	0.0730	0.0547	0.1606	4	0	0.0330
171202	4704	6728	45	90	f	f	0	1	2	0.0229	0.1254	0.8681	0.9204	2	0	0.0229
171048	4704	6723	45	7	f	f	0	0	0	0.0000	0.0000	0.0000	0.0000	\N	0	0.0000
168644	4704	6657	45	90	t	f	0	0	3	0.0179	0.9625	0.1800	0.5587	4	0	0.0179
168499	4704	6653	45	90	f	f	0	0	1	0.0000	0.0324	0.0327	0.0651	10	0	0.0000
173512	7288	6792	49	62	t	f	0	0	0	0.0000	0.0000	0.0000	0.0000	6	0	0.0000
167125	7288	6614	49	44	f	f	0	0	0	0.0000	0.0000	0.0000	0.0000	\N	0	0.0000
166415	7288	6595	49	90	f	f	0	0	2	0.0000	0.0649	0.0751	0.1244	6	0	0.0000
164145	7288	6532	49	90	f	f	0	0	1	0.0274	0.0169	0.1856	0.1856	9	0	0.0274
163244	7288	6507	49	90	t	f	0	0	0	0.0138	0.0000	0.1332	0.1470	9	0	0.0138
493346	4704	17871	183	0	f	f	\N	\N	\N	\N	\N	\N	\N	\N	\N	\N
492866	1902	17858	39	90	f	f	1	0	0	0.6212	0.0000	0.1179	0.7391	5	1	0.6212
492851	1766	17858	41	0	f	f	0	0	0	0.0000	0.0000	0.0000	0.0000	\N	0	0.0000
494956	2238	17907	48	0	f	f	\N	\N	\N	\N	\N	\N	\N	\N	\N	\N
494949	1870	17907	48	90	f	f	0	0	0	0.0000	0.0000	0.3664	0.3664	3	0	0.0000
496384	2155	18101	52	0	f	f	\N	\N	\N	\N	\N	\N	\N	\N	\N	\N
497614	1766	18023	41	27	f	f	0	0	0	0.0000	0.0000	0.0000	0.0000	\N	0	0.0000
498001	4704	18244	183	0	f	f	0	1	1	0.0000	0.4299	0.0000	0.4299	\N	0	0.0000
498868	1902	18029	39	90	f	f	0	0	1	0.0000	0.0988	0.0951	0.1940	5	0	0.0000
500572	2155	18103	52	0	f	f	\N	\N	\N	\N	\N	\N	\N	\N	\N	\N
501456	1870	18032	48	0	f	f	\N	\N	\N	\N	\N	\N	\N	\N	\N	\N
501528	1902	18035	39	75	f	f	0	0	0	0.0152	0.0000	0.0472	0.0625	9	0	0.0152
502892	4704	18257	183	28	f	f	0	0	0	0.0000	0.0000	0.0000	0.0000	\N	0	0.0000
503721	1766	18038	41	0	f	f	\N	\N	\N	\N	\N	\N	\N	\N	\N	\N
503953	2155	18039	52	0	f	f	\N	\N	\N	\N	\N	\N	\N	\N	\N	\N
504468	1870	18040	48	0	f	f	\N	\N	\N	\N	\N	\N	\N	\N	\N	\N
504696	4704	18264	183	90	f	f	0	0	2	0.1200	0.1282	0.2222	0.4217	2	0	0.1200
506588	1902	18046	39	81	f	f	0	0	2	0.0000	0.0637	0.0281	0.0637	12	0	0.0000
507595	1766	18048	41	13	f	f	0	0	0	0.0000	0.0000	0.0000	0.0000	\N	0	0.0000
509003	4704	18282	183	21	f	f	0	0	0	0.0000	0.0000	0.0329	0.0329	\N	0	0.0000
509334	2155	18794	52	0	f	f	\N	\N	\N	\N	\N	\N	\N	\N	\N	\N
509633	1989	18799	63	0	f	f	\N	\N	\N	\N	\N	\N	\N	\N	\N	\N
510465	4704	18285	183	90	f	f	0	0	2	0.1549	0.1377	0.7221	0.8665	4	0	0.1549
510258	1766	18060	41	90	f	f	0	0	0	0.0000	0.0000	0.0728	0.0728	6	0	0.0000
511343	1870	18053	48	0	f	f	\N	\N	\N	\N	\N	\N	\N	\N	\N	\N
511358	1902	18053	39	90	f	f	0	0	0	0.2001	0.0000	0.1247	0.3247	12	0	0.2001
511312	1989	18051	63	53	f	f	0	0	0	0.1022	0.0000	0.5745	0.5745	3	0	0.1022
\.
